label,x0,x1,x2,x3,x4,x5,x6,x7,x8,x9,x10,x11,x12,x13,x14,x15,x16,x17,x18,x19,x20,y0,y1,y2,y3,y4,y5,y6,y7,y8,y9,y10,y11,y12,y13,y14,y15,y16,y17,y18,y19,y20
a,0.0,0.0,0.32653061224489793,0.030612244897959183,0.6632653061224489,-0.07142857142857142,0.8979591836734694,-0.22448979591836735,1.0,-0.3877551020408163,0.6122448979591837,-0.46938775510204084,0.7040816326530612,-0.673469387755102,0.5918367346938775,-0.47959183673469385,0.5408163265306123,-0.37755102040816324,0.4387755102040816,-0.5612244897959183,0.5102040816326531,-0.7653061224489796,0.40816326530612246,-0.5,0.40816326530612246,-0.42857142857142855,0.2755102040816326,-0.6122448979591837,0.32653061224489793,-0.7959183673469388,0.25510204081632654,-0.5510204081632653,0.25510204081632654,-0.46938775510204084,0.09183673469387756,-0.6428571428571429,0.1326530612244898,-0.7857142857142857,0.11224489795918367,-0.6224489795918368,0.10204081632653061,-0.5408163265306123
a,0.0,0.0,0.40229885057471265,-0.08045977011494253,0.7241379310344828,-0.3218390804597701,0.9195402298850575,-0.5747126436781609,0.9655172413793104,-0.7701149425287356,0.5402298850574713,-0.7011494252873564,0.5517241379310345,-0.9770114942528736,0.4827586206896552,-0.7241379310344828,0.47126436781609193,-0.5977011494252874,0.3218390804597701,-0.735632183908046,0.3218390804597701,-1.0,0.28735632183908044,-0.6781609195402298,0.3218390804597701,-0.6091954022988506,0.11494252873563218,-0.735632183908046,0.11494252873563218,-0.9655172413793104,0.10344827586206896,-0.6781609195402298,0.13793103448275862,-0.5977011494252874,-0.09195402298850575,-0.7126436781609196,-0.10344827586206896,-0.896551724137931,-0.09195402298850575,-0.7126436781609196,-0.06896551724137931,-0.6206896551724138
a,0.0,0.0,0.41379310344827586,-0.09195402298850575,0.7241379310344828,-0.3333333333333333,0.9195402298850575,-0.5747126436781609,0.9655172413793104,-0.7586206896551724,0.5402298850574713,-0.7126436781609196,0.5517241379310345,-0.9885057471264368,0.4942528735632184,-0.7241379310344828,0.47126436781609193,-0.5977011494252874,0.3333333333333333,-0.7471264367816092,0.3333333333333333,-1.0,0.2988505747126437,-0.6781609195402298,0.3333333333333333,-0.6091954022988506,0.11494252873563218,-0.735632183908046,0.12643678160919541,-0.9655172413793104,0.11494252873563218,-0.6781609195402298,0.13793103448275862,-0.5977011494252874,-0.09195402298850575,-0.7126436781609196,-0.09195402298850575,-0.896551724137931,-0.06896551724137931,-0.7011494252873564,-0.05747126436781609,-0.6206896551724138
a,0.0,0.0,0.4235294117647059,-0.08235294117647059,0.7529411764705882,-0.3176470588235294,0.9529411764705882,-0.5647058823529412,1.0,-0.7529411764705882,0.5647058823529412,-0.7058823529411765,0.5764705882352941,-0.9882352941176471,0.5058823529411764,-0.7176470588235294,0.49411764705882355,-0.6,0.3411764705882353,-0.7411764705882353,0.3411764705882353,-1.0,0.29411764705882354,-0.6705882352941176,0.3411764705882353,-0.611764705882353,0.12941176470588237,-0.7411764705882353,0.12941176470588237,-0.9647058823529412,0.11764705882352941,-0.6823529411764706,0.15294117647058825,-0.6,-0.07058823529411765,-0.7058823529411765,-0.09411764705882353,-0.8941176470588236,-0.07058823529411765,-0.7058823529411765,-0.047058823529411764,-0.6235294117647059
a,0.0,0.0,0.4069767441860465,-0.08139534883720931,0.7325581395348837,-0.313953488372093,0.9302325581395349,-0.5581395348837209,0.9767441860465116,-0.7441860465116279,0.5581395348837209,-0.6976744186046512,0.5697674418604651,-0.9767441860465116,0.5,-0.7209302325581395,0.4883720930232558,-0.5813953488372093,0.3488372093023256,-0.7325581395348837,0.3372093023255814,-1.0,0.29069767441860467,-0.6744186046511628,0.3372093023255814,-0.6046511627906976,0.13953488372093023,-0.7441860465116279,0.12790697674418605,-0.9651162790697675,0.11627906976744186,-0.6744186046511628,0.1511627906976744,-0.6046511627906976,-0.06976744186046512,-0.7093023255813954,-0.09302325581395349,-0.8953488372093024,-0.06976744186046512,-0.7093023255813954,-0.046511627906976744,-0.627906976744186
a,0.0,0.0,0.4117647058823529,-0.08235294117647059,0.7411764705882353,-0.3058823529411765,0.9529411764705882,-0.5411764705882353,1.0,-0.7294117647058823,0.5647058823529412,-0.6941176470588235,0.5882352941176471,-0.9647058823529412,0.5058823529411764,-0.6941176470588235,0.5058823529411764,-0.5647058823529412,0.35294117647058826,-0.7294117647058823,0.35294117647058826,-0.9882352941176471,0.3058823529411765,-0.6470588235294118,0.35294117647058826,-0.5882352941176471,0.1411764705882353,-0.7294117647058823,0.1411764705882353,-0.9529411764705882,0.12941176470588237,-0.6588235294117647,0.15294117647058825,-0.5764705882352941,-0.07058823529411765,-0.7058823529411765,-0.08235294117647059,-0.8823529411764706,-0.058823529411764705,-0.6823529411764706,-0.03529411764705882,-0.611764705882353
a,0.0,0.0,0.4069767441860465,-0.06976744186046512,0.7209302325581395,-0.313953488372093,0.9302325581395349,-0.5581395348837209,0.9767441860465116,-0.7441860465116279,0.5465116279069767,-0.686046511627907,0.5581395348837209,-0.9767441860465116,0.5,-0.7209302325581395,0.4883720930232558,-0.5813953488372093,0.3372093023255814,-0.7325581395348837,0.32558139534883723,-1.0,0.29069767441860467,-0.6744186046511628,0.3372093023255814,-0.6046511627906976,0.13953488372093023,-0.7325581395348837,0.12790697674418605,-0.9767441860465116,0.11627906976744186,-0.686046511627907,0.1511627906976744,-0.5930232558139535,-0.06976744186046512,-0.7093023255813954,-0.09302325581395349,-0.9069767441860465,-0.06976744186046512,-0.7209302325581395,-0.05813953488372093,-0.627906976744186
a,0.0,0.0,0.39080459770114945,-0.09195402298850575,0.7011494252873564,-0.3103448275862069,0.9080459770114943,-0.5517241379310345,0.9540229885057471,-0.7471264367816092,0.5172413793103449,-0.6896551724137931,0.5402298850574713,-0.9770114942528736,0.47126436781609193,-0.7126436781609196,0.45977011494252873,-0.5862068965517241,0.3103448275862069,-0.7241379310344828,0.3103448275862069,-1.0,0.27586206896551724,-0.6781609195402298,0.3103448275862069,-0.6091954022988506,0.10344827586206896,-0.735632183908046,0.11494252873563218,-0.9770114942528736,0.10344827586206896,-0.6896551724137931,0.12643678160919541,-0.5977011494252874,-0.10344827586206896,-0.7011494252873564,-0.10344827586206896,-0.896551724137931,-0.08045977011494253,-0.7011494252873564,-0.06896551724137931,-0.6091954022988506
a,0.0,0.0,0.3953488372093023,-0.08139534883720931,0.7093023255813954,-0.313953488372093,0.9186046511627907,-0.5697674418604651,0.9767441860465116,-0.7558139534883721,0.5348837209302325,-0.6976744186046512,0.5465116279069767,-0.9883720930232558,0.4883720930232558,-0.7209302325581395,0.47674418604651164,-0.5930232558139535,0.32558139534883723,-0.7325581395348837,0.313953488372093,-1.0,0.29069767441860467,-0.686046511627907,0.32558139534883723,-0.6046511627906976,0.11627906976744186,-0.7325581395348837,0.11627906976744186,-0.9767441860465116,0.10465116279069768,-0.686046511627907,0.13953488372093023,-0.5930232558139535,-0.09302325581395349,-0.7093023255813954,-0.10465116279069768,-0.9069767441860465,-0.09302325581395349,-0.7093023255813954,-0.06976744186046512,-0.6162790697674418
a,0.0,0.0,0.3953488372093023,-0.08139534883720931,0.7093023255813954,-0.313953488372093,0.8953488372093024,-0.5697674418604651,0.9534883720930233,-0.7558139534883721,0.5232558139534884,-0.6976744186046512,0.5348837209302325,-0.9883720930232558,0.47674418604651164,-0.7209302325581395,0.46511627906976744,-0.5930232558139535,0.313953488372093,-0.7325581395348837,0.3023255813953488,-1.0,0.27906976744186046,-0.686046511627907,0.32558139534883723,-0.6046511627906976,0.10465116279069768,-0.7325581395348837,0.09302325581395349,-0.9767441860465116,0.09302325581395349,-0.686046511627907,0.12790697674418605,-0.5930232558139535,-0.10465116279069768,-0.7093023255813954,-0.11627906976744186,-0.8953488372093024,-0.09302325581395349,-0.6976744186046512,-0.06976744186046512,-0.6162790697674418
a,0.0,0.0,0.4,-0.07058823529411765,0.7176470588235294,-0.3176470588235294,0.9294117647058824,-0.5647058823529412,0.9764705882352941,-0.7647058823529411,0.5411764705882353,-0.6941176470588235,0.5529411764705883,-0.9882352941176471,0.4823529411764706,-0.7176470588235294,0.4823529411764706,-0.5882352941176471,0.32941176470588235,-0.7411764705882353,0.3176470588235294,-1.0,0.27058823529411763,-0.6705882352941176,0.32941176470588235,-0.611764705882353,0.11764705882352941,-0.7411764705882353,0.11764705882352941,-0.9764705882352941,0.09411764705882353,-0.6823529411764706,0.1411764705882353,-0.6,-0.08235294117647059,-0.7176470588235294,-0.10588235294117647,-0.9058823529411765,-0.09411764705882353,-0.7058823529411765,-0.07058823529411765,-0.6235294117647059
a,0.0,0.0,0.38823529411764707,-0.07058823529411765,0.7176470588235294,-0.3058823529411765,0.9294117647058824,-0.5529411764705883,0.9764705882352941,-0.7529411764705882,0.5294117647058824,-0.6941176470588235,0.5529411764705883,-0.9764705882352941,0.4823529411764706,-0.7058823529411765,0.47058823529411764,-0.5882352941176471,0.32941176470588235,-0.7294117647058823,0.3176470588235294,-1.0,0.2823529411764706,-0.6705882352941176,0.32941176470588235,-0.6,0.11764705882352941,-0.7411764705882353,0.11764705882352941,-0.9764705882352941,0.10588235294117647,-0.6823529411764706,0.12941176470588237,-0.6,-0.09411764705882353,-0.7176470588235294,-0.10588235294117647,-0.9058823529411765,-0.09411764705882353,-0.7176470588235294,-0.07058823529411765,-0.6352941176470588
a,0.0,0.0,0.4,-0.07058823529411765,0.7294117647058823,-0.3058823529411765,0.9411764705882353,-0.5529411764705883,0.9764705882352941,-0.7529411764705882,0.5411764705882353,-0.6941176470588235,0.5529411764705883,-0.9882352941176471,0.49411764705882355,-0.7176470588235294,0.49411764705882355,-0.5764705882352941,0.3411764705882353,-0.7294117647058823,0.32941176470588235,-1.0,0.29411764705882354,-0.6823529411764706,0.3411764705882353,-0.6,0.12941176470588237,-0.7294117647058823,0.12941176470588237,-0.9764705882352941,0.11764705882352941,-0.6823529411764706,0.1411764705882353,-0.5882352941176471,-0.08235294117647059,-0.7176470588235294,-0.09411764705882353,-0.9058823529411765,-0.08235294117647059,-0.7058823529411765,-0.058823529411764705,-0.611764705882353
a,0.0,0.0,0.38636363636363635,-0.09090909090909091,0.7045454545454546,-0.32954545454545453,0.8977272727272727,-0.5681818181818182,0.9431818181818182,-0.75,0.5227272727272727,-0.7045454545454546,0.5454545454545454,-0.9772727272727273,0.4772727272727273,-0.7159090909090909,0.4659090909090909,-0.6022727272727273,0.3181818181818182,-0.7386363636363636,0.3068181818181818,-1.0,0.2727272727272727,-0.6818181818181818,0.3181818181818182,-0.6136363636363636,0.125,-0.7386363636363636,0.11363636363636363,-0.9659090909090909,0.10227272727272728,-0.6818181818181818,0.13636363636363635,-0.6022727272727273,-0.07954545454545454,-0.7159090909090909,-0.10227272727272728,-0.8977272727272727,-0.07954545454545454,-0.7045454545454546,-0.056818181818181816,-0.6136363636363636
a,0.0,0.0,0.4,-0.08235294117647059,0.7294117647058823,-0.3176470588235294,0.9294117647058824,-0.5647058823529412,0.9764705882352941,-0.7647058823529411,0.5411764705882353,-0.7058823529411765,0.5647058823529412,-0.9882352941176471,0.49411764705882355,-0.7176470588235294,0.4823529411764706,-0.6,0.32941176470588235,-0.7411764705882353,0.3176470588235294,-1.0,0.2823529411764706,-0.6823529411764706,0.32941176470588235,-0.6235294117647059,0.11764705882352941,-0.7529411764705882,0.11764705882352941,-0.9764705882352941,0.10588235294117647,-0.6823529411764706,0.1411764705882353,-0.611764705882353,-0.09411764705882353,-0.7294117647058823,-0.10588235294117647,-0.9058823529411765,-0.08235294117647059,-0.7176470588235294,-0.07058823529411765,-0.6352941176470588
a,0.0,0.0,0.4,-0.058823529411764705,0.7294117647058823,-0.3058823529411765,0.9294117647058824,-0.5529411764705883,0.9764705882352941,-0.7529411764705882,0.5411764705882353,-0.6823529411764706,0.5647058823529412,-0.9764705882352941,0.49411764705882355,-0.7058823529411765,0.4823529411764706,-0.5882352941176471,0.32941176470588235,-0.7294117647058823,0.32941176470588235,-1.0,0.29411764705882354,-0.6823529411764706,0.32941176470588235,-0.611764705882353,0.11764705882352941,-0.7294117647058823,0.12941176470588237,-0.9764705882352941,0.10588235294117647,-0.6823529411764706,0.1411764705882353,-0.6,-0.09411764705882353,-0.7058823529411765,-0.09411764705882353,-0.9058823529411765,-0.08235294117647059,-0.7058823529411765,-0.07058823529411765,-0.6235294117647059
a,0.0,0.0,0.38823529411764707,-0.07058823529411765,0.7176470588235294,-0.3058823529411765,0.9176470588235294,-0.5529411764705883,0.9764705882352941,-0.7529411764705882,0.5411764705882353,-0.6941176470588235,0.5529411764705883,-0.9764705882352941,0.4823529411764706,-0.7176470588235294,0.4823529411764706,-0.5882352941176471,0.32941176470588235,-0.7411764705882353,0.3176470588235294,-1.0,0.2823529411764706,-0.6823529411764706,0.32941176470588235,-0.6,0.11764705882352941,-0.7411764705882353,0.10588235294117647,-0.9764705882352941,0.10588235294117647,-0.6823529411764706,0.12941176470588237,-0.6,-0.09411764705882353,-0.7176470588235294,-0.10588235294117647,-0.8941176470588236,-0.09411764705882353,-0.7058823529411765,-0.07058823529411765,-0.6235294117647059
a,0.0,0.0,0.4117647058823529,-0.07058823529411765,0.7294117647058823,-0.3058823529411765,0.9411764705882353,-0.5529411764705883,0.9882352941176471,-0.7529411764705882,0.5411764705882353,-0.6823529411764706,0.5647058823529412,-0.9764705882352941,0.5058823529411764,-0.7176470588235294,0.49411764705882355,-0.5764705882352941,0.3411764705882353,-0.7176470588235294,0.32941176470588235,-1.0,0.3058823529411765,-0.6823529411764706,0.3411764705882353,-0.6,0.12941176470588237,-0.7294117647058823,0.12941176470588237,-0.9764705882352941,0.11764705882352941,-0.6941176470588235,0.1411764705882353,-0.6,-0.08235294117647059,-0.7058823529411765,-0.09411764705882353,-0.9058823529411765,-0.07058823529411765,-0.7176470588235294,-0.058823529411764705,-0.6235294117647059
a,0.0,0.0,0.40476190476190477,-0.05952380952380952,0.7261904761904762,-0.2976190476190476,0.9404761904761905,-0.5476190476190477,0.9761904761904762,-0.75,0.5476190476190477,-0.6785714285714286,0.5595238095238095,-0.9761904761904762,0.5,-0.7142857142857143,0.4880952380952381,-0.5833333333333334,0.3333333333333333,-0.7261904761904762,0.32142857142857145,-1.0,0.2857142857142857,-0.6785714285714286,0.3333333333333333,-0.6071428571428571,0.11904761904761904,-0.7261904761904762,0.11904761904761904,-0.9761904761904762,0.10714285714285714,-0.6785714285714286,0.14285714285714285,-0.5952380952380952,-0.09523809523809523,-0.7142857142857143,-0.10714285714285714,-0.9047619047619048,-0.08333333333333333,-0.7142857142857143,-0.07142857142857142,-0.6190476190476191
a,0.0,0.0,0.3953488372093023,-0.08139534883720931,0.7209302325581395,-0.313953488372093,0.9186046511627907,-0.5581395348837209,0.9651162790697675,-0.7441860465116279,0.5348837209302325,-0.6976744186046512,0.5581395348837209,-0.9651162790697675,0.4883720930232558,-0.7093023255813954,0.47674418604651164,-0.5813953488372093,0.3372093023255814,-0.7325581395348837,0.32558139534883723,-1.0,0.29069767441860467,-0.6744186046511628,0.3372093023255814,-0.6046511627906976,0.12790697674418605,-0.7441860465116279,0.11627906976744186,-0.9767441860465116,0.11627906976744186,-0.686046511627907,0.1511627906976744,-0.5930232558139535,-0.08139534883720931,-0.7209302325581395,-0.09302325581395349,-0.9069767441860465,-0.08139534883720931,-0.7209302325581395,-0.046511627906976744,-0.627906976744186
b,0.0,0.0,-0.18316831683168316,-0.039603960396039604,-0.3069306930693069,-0.19306930693069307,-0.2524752475247525,-0.3465346534653465,-0.13861386138613863,-0.42574257425742573,-0.3217821782178218,-0.47029702970297027,-0.3564356435643564,-0.6534653465346535,-0.3712871287128713,-0.7772277227722773,-0.3811881188118812,-0.8861386138613861,-0.19801980198019803,-0.5198019801980198,-0.24752475247524752,-0.7277227722772277,-0.2722772277227723,-0.8663366336633663,-0.297029702970297,-1.0,-0.07920792079207921,-0.5148514851485149,-0.11386138613861387,-0.7178217821782178,-0.13366336633663367,-0.8514851485148515,-0.1485148514851485,-0.9752475247524752,0.04455445544554455,-0.46534653465346537,0.01485148514851485,-0.6188118811881188,0.0,-0.7277227722772277,-0.0049504950495049506,-0.8316831683168316
b,0.0,0.0,-0.16216216216216217,-0.09009009009009009,-0.25675675675675674,-0.25675675675675674,-0.1891891891891892,-0.4009009009009009,-0.07207207207207207,-0.45045045045045046,-0.21171171171171171,-0.5180180180180181,-0.22072072072072071,-0.6936936936936937,-0.21621621621621623,-0.8063063063063063,-0.20270270270270271,-0.9099099099099099,-0.0945945945945946,-0.5405405405405406,-0.1036036036036036,-0.7477477477477478,-0.1036036036036036,-0.8783783783783784,-0.0990990990990991,-1.0,0.013513513513513514,-0.5180180180180181,0.02252252252252252,-0.7117117117117117,0.02702702702702703,-0.8378378378378378,0.03153153153153153,-0.9594594594594594,0.12162162162162163,-0.45045045045045046,0.12612612612612611,-0.6036036036036037,0.13063063063063063,-0.7027027027027027,0.13063063063063063,-0.7972972972972973
b,0.0,0.0,-0.167420814479638,-0.08597285067873303,-0.26244343891402716,-0.25339366515837103,-0.19004524886877827,-0.3936651583710407,-0.07692307692307693,-0.4479638009049774,-0.2171945701357466,-0.5113122171945701,-0.22171945701357465,-0.6923076923076923,-0.2171945701357466,-0.8054298642533937,-0.20361990950226244,-0.9049773755656109,-0.09502262443438914,-0.5384615384615384,-0.1085972850678733,-0.7420814479638009,-0.10407239819004525,-0.8778280542986425,-0.10407239819004525,-1.0,0.013574660633484163,-0.5113122171945701,0.01809954751131222,-0.7058823529411765,0.027149321266968326,-0.8371040723981901,0.03167420814479638,-0.9547511312217195,0.12217194570135746,-0.4479638009049774,0.12669683257918551,-0.6018099547511312,0.13122171945701358,-0.7013574660633484,0.13574660633484162,-0.8009049773755657
b,0.0,0.0,-0.16363636363636364,-0.08636363636363636,-0.2545454545454545,-0.2545454545454545,-0.18181818181818182,-0.39090909090909093,-0.06818181818181818,-0.45454545454545453,-0.21363636363636362,-0.5136363636363637,-0.22727272727272727,-0.6909090909090909,-0.22272727272727272,-0.8090909090909091,-0.20909090909090908,-0.9090909090909091,-0.09545454545454546,-0.5363636363636364,-0.10909090909090909,-0.7454545454545455,-0.10909090909090909,-0.8772727272727273,-0.10909090909090909,-1.0,0.013636363636363636,-0.5136363636363637,0.01818181818181818,-0.7090909090909091,0.022727272727272728,-0.8363636363636363,0.02727272727272727,-0.9590909090909091,0.12272727272727273,-0.45,0.12727272727272726,-0.6,0.1318181818181818,-0.7045454545454546,0.1318181818181818,-0.8045454545454546
b,0.0,0.0,-0.16818181818181818,-0.08181818181818182,-0.2590909090909091,-0.25,-0.18636363636363637,-0.39090909090909093,-0.07272727272727272,-0.45,-0.21818181818181817,-0.509090909090909,-0.22727272727272727,-0.6863636363636364,-0.22272727272727272,-0.8,-0.21363636363636362,-0.9045454545454545,-0.1,-0.5363636363636364,-0.11363636363636363,-0.7454545454545455,-0.11363636363636363,-0.8772727272727273,-0.11363636363636363,-1.0,0.00909090909090909,-0.5136363636363637,0.013636363636363636,-0.7136363636363636,0.01818181818181818,-0.8409090909090909,0.01818181818181818,-0.9590909090909091,0.11818181818181818,-0.45,0.12272727272727273,-0.6045454545454545,0.12727272727272726,-0.7045454545454546,0.1318181818181818,-0.8045454545454546
b,0.0,0.0,-0.16216216216216217,-0.08108108108108109,-0.25675675675675674,-0.24774774774774774,-0.1891891891891892,-0.38738738738738737,-0.07207207207207207,-0.44594594594594594,-0.22072072072072071,-0.5135135135135135,-0.23423423423423423,-0.6846846846846847,-0.22972972972972974,-0.7972972972972973,-0.22072072072072071,-0.8963963963963963,-0.1036036036036036,-0.5405405405405406,-0.11711711711711711,-0.7477477477477478,-0.12162162162162163,-0.8783783783783784,-0.12162162162162163,-1.0,0.0045045045045045045,-0.5135135135135135,0.009009009009009009,-0.7117117117117117,0.013513513513513514,-0.8378378378378378,0.013513513513513514,-0.9594594594594594,0.11711711711711711,-0.45045045045045046,0.11711711711711711,-0.6036036036036037,0.12162162162162163,-0.7027027027027027,0.12162162162162163,-0.7972972972972973
b,0.0,0.0,-0.15765765765765766,-0.08558558558558559,-0.25675675675675674,-0.24774774774774774,-0.1891891891891892,-0.38738738738738737,-0.07207207207207207,-0.45045045045045046,-0.22072072072072071,-0.509009009009009,-0.22972972972972974,-0.6891891891891891,-0.22522522522522523,-0.8018018018018018,-0.21621621621621623,-0.9054054054054054,-0.1036036036036036,-0.536036036036036,-0.11261261261261261,-0.7477477477477478,-0.11261261261261261,-0.8783783783783784,-0.11261261261261261,-1.0,0.0045045045045045045,-0.5135135135135135,0.009009009009009009,-0.7117117117117117,0.013513513513513514,-0.8333333333333334,0.018018018018018018,-0.954954954954955,0.11711711711711711,-0.45045045045045046,0.11711711711711711,-0.6036036036036037,0.12162162162162163,-0.7027027027027027,0.12612612612612611,-0.7927927927927928
b,0.0,0.0,-0.16071428571428573,-0.08035714285714286,-0.26339285714285715,-0.24553571428571427,-0.19196428571428573,-0.38392857142857145,-0.08035714285714286,-0.44642857142857145,-0.21875,-0.5089285714285714,-0.23214285714285715,-0.6830357142857143,-0.22767857142857142,-0.7991071428571429,-0.21875,-0.9017857142857143,-0.10267857142857142,-0.5357142857142857,-0.11607142857142858,-0.7455357142857143,-0.12053571428571429,-0.875,-0.12053571428571429,-1.0,0.0,-0.5133928571428571,0.004464285714285714,-0.7098214285714286,0.008928571428571428,-0.8348214285714286,0.013392857142857142,-0.9508928571428571,0.11160714285714286,-0.45535714285714285,0.11160714285714286,-0.6071428571428571,0.11607142857142858,-0.7008928571428571,0.12053571428571429,-0.7946428571428571
b,0.0,0.0,-0.16666666666666666,-0.07657657657657657,-0.26576576576576577,-0.24324324324324326,-0.1981981981981982,-0.38738738738738737,-0.08108108108108109,-0.44594594594594594,-0.22972972972972974,-0.5045045045045045,-0.23873873873873874,-0.6801801801801802,-0.23423423423423423,-0.7972972972972973,-0.22522522522522523,-0.9009009009009009,-0.11261261261261261,-0.536036036036036,-0.12612612612612611,-0.7432432432432432,-0.12612612612612611,-0.8783783783783784,-0.12612612612612611,-1.0,-0.0045045045045045045,-0.5135135135135135,0.0,-0.7117117117117117,0.009009009009009009,-0.8378378378378378,0.009009009009009009,-0.9594594594594594,0.10810810810810811,-0.45045045045045046,0.10810810810810811,-0.6036036036036037,0.11261261261261261,-0.7027027027027027,0.11711711711711711,-0.7972972972972973
b,0.0,0.0,-0.16071428571428573,-0.08482142857142858,-0.25892857142857145,-0.24553571428571427,-0.19196428571428573,-0.38392857142857145,-0.07589285714285714,-0.44642857142857145,-0.21875,-0.5089285714285714,-0.23214285714285715,-0.6875,-0.22767857142857142,-0.8035714285714286,-0.21875,-0.9017857142857143,-0.10267857142857142,-0.5357142857142857,-0.11607142857142858,-0.7455357142857143,-0.11607142857142858,-0.8794642857142857,-0.11160714285714286,-1.0,0.004464285714285714,-0.5133928571428571,0.004464285714285714,-0.7098214285714286,0.013392857142857142,-0.8348214285714286,0.017857142857142856,-0.9553571428571429,0.11160714285714286,-0.45535714285714285,0.11160714285714286,-0.6071428571428571,0.11607142857142858,-0.7053571428571429,0.12053571428571429,-0.7991071428571429
b,0.0,0.0,-0.16071428571428573,-0.08482142857142858,-0.26339285714285715,-0.24107142857142858,-0.19642857142857142,-0.38392857142857145,-0.07589285714285714,-0.44642857142857145,-0.21428571428571427,-0.5089285714285714,-0.22767857142857142,-0.6875,-0.22321428571428573,-0.8035714285714286,-0.21428571428571427,-0.90625,-0.09821428571428571,-0.5357142857142857,-0.11160714285714286,-0.7455357142857143,-0.11607142857142858,-0.8794642857142857,-0.11160714285714286,-1.0,0.004464285714285714,-0.5133928571428571,0.008928571428571428,-0.7098214285714286,0.013392857142857142,-0.8348214285714286,0.017857142857142856,-0.9553571428571429,0.11607142857142858,-0.45535714285714285,0.11607142857142858,-0.6071428571428571,0.11607142857142858,-0.7053571428571429,0.125,-0.7946428571428571
b,0.0,0.0,-0.16071428571428573,-0.08482142857142858,-0.26339285714285715,-0.24553571428571427,-0.20089285714285715,-0.38392857142857145,-0.08035714285714286,-0.44642857142857145,-0.22321428571428573,-0.5133928571428571,-0.23214285714285715,-0.6919642857142857,-0.22767857142857142,-0.8035714285714286,-0.21875,-0.90625,-0.10714285714285714,-0.5357142857142857,-0.11607142857142858,-0.75,-0.11607142857142858,-0.8794642857142857,-0.11160714285714286,-1.0,0.0,-0.5178571428571429,0.004464285714285714,-0.7142857142857143,0.013392857142857142,-0.8392857142857143,0.017857142857142856,-0.9553571428571429,0.11160714285714286,-0.45535714285714285,0.11160714285714286,-0.6116071428571429,0.11607142857142858,-0.7053571428571429,0.12053571428571429,-0.7991071428571429
b,0.0,0.0,-0.16216216216216217,-0.08558558558558559,-0.26576576576576577,-0.24324324324324326,-0.19369369369369369,-0.38288288288288286,-0.07657657657657657,-0.44594594594594594,-0.22072072072072071,-0.509009009009009,-0.23423423423423423,-0.6891891891891891,-0.22972972972972974,-0.8018018018018018,-0.22072072072072071,-0.9054054054054054,-0.1036036036036036,-0.536036036036036,-0.11711711711711711,-0.7477477477477478,-0.11711711711711711,-0.8783783783783784,-0.11261261261261261,-1.0,0.0045045045045045045,-0.5135135135135135,0.0045045045045045045,-0.7117117117117117,0.009009009009009009,-0.8378378378378378,0.013513513513513514,-0.954954954954955,0.11261261261261261,-0.45045045045045046,0.11261261261261261,-0.6036036036036037,0.11711711711711711,-0.7027027027027027,0.12162162162162163,-0.7972972972972973
b,0.0,0.0,-0.15695067264573992,-0.08520179372197309,-0.2556053811659193,-0.24663677130044842,-0.18834080717488788,-0.38565022421524664,-0.07174887892376682,-0.4484304932735426,-0.21524663677130046,-0.5112107623318386,-0.22869955156950672,-0.6860986547085202,-0.2242152466367713,-0.7982062780269058,-0.21524663677130046,-0.8968609865470852,-0.1031390134529148,-0.5381165919282511,-0.11210762331838565,-0.7443946188340808,-0.11659192825112108,-0.874439461883408,-0.1210762331838565,-1.0,0.004484304932735426,-0.515695067264574,0.008968609865470852,-0.7130044843049327,0.013452914798206279,-0.8340807174887892,0.017937219730941704,-0.9506726457399103,0.11659192825112108,-0.452914798206278,0.11659192825112108,-0.6053811659192825,0.1210762331838565,-0.7040358744394619,0.1210762331838565,-0.7937219730941704
b,0.0,0.0,-0.16216216216216217,-0.08108108108108109,-0.26126126126126126,-0.24324324324324326,-0.1891891891891892,-0.38288288288288286,-0.07657657657657657,-0.44144144144144143,-0.22072072072072071,-0.509009009009009,-0.23423423423423423,-0.6801801801801802,-0.22972972972972974,-0.7927927927927928,-0.22072072072072071,-0.8963963963963963,-0.1036036036036036,-0.536036036036036,-0.11711711711711711,-0.7432432432432432,-0.12162162162162163,-0.8738738738738738,-0.12162162162162163,-1.0,0.0045045045045045045,-0.5135135135135135,0.009009009009009009,-0.7117117117117117,0.009009009009009009,-0.8378378378378378,0.009009009009009009,-0.954954954954955,0.11711711711711711,-0.45495495495495497,0.11711711711711711,-0.6081081081081081,0.12162162162162163,-0.7027027027027027,0.12612612612612611,-0.7927927927927928
b,0.0,0.0,-0.16363636363636364,-0.08181818181818182,-0.2636363636363636,-0.24545454545454545,-0.19090909090909092,-0.38181818181818183,-0.07272727272727272,-0.44545454545454544,-0.22272727272727272,-0.509090909090909,-0.23636363636363636,-0.6909090909090909,-0.22727272727272727,-0.8045454545454546,-0.21363636363636362,-0.9045454545454545,-0.1,-0.5363636363636364,-0.11363636363636363,-0.7454545454545455,-0.11363636363636363,-0.8772727272727273,-0.11818181818181818,-1.0,0.00909090909090909,-0.5136363636363637,0.00909090909090909,-0.7090909090909091,0.013636363636363636,-0.8363636363636363,0.01818181818181818,-0.9590909090909091,0.11818181818181818,-0.45,0.11818181818181818,-0.6,0.12272727272727273,-0.7045454545454546,0.1318181818181818,-0.8045454545454546
b,0.0,0.0,-0.16289592760180996,-0.07692307692307693,-0.26244343891402716,-0.24434389140271492,-0.19909502262443438,-0.38009049773755654,-0.08144796380090498,-0.4434389140271493,-0.22624434389140272,-0.5067873303167421,-0.23529411764705882,-0.6832579185520362,-0.23076923076923078,-0.8009049773755657,-0.2171945701357466,-0.9004524886877828,-0.10407239819004525,-0.5339366515837104,-0.11764705882352941,-0.7420814479638009,-0.11764705882352941,-0.8778280542986425,-0.12217194570135746,-1.0,0.004524886877828055,-0.5113122171945701,0.00904977375565611,-0.7104072398190046,0.013574660633484163,-0.8371040723981901,0.013574660633484163,-0.9547511312217195,0.11312217194570136,-0.45248868778280543,0.11312217194570136,-0.6063348416289592,0.12217194570135746,-0.7058823529411765,0.12669683257918551,-0.8009049773755657
b,0.0,0.0,-0.16216216216216217,-0.08108108108108109,-0.26126126126126126,-0.24324324324324326,-0.1981981981981982,-0.38288288288288286,-0.08558558558558559,-0.44594594594594594,-0.22522522522522523,-0.509009009009009,-0.23873873873873874,-0.6801801801801802,-0.23423423423423423,-0.7972972972972973,-0.22522522522522523,-0.9009009009009009,-0.10810810810810811,-0.536036036036036,-0.12162162162162163,-0.7432432432432432,-0.12612612612612611,-0.8783783783783784,-0.13063063063063063,-1.0,0.0,-0.5180180180180181,0.0045045045045045045,-0.7162162162162162,0.0045045045045045045,-0.8423423423423423,0.0045045045045045045,-0.963963963963964,0.10810810810810811,-0.45495495495495497,0.10810810810810811,-0.6081081081081081,0.11711711711711711,-0.7072072072072072,0.12162162162162163,-0.8018018018018018
b,0.0,0.0,-0.16363636363636364,-0.08181818181818182,-0.2590909090909091,-0.24545454545454545,-0.19545454545454546,-0.38181818181818183,-0.07727272727272727,-0.44545454545454544,-0.22272727272727272,-0.5045454545454545,-0.23636363636363636,-0.6818181818181818,-0.2318181818181818,-0.7954545454545454,-0.22272727272727272,-0.9,-0.10454545454545454,-0.5363636363636364,-0.11818181818181818,-0.7454545454545455,-0.12272727272727273,-0.8772727272727273,-0.12272727272727273,-1.0,0.004545454545454545,-0.5181818181818182,0.00909090909090909,-0.7090909090909091,0.013636363636363636,-0.8363636363636363,0.013636363636363636,-0.9590909090909091,0.11363636363636363,-0.45454545454545453,0.11363636363636363,-0.6090909090909091,0.12272727272727273,-0.7090909090909091,0.12727272727272726,-0.8045454545454546
b,0.0,0.0,-0.16216216216216217,-0.08558558558558559,-0.26126126126126126,-0.24774774774774774,-0.19369369369369369,-0.38738738738738737,-0.07657657657657657,-0.45045045045045046,-0.22522522522522523,-0.5135135135135135,-0.23873873873873874,-0.6846846846846847,-0.23873873873873874,-0.7972972972972973,-0.22972972972972974,-0.8963963963963963,-0.10810810810810811,-0.545045045045045,-0.12162162162162163,-0.7477477477477478,-0.12612612612612611,-0.8783783783783784,-0.13063063063063063,-1.0,0.0,-0.5225225225225225,0.0045045045045045045,-0.7207207207207207,0.0045045045045045045,-0.8423423423423423,0.0,-0.9594594594594594,0.10810810810810811,-0.4594594594594595,0.11261261261261261,-0.6126126126126126,0.11261261261261261,-0.7072072072072072,0.11711711711711711,-0.7972972972972973
c,0.0,0.0,0.3308270676691729,0.015037593984962405,0.6015037593984962,-0.10526315789473684,0.8120300751879699,-0.15789473684210525,1.0,-0.18045112781954886,0.556390977443609,-0.5488721804511278,0.6691729323308271,-0.7819548872180451,0.8195488721804511,-0.8270676691729323,0.9548872180451128,-0.8195488721804511,0.48872180451127817,-0.6015037593984962,0.6390977443609023,-0.8571428571428571,0.8195488721804511,-0.8721804511278195,0.9699248120300752,-0.8270676691729323,0.41353383458646614,-0.6090225563909775,0.5864661654135338,-0.8721804511278195,0.7744360902255639,-0.8796992481203008,0.9097744360902256,-0.8345864661654135,0.3383458646616541,-0.5939849624060151,0.518796992481203,-0.7744360902255639,0.6766917293233082,-0.8270676691729323,0.8195488721804511,-0.8421052631578947
c,0.0,0.0,0.30303030303030304,0.030303030303030304,0.5984848484848485,-0.09090909090909091,0.803030303030303,-0.13636363636363635,1.0,-0.1590909090909091,0.5681818181818182,-0.5454545454545454,0.6818181818181818,-0.7575757575757576,0.8257575757575758,-0.803030303030303,0.9545454545454546,-0.7954545454545454,0.5,-0.6060606060606061,0.6515151515151515,-0.8409090909090909,0.8181818181818182,-0.8484848484848485,0.9696969696969697,-0.8106060606060606,0.4166666666666667,-0.6212121212121212,0.5909090909090909,-0.8484848484848485,0.7727272727272727,-0.8636363636363636,0.9166666666666666,-0.8257575757575758,0.3333333333333333,-0.5984848484848485,0.5151515151515151,-0.7651515151515151,0.6742424242424242,-0.8181818181818182,0.8106060606060606,-0.8333333333333334
c,0.0,0.0,0.3037037037037037,0.022222222222222223,0.6,-0.0962962962962963,0.8074074074074075,-0.14074074074074075,1.0,-0.16296296296296298,0.5703703703703704,-0.5259259259259259,0.6814814814814815,-0.7407407407407407,0.8222222222222222,-0.7851851851851852,0.9481481481481482,-0.7851851851851852,0.5037037037037037,-0.5777777777777777,0.6518518518518519,-0.8148148148148148,0.8148148148148148,-0.8296296296296296,0.9629629629629629,-0.7925925925925926,0.4222222222222222,-0.6,0.5925925925925926,-0.8296296296296296,0.7703703703703704,-0.8444444444444444,0.9111111111111111,-0.8148148148148148,0.3333333333333333,-0.5851851851851851,0.5111111111111111,-0.7555555555555555,0.6666666666666666,-0.8148148148148148,0.8074074074074075,-0.8296296296296296
c,0.0,0.0,0.3161764705882353,0.03676470588235294,0.6102941176470589,-0.08088235294117647,0.8161764705882353,-0.1323529411764706,1.0,-0.14705882352941177,0.5735294117647058,-0.5073529411764706,0.6911764705882353,-0.7205882352941176,0.8308823529411765,-0.7647058823529411,0.9558823529411765,-0.7647058823529411,0.5073529411764706,-0.5588235294117647,0.6617647058823529,-0.7941176470588235,0.8308823529411765,-0.8014705882352942,0.9779411764705882,-0.7720588235294118,0.4338235294117647,-0.5808823529411765,0.6029411764705882,-0.8161764705882353,0.7794117647058824,-0.8235294117647058,0.9191176470588235,-0.7941176470588235,0.35294117647058826,-0.5661764705882353,0.5294117647058824,-0.7352941176470589,0.6911764705882353,-0.7941176470588235,0.8308823529411765,-0.8014705882352942
c,0.0,0.0,0.3235294117647059,0.03676470588235294,0.6102941176470589,-0.08088235294117647,0.8161764705882353,-0.1323529411764706,1.0,-0.14705882352941177,0.5808823529411765,-0.5073529411764706,0.6911764705882353,-0.7205882352941176,0.8235294117647058,-0.7647058823529411,0.9485294117647058,-0.7647058823529411,0.5147058823529411,-0.5661764705882353,0.6617647058823529,-0.7941176470588235,0.8235294117647058,-0.8088235294117647,0.9705882352941176,-0.7720588235294118,0.4338235294117647,-0.5808823529411765,0.6029411764705882,-0.8161764705882353,0.7794117647058824,-0.8235294117647058,0.9191176470588235,-0.7941176470588235,0.35294117647058826,-0.5661764705882353,0.5294117647058824,-0.7352941176470589,0.6911764705882353,-0.7867647058823529,0.8308823529411765,-0.7941176470588235
c,0.0,0.0,0.31851851851851853,0.02962962962962963,0.6074074074074074,-0.08888888888888889,0.8222222222222222,-0.14074074074074075,1.0,-0.14814814814814814,0.5777777777777777,-0.5185185185185185,0.6962962962962963,-0.7407407407407407,0.837037037037037,-0.7777777777777778,0.9629629629629629,-0.7851851851851852,0.5111111111111111,-0.5703703703703704,0.6666666666666666,-0.8074074074074075,0.8296296296296296,-0.8222222222222222,0.9851851851851852,-0.7925925925925926,0.43703703703703706,-0.5851851851851851,0.6074074074074074,-0.8296296296296296,0.7851851851851852,-0.8444444444444444,0.9185185185185185,-0.8148148148148148,0.35555555555555557,-0.5777777777777777,0.5333333333333333,-0.7481481481481481,0.6888888888888889,-0.8074074074074075,0.8296296296296296,-0.8148148148148148
c,0.0,0.0,0.3235294117647059,0.03676470588235294,0.6029411764705882,-0.08088235294117647,0.8161764705882353,-0.1323529411764706,1.0,-0.14705882352941177,0.5735294117647058,-0.5147058823529411,0.6911764705882353,-0.7279411764705882,0.8308823529411765,-0.7720588235294118,0.9558823529411765,-0.7647058823529411,0.5073529411764706,-0.5661764705882353,0.6617647058823529,-0.8014705882352942,0.8308823529411765,-0.8088235294117647,0.9779411764705882,-0.7720588235294118,0.4338235294117647,-0.5808823529411765,0.6029411764705882,-0.8161764705882353,0.7794117647058824,-0.8308823529411765,0.9191176470588235,-0.8014705882352942,0.3602941176470588,-0.5661764705882353,0.5367647058823529,-0.7426470588235294,0.6985294117647058,-0.7941176470588235,0.8382352941176471,-0.8088235294117647
c,0.0,0.0,0.3082706766917293,0.03007518796992481,0.6015037593984962,-0.09022556390977443,0.8120300751879699,-0.13533834586466165,1.0,-0.15037593984962405,0.5639097744360902,-0.5263157894736842,0.6917293233082706,-0.7293233082706767,0.8345864661654135,-0.7744360902255639,0.9624060150375939,-0.7744360902255639,0.5037593984962406,-0.5789473684210527,0.6616541353383458,-0.8045112781954887,0.8345864661654135,-0.8195488721804511,0.9774436090225563,-0.7894736842105263,0.42857142857142855,-0.5939849624060151,0.6090225563909775,-0.8270676691729323,0.7819548872180451,-0.849624060150376,0.924812030075188,-0.8195488721804511,0.3458646616541353,-0.5939849624060151,0.5263157894736842,-0.7669172932330827,0.6842105263157895,-0.8270676691729323,0.8270676691729323,-0.8421052631578947
c,0.0,0.0,0.3007518796992481,0.03007518796992481,0.5939849624060151,-0.09022556390977443,0.8045112781954887,-0.13533834586466165,1.0,-0.15037593984962405,0.5714285714285714,-0.5338345864661654,0.6917293233082706,-0.7368421052631579,0.8270676691729323,-0.7894736842105263,0.9548872180451128,-0.7894736842105263,0.5037593984962406,-0.5939849624060151,0.6541353383458647,-0.8270676691729323,0.8195488721804511,-0.8421052631578947,0.9699248120300752,-0.7969924812030075,0.42105263157894735,-0.6165413533834586,0.5939849624060151,-0.849624060150376,0.7744360902255639,-0.8571428571428571,0.9172932330827067,-0.8120300751879699,0.3308270676691729,-0.5939849624060151,0.518796992481203,-0.7744360902255639,0.6842105263157895,-0.8270676691729323,0.8195488721804511,-0.8195488721804511
c,0.0,0.0,0.3111111111111111,0.02962962962962963,0.6,-0.0962962962962963,0.8074074074074075,-0.14074074074074075,1.0,-0.16296296296296298,0.5703703703703704,-0.5333333333333333,0.6888888888888889,-0.7333333333333333,0.8296296296296296,-0.7777777777777778,0.9555555555555556,-0.7777777777777778,0.5037037037037037,-0.5925925925925926,0.6592592592592592,-0.8222222222222222,0.8222222222222222,-0.837037037037037,0.9703703703703703,-0.8,0.4222222222222222,-0.6074074074074074,0.6,-0.8518518518518519,0.7703703703703704,-0.8592592592592593,0.9111111111111111,-0.8222222222222222,0.34074074074074073,-0.5925925925925926,0.5259259259259259,-0.7703703703703704,0.6814814814814815,-0.8222222222222222,0.8222222222222222,-0.8222222222222222
c,0.0,0.0,0.3082706766917293,0.022556390977443608,0.6015037593984962,-0.09774436090225563,0.8120300751879699,-0.13533834586466165,1.0,-0.15789473684210525,0.5789473684210527,-0.5338345864661654,0.6992481203007519,-0.7443609022556391,0.8345864661654135,-0.7894736842105263,0.9624060150375939,-0.7894736842105263,0.5112781954887218,-0.5939849624060151,0.6616541353383458,-0.8195488721804511,0.8345864661654135,-0.8421052631578947,0.9849624060150376,-0.8120300751879699,0.42857142857142855,-0.6090225563909775,0.6015037593984962,-0.8421052631578947,0.7819548872180451,-0.8571428571428571,0.924812030075188,-0.8270676691729323,0.3383458646616541,-0.5939849624060151,0.5263157894736842,-0.7669172932330827,0.6842105263157895,-0.8195488721804511,0.8270676691729323,-0.8345864661654135
c,0.0,0.0,0.2962962962962963,0.02962962962962963,0.6,-0.0962962962962963,0.8148148148148148,-0.14074074074074075,1.0,-0.15555555555555556,0.5777777777777777,-0.5259259259259259,0.6962962962962963,-0.725925925925926,0.8296296296296296,-0.7703703703703704,0.9555555555555556,-0.7703703703703704,0.5111111111111111,-0.5851851851851851,0.6592592592592592,-0.8,0.8222222222222222,-0.8148148148148148,0.9777777777777777,-0.7851851851851852,0.42962962962962964,-0.6,0.6,-0.8222222222222222,0.7703703703703704,-0.837037037037037,0.9111111111111111,-0.8148148148148148,0.34074074074074073,-0.5851851851851851,0.5185185185185185,-0.7555555555555555,0.674074074074074,-0.8148148148148148,0.8222222222222222,-0.8222222222222222
c,0.0,0.0,0.3237410071942446,0.04316546762589928,0.6115107913669064,-0.07194244604316546,0.8201438848920863,-0.11510791366906475,1.0,-0.12949640287769784,0.5827338129496403,-0.48201438848920863,0.7050359712230215,-0.697841726618705,0.8345323741007195,-0.7410071942446043,0.9568345323741008,-0.7410071942446043,0.5251798561151079,-0.5323741007194245,0.6690647482014388,-0.7841726618705036,0.8273381294964028,-0.7841726618705036,0.9712230215827338,-0.7482014388489209,0.45323741007194246,-0.5467625899280576,0.6115107913669064,-0.7913669064748201,0.7769784172661871,-0.8057553956834532,0.9136690647482014,-0.7697841726618705,0.37410071942446044,-0.5323741007194245,0.5467625899280576,-0.7050359712230215,0.697841726618705,-0.7553956834532374,0.841726618705036,-0.762589928057554
c,0.0,0.0,0.32857142857142857,0.02142857142857143,0.6071428571428571,-0.08571428571428572,0.8214285714285714,-0.12142857142857143,1.0,-0.1357142857142857,0.5857142857142857,-0.4928571428571429,0.7142857142857143,-0.7071428571428572,0.8428571428571429,-0.7428571428571429,0.9642857142857143,-0.75,0.5285714285714286,-0.5428571428571428,0.6785714285714286,-0.7714285714285715,0.8357142857142857,-0.7785714285714286,0.9785714285714285,-0.7571428571428571,0.45714285714285713,-0.5571428571428572,0.6214285714285714,-0.7857142857142857,0.7785714285714286,-0.8,0.9071428571428571,-0.7785714285714286,0.37857142857142856,-0.5428571428571428,0.5357142857142857,-0.7142857142857143,0.6857142857142857,-0.7642857142857142,0.8214285714285714,-0.7785714285714286
c,0.0,0.0,0.32116788321167883,0.029197080291970802,0.6131386861313869,-0.08029197080291971,0.8248175182481752,-0.12408759124087591,1.0,-0.1386861313868613,0.5912408759124088,-0.5036496350364964,0.7153284671532847,-0.7226277372262774,0.8467153284671532,-0.7591240875912408,0.9708029197080292,-0.7591240875912408,0.5328467153284672,-0.5547445255474452,0.6788321167883211,-0.7883211678832117,0.8394160583941606,-0.8029197080291971,0.9854014598540146,-0.7737226277372263,0.45255474452554745,-0.5693430656934306,0.6204379562043796,-0.8029197080291971,0.781021897810219,-0.8175182481751825,0.9197080291970803,-0.7956204379562044,0.3722627737226277,-0.5547445255474452,0.5328467153284672,-0.7226277372262774,0.6861313868613139,-0.7737226277372263,0.8248175182481752,-0.7883211678832117
c,0.0,0.0,0.3357664233576642,0.029197080291970802,0.6131386861313869,-0.08029197080291971,0.8175182481751825,-0.11678832116788321,1.0,-0.13138686131386862,0.5912408759124088,-0.49635036496350365,0.708029197080292,-0.708029197080292,0.8394160583941606,-0.7518248175182481,0.9635036496350365,-0.7591240875912408,0.5328467153284672,-0.5401459854014599,0.6715328467153284,-0.7883211678832117,0.8321167883211679,-0.7956204379562044,0.9781021897810219,-0.7737226277372263,0.45255474452554745,-0.5620437956204379,0.6131386861313869,-0.8029197080291971,0.781021897810219,-0.8175182481751825,0.9197080291970803,-0.7956204379562044,0.3795620437956204,-0.5401459854014599,0.5474452554744526,-0.7226277372262774,0.7007299270072993,-0.7737226277372263,0.8394160583941606,-0.781021897810219
c,0.0,0.0,0.31386861313868614,0.043795620437956206,0.6058394160583942,-0.072992700729927,0.8175182481751825,-0.11678832116788321,1.0,-0.12408759124087591,0.583941605839416,-0.48175182481751827,0.708029197080292,-0.7007299270072993,0.8321167883211679,-0.7445255474452555,0.9562043795620438,-0.7518248175182481,0.5255474452554745,-0.5328467153284672,0.6715328467153284,-0.781021897810219,0.8321167883211679,-0.7883211678832117,0.9708029197080292,-0.7518248175182481,0.44525547445255476,-0.5547445255474452,0.6131386861313869,-0.7956204379562044,0.781021897810219,-0.8102189781021898,0.9124087591240876,-0.7883211678832117,0.3722627737226277,-0.5401459854014599,0.5474452554744526,-0.7226277372262774,0.7007299270072993,-0.7664233576642335,0.8467153284671532,-0.7737226277372263
c,0.0,0.0,0.3188405797101449,0.028985507246376812,0.6086956521739131,-0.07971014492753623,0.8188405797101449,-0.12318840579710146,1.0,-0.14492753623188406,0.5869565217391305,-0.4855072463768116,0.7028985507246377,-0.6956521739130435,0.8260869565217391,-0.7391304347826086,0.9420289855072463,-0.7463768115942029,0.5217391304347826,-0.5434782608695652,0.6594202898550725,-0.782608695652174,0.8188405797101449,-0.7898550724637681,0.9637681159420289,-0.7681159420289855,0.4492753623188406,-0.5579710144927537,0.6086956521739131,-0.7971014492753623,0.7681159420289855,-0.8115942028985508,0.9057971014492754,-0.7971014492753623,0.3695652173913043,-0.5434782608695652,0.5362318840579711,-0.717391304347826,0.6956521739130435,-0.7681159420289855,0.8405797101449275,-0.782608695652174
c,0.0,0.0,0.31654676258992803,0.03597122302158273,0.60431654676259,-0.07194244604316546,0.8201438848920863,-0.11510791366906475,1.0,-0.12949640287769784,0.5755395683453237,-0.4748201438848921,0.697841726618705,-0.6834532374100719,0.8273381294964028,-0.7338129496402878,0.9496402877697842,-0.7410071942446043,0.5179856115107914,-0.5251798561151079,0.6690647482014388,-0.762589928057554,0.8201438848920863,-0.7697841726618705,0.9640287769784173,-0.7482014388489209,0.4460431654676259,-0.5467625899280576,0.6115107913669064,-0.7841726618705036,0.7769784172661871,-0.7985611510791367,0.9064748201438849,-0.7769784172661871,0.37410071942446044,-0.539568345323741,0.5467625899280576,-0.7122302158273381,0.7050359712230215,-0.762589928057554,0.841726618705036,-0.7697841726618705
c,0.0,0.0,0.32857142857142857,0.03571428571428571,0.6071428571428571,-0.07142857142857142,0.8142857142857143,-0.11428571428571428,1.0,-0.14285714285714285,0.5857142857142857,-0.4714285714285714,0.7071428571428572,-0.6785714285714286,0.8357142857142857,-0.7285714285714285,0.95,-0.7357142857142858,0.5285714285714286,-0.5214285714285715,0.6714285714285714,-0.7571428571428571,0.8285714285714286,-0.7714285714285715,0.9642857142857143,-0.7428571428571429,0.45714285714285713,-0.5357142857142857,0.6142857142857143,-0.7714285714285715,0.7785714285714286,-0.7928571428571428,0.9071428571428571,-0.7714285714285715,0.37857142857142856,-0.5285714285714286,0.5428571428571428,-0.7,0.6928571428571428,-0.75,0.8357142857142857,-0.7714285714285715
d,0.0,0.0,0.18128654970760233,-0.07017543859649122,0.30409356725146197,-0.23976608187134502,0.3567251461988304,-0.4093567251461988,0.30994152046783624,-0.543859649122807,0.2573099415204678,-0.5029239766081871,0.28654970760233917,-0.7309941520467836,0.30994152046783624,-0.8713450292397661,0.32748538011695905,-1.0,0.14035087719298245,-0.5087719298245614,0.2046783625730994,-0.6783625730994152,0.21637426900584794,-0.5087719298245614,0.2046783625730994,-0.3684210526315789,0.017543859649122806,-0.47368421052631576,0.08187134502923976,-0.5847953216374269,0.12280701754385964,-0.4093567251461988,0.1286549707602339,-0.27485380116959063,-0.10526315789473684,-0.4269005847953216,-0.04093567251461988,-0.5146198830409356,0.011695906432748537,-0.39766081871345027,0.029239766081871343,-0.2982456140350877
d,0.0,0.0,0.18023255813953487,-0.08139534883720931,0.3081395348837209,-0.25,0.36046511627906974,-0.4127906976744186,0.3081395348837209,-0.5523255813953488,0.26744186046511625,-0.5174418604651163,0.29651162790697677,-0.7441860465116279,0.313953488372093,-0.877906976744186,0.32558139534883723,-1.0,0.1511627906976744,-0.5174418604651163,0.20348837209302326,-0.6802325581395349,0.22093023255813954,-0.5116279069767442,0.21511627906976744,-0.37790697674418605,0.023255813953488372,-0.4883720930232558,0.0872093023255814,-0.5872093023255814,0.12790697674418605,-0.4069767441860465,0.12790697674418605,-0.28488372093023256,-0.09883720930232558,-0.436046511627907,-0.03488372093023256,-0.5174418604651163,0.01744186046511628,-0.4011627906976744,0.03488372093023256,-0.3023255813953488
d,0.0,0.0,0.18497109826589594,-0.08092485549132948,0.3063583815028902,-0.24855491329479767,0.3583815028901734,-0.41040462427745666,0.30057803468208094,-0.5491329479768786,0.26011560693641617,-0.5086705202312138,0.28901734104046245,-0.7341040462427746,0.3063583815028902,-0.8728323699421965,0.3179190751445087,-1.0,0.14450867052023122,-0.5144508670520231,0.2023121387283237,-0.6763005780346821,0.2138728323699422,-0.5086705202312138,0.20809248554913296,-0.37572254335260113,0.023121387283236993,-0.48554913294797686,0.08092485549132948,-0.5838150289017341,0.12716763005780346,-0.4046242774566474,0.12716763005780346,-0.2832369942196532,-0.10404624277456648,-0.43352601156069365,-0.04046242774566474,-0.5202312138728323,0.017341040462427744,-0.3988439306358382,0.028901734104046242,-0.30057803468208094
d,0.0,0.0,0.18497109826589594,-0.07514450867052024,0.3063583815028902,-0.24277456647398843,0.3583815028901734,-0.4046242774566474,0.3063583815028902,-0.5433526011560693,0.2658959537572254,-0.49710982658959535,0.2947976878612717,-0.7283236994219653,0.31213872832369943,-0.8728323699421965,0.3236994219653179,-1.0,0.15028901734104047,-0.49710982658959535,0.20809248554913296,-0.6647398843930635,0.21965317919075145,-0.49710982658959535,0.20809248554913296,-0.36416184971098264,0.028901734104046242,-0.4682080924855491,0.08670520231213873,-0.5780346820809249,0.1329479768786127,-0.4046242774566474,0.1329479768786127,-0.2774566473988439,-0.09826589595375723,-0.4161849710982659,-0.03468208092485549,-0.5144508670520231,0.017341040462427744,-0.3988439306358382,0.03468208092485549,-0.2947976878612717
d,0.0,0.0,0.19186046511627908,-0.08139534883720931,0.31976744186046513,-0.25,0.37209302325581395,-0.4127906976744186,0.31976744186046513,-0.5465116279069767,0.27325581395348836,-0.5058139534883721,0.3023255813953488,-0.7383720930232558,0.31976744186046513,-0.877906976744186,0.3313953488372093,-1.0,0.1569767441860465,-0.5116279069767442,0.21511627906976744,-0.6744186046511628,0.22674418604651161,-0.5116279069767442,0.21511627906976744,-0.37790697674418605,0.03488372093023256,-0.47674418604651164,0.09883720930232558,-0.5813953488372093,0.13953488372093023,-0.4069767441860465,0.13953488372093023,-0.28488372093023256,-0.09302325581395349,-0.42441860465116277,-0.023255813953488372,-0.5232558139534884,0.023255813953488372,-0.4011627906976744,0.040697674418604654,-0.3023255813953488
d,0.0,0.0,0.1791907514450867,-0.08092485549132948,0.3063583815028902,-0.24855491329479767,0.36416184971098264,-0.41040462427745666,0.3063583815028902,-0.5433526011560693,0.2658959537572254,-0.5028901734104047,0.2947976878612717,-0.7341040462427746,0.31213872832369943,-0.8728323699421965,0.3236994219653179,-1.0,0.15028901734104047,-0.5028901734104047,0.20809248554913296,-0.6705202312138728,0.21965317919075145,-0.5028901734104047,0.20809248554913296,-0.3699421965317919,0.023121387283236993,-0.47398843930635837,0.08670520231213873,-0.5780346820809249,0.12716763005780346,-0.3988439306358382,0.12716763005780346,-0.2774566473988439,-0.09826589595375723,-0.42196531791907516,-0.03468208092485549,-0.5144508670520231,0.017341040462427744,-0.3988439306358382,0.03468208092485549,-0.2947976878612717
d,0.0,0.0,0.18604651162790697,-0.08139534883720931,0.313953488372093,-0.25,0.37209302325581395,-0.4069767441860465,0.32558139534883723,-0.5465116279069767,0.27325581395348836,-0.5058139534883721,0.3023255813953488,-0.7383720930232558,0.31976744186046513,-0.877906976744186,0.3313953488372093,-1.0,0.16279069767441862,-0.5058139534883721,0.21511627906976744,-0.6744186046511628,0.22674418604651161,-0.5058139534883721,0.21511627906976744,-0.37209302325581395,0.03488372093023256,-0.47093023255813954,0.09883720930232558,-0.5813953488372093,0.13372093023255813,-0.4069767441860465,0.13953488372093023,-0.28488372093023256,-0.0872093023255814,-0.42441860465116277,-0.023255813953488372,-0.5232558139534884,0.029069767441860465,-0.4069767441860465,0.046511627906976744,-0.3023255813953488
d,0.0,0.0,0.18604651162790697,-0.08139534883720931,0.313953488372093,-0.25,0.36627906976744184,-0.4127906976744186,0.313953488372093,-0.5465116279069767,0.27325581395348836,-0.5058139534883721,0.3023255813953488,-0.7325581395348837,0.31976744186046513,-0.872093023255814,0.3313953488372093,-1.0,0.1511627906976744,-0.5116279069767442,0.20930232558139536,-0.6744186046511628,0.22093023255813954,-0.5058139534883721,0.21511627906976744,-0.37790697674418605,0.029069767441860465,-0.48255813953488375,0.0872093023255814,-0.5755813953488372,0.12790697674418605,-0.4011627906976744,0.12790697674418605,-0.27906976744186046,-0.09302325581395349,-0.43023255813953487,-0.029069767441860465,-0.5174418604651163,0.023255813953488372,-0.4011627906976744,0.040697674418604654,-0.29651162790697677
d,0.0,0.0,0.18023255813953487,-0.06976744186046512,0.3081395348837209,-0.23837209302325582,0.36046511627906974,-0.4011627906976744,0.3081395348837209,-0.5348837209302325,0.2616279069767442,-0.4941860465116279,0.29069767441860467,-0.7267441860465116,0.3081395348837209,-0.872093023255814,0.31976744186046513,-1.0,0.14534883720930233,-0.4941860465116279,0.20348837209302326,-0.6686046511627907,0.21511627906976744,-0.5,0.20930232558139536,-0.36627906976744184,0.023255813953488372,-0.46511627906976744,0.0872093023255814,-0.5697674418604651,0.12790697674418605,-0.3953488372093023,0.12790697674418605,-0.26744186046511625,-0.09883720930232558,-0.4127906976744186,-0.03488372093023256,-0.5116279069767442,0.01744186046511628,-0.3953488372093023,0.029069767441860465,-0.29069767441860467
d,0.0,0.0,0.18023255813953487,-0.0755813953488372,0.3081395348837209,-0.2441860465116279,0.36046511627906974,-0.4127906976744186,0.3023255813953488,-0.5465116279069767,0.2616279069767442,-0.5058139534883721,0.29069767441860467,-0.7267441860465116,0.3023255813953488,-0.872093023255814,0.31976744186046513,-1.0,0.14534883720930233,-0.5058139534883721,0.20348837209302326,-0.6627906976744186,0.21511627906976744,-0.4941860465116279,0.20930232558139536,-0.36046511627906974,0.023255813953488372,-0.47093023255813954,0.08139534883720931,-0.5813953488372093,0.12790697674418605,-0.4011627906976744,0.12790697674418605,-0.27325581395348836,-0.09883720930232558,-0.42441860465116277,-0.03488372093023256,-0.5174418604651163,0.011627906976744186,-0.4011627906976744,0.029069767441860465,-0.29651162790697677
d,0.0,0.0,0.18023255813953487,-0.06976744186046512,0.3081395348837209,-0.2441860465116279,0.36046511627906974,-0.4069767441860465,0.3081395348837209,-0.5406976744186046,0.2616279069767442,-0.5,0.29069767441860467,-0.7267441860465116,0.3081395348837209,-0.872093023255814,0.31976744186046513,-1.0,0.14534883720930233,-0.5058139534883721,0.20930232558139536,-0.6686046511627907,0.22093023255813954,-0.5,0.21511627906976744,-0.36046511627906974,0.023255813953488372,-0.47674418604651164,0.0872093023255814,-0.5813953488372093,0.12790697674418605,-0.4011627906976744,0.13372093023255813,-0.27906976744186046,-0.09883720930232558,-0.42441860465116277,-0.03488372093023256,-0.5174418604651163,0.01744186046511628,-0.3953488372093023,0.03488372093023256,-0.29651162790697677
d,0.0,0.0,0.18128654970760233,-0.07602339181286549,0.30994152046783624,-0.23976608187134502,0.3684210526315789,-0.40350877192982454,0.3157894736842105,-0.5380116959064327,0.26900584795321636,-0.5087719298245614,0.2982456140350877,-0.7309941520467836,0.3157894736842105,-0.8771929824561403,0.32748538011695905,-1.0,0.15204678362573099,-0.5146198830409356,0.21637426900584794,-0.672514619883041,0.22807017543859648,-0.49707602339181284,0.21637426900584794,-0.36257309941520466,0.029239766081871343,-0.4853801169590643,0.0935672514619883,-0.5847953216374269,0.13450292397660818,-0.40350877192982454,0.13450292397660818,-0.2807017543859649,-0.0935672514619883,-0.43859649122807015,-0.029239766081871343,-0.5146198830409356,0.023391812865497075,-0.391812865497076,0.04093567251461988,-0.2982456140350877
d,0.0,0.0,0.18497109826589594,-0.07514450867052024,0.31213872832369943,-0.24277456647398843,0.36416184971098264,-0.3988439306358382,0.31213872832369943,-0.5317919075144508,0.2658959537572254,-0.49710982658959535,0.2947976878612717,-0.7283236994219653,0.31213872832369943,-0.8728323699421965,0.32947976878612717,-1.0,0.15028901734104047,-0.5028901734104047,0.2138728323699422,-0.6647398843930635,0.2254335260115607,-0.5028901734104047,0.20809248554913296,-0.3699421965317919,0.028901734104046242,-0.47398843930635837,0.09248554913294797,-0.5722543352601156,0.1329479768786127,-0.3988439306358382,0.1329479768786127,-0.2774566473988439,-0.09248554913294797,-0.42196531791907516,-0.028901734104046242,-0.5144508670520231,0.023121387283236993,-0.3988439306358382,0.04046242774566474,-0.2947976878612717
d,0.0,0.0,0.1907514450867052,-0.07514450867052024,0.3179190751445087,-0.24277456647398843,0.37572254335260113,-0.4046242774566474,0.3179190751445087,-0.5433526011560693,0.2774566473988439,-0.5086705202312138,0.3063583815028902,-0.7341040462427746,0.3236994219653179,-0.8728323699421965,0.34104046242774566,-1.0,0.15606936416184972,-0.5086705202312138,0.21965317919075145,-0.6705202312138728,0.23121387283236994,-0.49710982658959535,0.21965317919075145,-0.36416184971098264,0.03468208092485549,-0.48554913294797686,0.10404624277456648,-0.5780346820809249,0.13872832369942195,-0.3988439306358382,0.13872832369942195,-0.2774566473988439,-0.08670520231213873,-0.43352601156069365,-0.017341040462427744,-0.5144508670520231,0.028901734104046242,-0.3930635838150289,0.04046242774566474,-0.30057803468208094
d,0.0,0.0,0.18604651162790697,-0.0755813953488372,0.313953488372093,-0.2441860465116279,0.37209302325581395,-0.4011627906976744,0.32558139534883723,-0.5406976744186046,0.27325581395348836,-0.5,0.3023255813953488,-0.7325581395348837,0.31976744186046513,-0.872093023255814,0.3372093023255814,-1.0,0.1569767441860465,-0.5058139534883721,0.22093023255813954,-0.6686046511627907,0.22674418604651161,-0.5058139534883721,0.21511627906976744,-0.37209302325581395,0.03488372093023256,-0.47093023255813954,0.09883720930232558,-0.5755813953488372,0.13372093023255813,-0.4011627906976744,0.13372093023255813,-0.27906976744186046,-0.0872093023255814,-0.42441860465116277,-0.023255813953488372,-0.5174418604651163,0.029069767441860465,-0.3953488372093023,0.046511627906976744,-0.29651162790697677
d,0.0,0.0,0.19186046511627908,-0.0755813953488372,0.31976744186046513,-0.23837209302325582,0.37790697674418605,-0.4011627906976744,0.31976744186046513,-0.5290697674418605,0.27325581395348836,-0.5058139534883721,0.3023255813953488,-0.7325581395348837,0.31976744186046513,-0.872093023255814,0.3430232558139535,-1.0,0.1569767441860465,-0.5116279069767442,0.22093023255813954,-0.6627906976744186,0.23837209302325582,-0.4941860465116279,0.22674418604651161,-0.36046511627906974,0.03488372093023256,-0.48255813953488375,0.10465116279069768,-0.5755813953488372,0.14534883720930233,-0.3953488372093023,0.13953488372093023,-0.27325581395348836,-0.0872093023255814,-0.43023255813953487,-0.01744186046511628,-0.5116279069767442,0.03488372093023256,-0.38953488372093026,0.046511627906976744,-0.29069767441860467
d,0.0,0.0,0.18023255813953487,-0.06976744186046512,0.313953488372093,-0.2441860465116279,0.37209302325581395,-0.4069767441860465,0.31976744186046513,-0.5348837209302325,0.26744186046511625,-0.5116279069767442,0.29651162790697677,-0.7383720930232558,0.31976744186046513,-0.877906976744186,0.3372093023255814,-1.0,0.1511627906976744,-0.5174418604651163,0.22093023255813954,-0.6744186046511628,0.23255813953488372,-0.5058139534883721,0.22093023255813954,-0.37209302325581395,0.029069767441860465,-0.4883720930232558,0.09883720930232558,-0.5813953488372093,0.13953488372093023,-0.4011627906976744,0.13953488372093023,-0.27906976744186046,-0.09302325581395349,-0.4418604651162791,-0.023255813953488372,-0.5116279069767442,0.029069767441860465,-0.38953488372093026,0.046511627906976744,-0.29651162790697677
d,0.0,0.0,0.17341040462427745,-0.07514450867052024,0.3063583815028902,-0.24277456647398843,0.3583815028901734,-0.41040462427745666,0.30057803468208094,-0.5375722543352601,0.26011560693641617,-0.5086705202312138,0.28901734104046245,-0.7341040462427746,0.3063583815028902,-0.8728323699421965,0.32947976878612717,-1.0,0.14450867052023122,-0.5202312138728323,0.20809248554913296,-0.6820809248554913,0.21965317919075145,-0.5086705202312138,0.20809248554913296,-0.37572254335260113,0.023121387283236993,-0.4913294797687861,0.08670520231213873,-0.5780346820809249,0.12716763005780346,-0.3988439306358382,0.12716763005780346,-0.2774566473988439,-0.09826589595375723,-0.4393063583815029,-0.028901734104046242,-0.5144508670520231,0.023121387283236993,-0.3930635838150289,0.03468208092485549,-0.30057803468208094
d,0.0,0.0,0.18497109826589594,-0.06936416184971098,0.31213872832369943,-0.24277456647398843,0.3699421965317919,-0.4046242774566474,0.3179190751445087,-0.5317919075144508,0.27167630057803466,-0.5086705202312138,0.30057803468208094,-0.7398843930635838,0.3179190751445087,-0.8786127167630058,0.3352601156069364,-1.0,0.15606936416184972,-0.5144508670520231,0.20809248554913296,-0.6705202312138728,0.2254335260115607,-0.49710982658959535,0.2138728323699422,-0.3699421965317919,0.03468208092485549,-0.48554913294797686,0.09826589595375723,-0.5780346820809249,0.1329479768786127,-0.4046242774566474,0.1329479768786127,-0.2774566473988439,-0.08670520231213873,-0.4393063583815029,-0.023121387283236993,-0.5144508670520231,0.028901734104046242,-0.3930635838150289,0.04046242774566474,-0.2947976878612717
d,0.0,0.0,0.18023255813953487,-0.0755813953488372,0.313953488372093,-0.2441860465116279,0.36627906976744184,-0.4127906976744186,0.3081395348837209,-0.5465116279069767,0.26744186046511625,-0.5116279069767442,0.29651162790697677,-0.7441860465116279,0.31976744186046513,-0.877906976744186,0.3372093023255814,-1.0,0.1511627906976744,-0.5174418604651163,0.21511627906976744,-0.6802325581395349,0.22093023255813954,-0.5058139534883721,0.20930232558139536,-0.37790697674418605,0.029069767441860465,-0.4883720930232558,0.09302325581395349,-0.5872093023255814,0.12790697674418605,-0.4069767441860465,0.12790697674418605,-0.27906976744186046,-0.09302325581395349,-0.4418604651162791,-0.029069767441860465,-0.5174418604651163,0.01744186046511628,-0.3953488372093023,0.03488372093023256,-0.29651162790697677
e,0.0,0.0,0.2782608695652174,0.05217391304347826,0.5478260869565217,-0.10434782608695652,0.6695652173913044,-0.28695652173913044,0.5478260869565217,-0.4260869565217391,0.4608695652173913,-0.5739130434782609,0.5130434782608696,-0.8869565217391304,0.5304347826086957,-0.8434782608695652,0.48695652173913045,-0.6956521739130435,0.2956521739130435,-0.6347826086956522,0.3391304347826087,-1.0,0.3565217391304348,-0.9217391304347826,0.3217391304347826,-0.7478260869565218,0.13043478260869565,-0.6434782608695652,0.1565217391304348,-0.9652173913043478,0.2,-0.9130434782608695,0.16521739130434782,-0.7478260869565218,-0.034782608695652174,-0.6173913043478261,-0.008695652173913044,-0.8782608695652174,0.02608695652173913,-0.8521739130434782,0.017391304347826087,-0.7217391304347827
e,0.0,0.0,0.2894736842105263,0.043859649122807015,0.5614035087719298,-0.11403508771929824,0.6842105263157895,-0.30701754385964913,0.5614035087719298,-0.4298245614035088,0.4824561403508772,-0.5789473684210527,0.543859649122807,-0.8859649122807017,0.5614035087719298,-0.8421052631578947,0.5175438596491229,-0.7017543859649122,0.3157894736842105,-0.6403508771929824,0.3684210526315789,-1.0,0.38596491228070173,-0.9298245614035088,0.34210526315789475,-0.7543859649122807,0.15789473684210525,-0.6491228070175439,0.18421052631578946,-0.9736842105263158,0.22807017543859648,-0.9210526315789473,0.19298245614035087,-0.7543859649122807,-0.017543859649122806,-0.6228070175438597,0.017543859649122806,-0.8859649122807017,0.06140350877192982,-0.8596491228070176,0.05263157894736842,-0.7456140350877193
e,0.0,0.0,0.2920353982300885,0.05309734513274336,0.5752212389380531,-0.09734513274336283,0.6902654867256637,-0.3008849557522124,0.5663716814159292,-0.4424778761061947,0.49557522123893805,-0.5752212389380531,0.5575221238938053,-0.8849557522123894,0.584070796460177,-0.8495575221238938,0.5309734513274337,-0.6991150442477876,0.336283185840708,-0.6371681415929203,0.3805309734513274,-1.0,0.39823008849557523,-0.9203539823008849,0.36283185840707965,-0.7522123893805309,0.168141592920354,-0.6460176991150443,0.20353982300884957,-0.9734513274336283,0.23893805309734514,-0.9292035398230089,0.20353982300884957,-0.7610619469026548,-0.008849557522123894,-0.6194690265486725,0.02654867256637168,-0.8849557522123894,0.061946902654867256,-0.8584070796460177,0.061946902654867256,-0.7345132743362832
e,0.0,0.0,0.29464285714285715,0.05357142857142857,0.5625,-0.08035714285714286,0.6875,-0.2767857142857143,0.5803571428571429,-0.41964285714285715,0.49107142857142855,-0.5714285714285714,0.5535714285714286,-0.8839285714285714,0.5803571428571429,-0.8392857142857143,0.5357142857142857,-0.6964285714285714,0.33035714285714285,-0.6339285714285714,0.39285714285714285,-1.0,0.4017857142857143,-0.9196428571428571,0.35714285714285715,-0.7410714285714286,0.16964285714285715,-0.6428571428571429,0.19642857142857142,-0.9821428571428571,0.23214285714285715,-0.9196428571428571,0.19642857142857142,-0.7589285714285714,-0.008928571428571428,-0.625,0.017857142857142856,-0.8928571428571429,0.05357142857142857,-0.8660714285714286,0.044642857142857144,-0.7321428571428571
e,0.0,0.0,0.2818181818181818,0.07272727272727272,0.5545454545454546,-0.06363636363636363,0.6909090909090909,-0.2545454545454545,0.6,-0.4,0.5,-0.5636363636363636,0.5727272727272728,-0.8727272727272727,0.5909090909090909,-0.8272727272727273,0.5454545454545454,-0.6818181818181818,0.33636363636363636,-0.6363636363636364,0.4,-1.0,0.4090909090909091,-0.9181818181818182,0.36363636363636365,-0.7363636363636363,0.16363636363636364,-0.6545454545454545,0.20909090909090908,-0.9818181818181818,0.23636363636363636,-0.9272727272727272,0.2,-0.7545454545454545,-0.00909090909090909,-0.6363636363636364,0.01818181818181818,-0.9,0.06363636363636363,-0.8727272727272727,0.05454545454545454,-0.7363636363636363
e,0.0,0.0,0.28440366972477066,0.07339449541284404,0.5688073394495413,-0.06422018348623854,0.7064220183486238,-0.25688073394495414,0.6238532110091743,-0.3944954128440367,0.5137614678899083,-0.5688073394495413,0.5871559633027523,-0.8715596330275229,0.6055045871559633,-0.8348623853211009,0.5596330275229358,-0.6880733944954128,0.3486238532110092,-0.6422018348623854,0.41284403669724773,-1.0,0.42201834862385323,-0.926605504587156,0.3669724770642202,-0.7522935779816514,0.1743119266055046,-0.6513761467889908,0.22018348623853212,-0.9908256880733946,0.24770642201834864,-0.9357798165137615,0.2018348623853211,-0.7614678899082569,-0.009174311926605505,-0.6330275229357798,0.027522935779816515,-0.908256880733945,0.06422018348623854,-0.8807339449541285,0.05504587155963303,-0.7431192660550459
e,0.0,0.0,0.28440366972477066,0.06422018348623854,0.5504587155963303,-0.06422018348623854,0.6880733944954128,-0.23853211009174313,0.6513761467889908,-0.3853211009174312,0.5045871559633027,-0.5596330275229358,0.5871559633027523,-0.8715596330275229,0.6146788990825688,-0.8348623853211009,0.5596330275229358,-0.6880733944954128,0.3486238532110092,-0.6330275229357798,0.41284403669724773,-1.0,0.43119266055045874,-0.926605504587156,0.3853211009174312,-0.7522935779816514,0.1743119266055046,-0.6513761467889908,0.22018348623853212,-0.9908256880733946,0.25688073394495414,-0.9357798165137615,0.21100917431192662,-0.7706422018348624,-0.009174311926605505,-0.6422018348623854,0.03669724770642202,-0.908256880733945,0.07339449541284404,-0.8807339449541285,0.06422018348623854,-0.7522935779816514
e,0.0,0.0,0.2909090909090909,0.06363636363636363,0.5636363636363636,-0.07272727272727272,0.7,-0.2545454545454545,0.6181818181818182,-0.39090909090909093,0.5272727272727272,-0.5636363636363636,0.6,-0.8727272727272727,0.6181818181818182,-0.8272727272727273,0.5636363636363636,-0.6818181818181818,0.36363636363636365,-0.6363636363636364,0.42727272727272725,-1.0,0.43636363636363634,-0.9181818181818182,0.39090909090909093,-0.7454545454545455,0.19090909090909092,-0.6545454545454545,0.23636363636363636,-0.990909090909091,0.2727272727272727,-0.9272727272727272,0.22727272727272727,-0.7636363636363637,0.00909090909090909,-0.6454545454545455,0.05454545454545454,-0.9090909090909091,0.09090909090909091,-0.8818181818181818,0.08181818181818182,-0.7545454545454545
e,0.0,0.0,0.28703703703703703,0.08333333333333333,0.5740740740740741,-0.046296296296296294,0.7129629629629629,-0.23148148148148148,0.6388888888888888,-0.37962962962962965,0.5370370370370371,-0.5462962962962963,0.6203703703703703,-0.8611111111111112,0.6388888888888888,-0.8240740740740741,0.5833333333333334,-0.6759259259259259,0.37037037037037035,-0.6203703703703703,0.4444444444444444,-1.0,0.4537037037037037,-0.9166666666666666,0.39814814814814814,-0.7407407407407407,0.2037037037037037,-0.6481481481481481,0.25,-0.9907407407407407,0.28703703703703703,-0.9259259259259259,0.23148148148148148,-0.7592592592592593,0.018518518518518517,-0.6388888888888888,0.05555555555555555,-0.9074074074074074,0.09259259259259259,-0.8703703703703703,0.08333333333333333,-0.7407407407407407
e,0.0,0.0,0.2909090909090909,0.06363636363636363,0.5636363636363636,-0.05454545454545454,0.7090909090909091,-0.24545454545454545,0.6272727272727273,-0.38181818181818183,0.5272727272727272,-0.5636363636363636,0.6090909090909091,-0.8636363636363636,0.6272727272727273,-0.8181818181818182,0.5727272727272728,-0.6727272727272727,0.36363636363636365,-0.6363636363636364,0.43636363636363634,-1.0,0.45454545454545453,-0.9181818181818182,0.4,-0.7363636363636363,0.19090909090909092,-0.6545454545454545,0.2545454545454545,-0.9818181818181818,0.2909090909090909,-0.9272727272727272,0.23636363636363636,-0.7636363636363637,0.01818181818181818,-0.6363636363636364,0.05454545454545454,-0.9,0.1,-0.8818181818181818,0.09090909090909091,-0.7545454545454545
e,0.0,0.0,0.28440366972477066,0.06422018348623854,0.5596330275229358,-0.05504587155963303,0.6972477064220184,-0.24770642201834864,0.6238532110091743,-0.3944954128440367,0.5229357798165137,-0.5596330275229358,0.5963302752293578,-0.8623853211009175,0.6146788990825688,-0.8256880733944955,0.5688073394495413,-0.6697247706422018,0.3577981651376147,-0.6422018348623854,0.43119266055045874,-1.0,0.43119266055045874,-0.9174311926605505,0.3853211009174312,-0.7339449541284404,0.1834862385321101,-0.6605504587155964,0.23853211009174313,-0.981651376146789,0.26605504587155965,-0.926605504587156,0.21100917431192662,-0.7614678899082569,0.0,-0.6422018348623854,0.045871559633027525,-0.908256880733945,0.08256880733944955,-0.8807339449541285,0.06422018348623854,-0.7522935779816514
e,0.0,0.0,0.29357798165137616,0.06422018348623854,0.5779816513761468,-0.05504587155963303,0.7155963302752294,-0.25688073394495414,0.6055045871559633,-0.4036697247706422,0.5321100917431193,-0.5596330275229358,0.6146788990825688,-0.8715596330275229,0.6330275229357798,-0.8256880733944955,0.5688073394495413,-0.6880733944954128,0.3669724770642202,-0.6238532110091743,0.44036697247706424,-1.0,0.45871559633027525,-0.926605504587156,0.4036697247706422,-0.7522935779816514,0.2018348623853211,-0.6422018348623854,0.24770642201834864,-0.981651376146789,0.28440366972477066,-0.926605504587156,0.23853211009174313,-0.7614678899082569,0.01834862385321101,-0.6330275229357798,0.05504587155963303,-0.8990825688073395,0.09174311926605505,-0.8807339449541285,0.08256880733944955,-0.7522935779816514
e,0.0,0.0,0.2909090909090909,0.06363636363636363,0.5727272727272728,-0.06363636363636363,0.7090909090909091,-0.2545454545454545,0.6,-0.38181818181818183,0.509090909090909,-0.5636363636363636,0.5818181818181818,-0.8727272727272727,0.6,-0.8272727272727273,0.5454545454545454,-0.6818181818181818,0.35454545454545455,-0.6272727272727273,0.4090909090909091,-1.0,0.42727272727272725,-0.9090909090909091,0.38181818181818183,-0.7454545454545455,0.18181818181818182,-0.6363636363636364,0.21818181818181817,-0.9727272727272728,0.2545454545454545,-0.9181818181818182,0.20909090909090908,-0.7545454545454545,0.0,-0.6181818181818182,0.02727272727272727,-0.8909090909090909,0.07272727272727272,-0.8636363636363636,0.06363636363636363,-0.7363636363636363
e,0.0,0.0,0.2882882882882883,0.05405405405405406,0.5585585585585585,-0.08108108108108109,0.6936936936936937,-0.2702702702702703,0.5945945945945946,-0.40540540540540543,0.4864864864864865,-0.5765765765765766,0.5495495495495496,-0.8828828828828829,0.5675675675675675,-0.8378378378378378,0.5225225225225225,-0.6846846846846847,0.32432432432432434,-0.6306306306306306,0.3783783783783784,-1.0,0.3963963963963964,-0.9099099099099099,0.35135135135135137,-0.7297297297297297,0.15315315315315314,-0.6396396396396397,0.1891891891891892,-0.972972972972973,0.23423423423423423,-0.9099099099099099,0.1891891891891892,-0.7477477477477478,-0.018018018018018018,-0.6216216216216216,0.009009009009009009,-0.8828828828828829,0.05405405405405406,-0.8558558558558559,0.04504504504504504,-0.7297297297297297
e,0.0,0.0,0.29464285714285715,0.03571428571428571,0.5625,-0.10714285714285714,0.6785714285714286,-0.30357142857142855,0.5625,-0.4375,0.45535714285714285,-0.5803571428571429,0.5089285714285714,-0.8928571428571429,0.5267857142857143,-0.8571428571428571,0.49107142857142855,-0.7053571428571429,0.29464285714285715,-0.6339285714285714,0.33035714285714285,-1.0,0.3482142857142857,-0.9196428571428571,0.3125,-0.7410714285714286,0.125,-0.6339285714285714,0.14285714285714285,-0.9732142857142857,0.1875,-0.9196428571428571,0.16071428571428573,-0.75,-0.044642857142857144,-0.6071428571428571,-0.026785714285714284,-0.875,0.008928571428571428,-0.8482142857142857,0.017857142857142856,-0.7232142857142857
e,0.0,0.0,0.3125,0.044642857142857144,0.5803571428571429,-0.10714285714285714,0.6964285714285714,-0.32142857142857145,0.5535714285714286,-0.44642857142857145,0.4642857142857143,-0.5803571428571429,0.5089285714285714,-0.9017857142857143,0.5267857142857143,-0.8482142857142857,0.49107142857142855,-0.7053571428571429,0.29464285714285715,-0.625,0.32142857142857145,-1.0,0.3392857142857143,-0.9107142857142857,0.3125,-0.7410714285714286,0.125,-0.6160714285714286,0.125,-0.9553571428571429,0.17857142857142858,-0.9017857142857143,0.15178571428571427,-0.7321428571428571,-0.05357142857142857,-0.5803571428571429,-0.044642857142857144,-0.8571428571428571,0.0,-0.8303571428571429,0.008928571428571428,-0.7053571428571429
e,0.0,0.0,0.3103448275862069,0.017241379310344827,0.5603448275862069,-0.14655172413793102,0.6724137931034483,-0.3448275862068966,0.5431034482758621,-0.45689655172413796,0.4482758620689655,-0.5948275862068966,0.49137931034482757,-0.9051724137931034,0.5,-0.8620689655172413,0.46551724137931033,-0.7241379310344828,0.29310344827586204,-0.6379310344827587,0.3017241379310345,-1.0,0.3275862068965517,-0.9224137931034483,0.3017241379310345,-0.7586206896551724,0.12931034482758622,-0.6293103448275862,0.1206896551724138,-0.9655172413793104,0.16379310344827586,-0.9051724137931034,0.14655172413793102,-0.7413793103448276,-0.04310344827586207,-0.5948275862068966,-0.05172413793103448,-0.853448275862069,-0.008620689655172414,-0.8275862068965517,0.0,-0.7068965517241379
e,0.0,0.0,0.30701754385964913,0.017543859649122806,0.5701754385964912,-0.14912280701754385,0.6754385964912281,-0.3508771929824561,0.5526315789473685,-0.47368421052631576,0.45614035087719296,-0.5877192982456141,0.49122807017543857,-0.9035087719298246,0.5,-0.868421052631579,0.47368421052631576,-0.7280701754385965,0.2894736842105263,-0.631578947368421,0.2982456140350877,-1.0,0.3157894736842105,-0.9385964912280702,0.2894736842105263,-0.7719298245614035,0.12280701754385964,-0.6228070175438597,0.11403508771929824,-0.9649122807017544,0.15789473684210525,-0.9035087719298246,0.14035087719298245,-0.7368421052631579,-0.05263157894736842,-0.5964912280701754,-0.06140350877192982,-0.8508771929824561,-0.017543859649122806,-0.8245614035087719,-0.008771929824561403,-0.7017543859649122
e,0.0,0.0,0.30434782608695654,0.008695652173913044,0.5565217391304348,-0.14782608695652175,0.6695652173913044,-0.3565217391304348,0.5391304347826087,-0.48695652173913045,0.4434782608695652,-0.6,0.4782608695652174,-0.8956521739130435,0.48695652173913045,-0.8608695652173913,0.4608695652173913,-0.7304347826086957,0.28695652173913044,-0.6347826086956522,0.28695652173913044,-1.0,0.3130434782608696,-0.9217391304347826,0.28695652173913044,-0.7565217391304347,0.12173913043478261,-0.6260869565217392,0.10434782608695652,-0.9565217391304348,0.14782608695652175,-0.8956521739130435,0.1391304347826087,-0.7304347826086957,-0.05217391304347826,-0.591304347826087,-0.06086956521739131,-0.8434782608695652,-0.02608695652173913,-0.8173913043478261,-0.008695652173913044,-0.6956521739130435
e,0.0,0.0,0.3130434782608696,0.008695652173913044,0.5652173913043478,-0.1565217391304348,0.6695652173913044,-0.3565217391304348,0.5304347826086957,-0.46956521739130436,0.45217391304347826,-0.591304347826087,0.4782608695652174,-0.8956521739130435,0.4782608695652174,-0.8695652173913043,0.4434782608695652,-0.7304347826086957,0.2782608695652174,-0.6260869565217392,0.2782608695652174,-1.0,0.2956521739130435,-0.9304347826086956,0.2782608695652174,-0.7652173913043478,0.11304347826086956,-0.6173913043478261,0.09565217391304348,-0.9478260869565217,0.1391304347826087,-0.8956521739130435,0.12173913043478261,-0.7304347826086957,-0.06086956521739131,-0.5739130434782609,-0.06956521739130435,-0.8434782608695652,-0.02608695652173913,-0.8173913043478261,-0.017391304347826087,-0.6956521739130435
f,0.0,0.0,-0.22580645161290322,-0.05913978494623656,-0.40860215053763443,-0.1827956989247312,-0.521505376344086,-0.27956989247311825,-0.4946236559139785,-0.3548387096774194,-0.26344086021505375,-0.45698924731182794,-0.3602150537634409,-0.5806451612903226,-0.43010752688172044,-0.521505376344086,-0.46236559139784944,-0.44086021505376344,-0.16129032258064516,-0.510752688172043,-0.24193548387096775,-0.7311827956989247,-0.3172043010752688,-0.8602150537634409,-0.3763440860215054,-0.9731182795698925,-0.04838709677419355,-0.510752688172043,-0.0913978494623656,-0.7311827956989247,-0.13978494623655913,-0.8709677419354839,-0.1774193548387097,-1.0,0.06989247311827956,-0.46236559139784944,0.07526881720430108,-0.6451612903225806,0.06989247311827956,-0.7580645161290323,0.053763440860215055,-0.8655913978494624
f,0.0,0.0,-0.22282608695652173,-0.03804347826086957,-0.41304347826086957,-0.16847826086956522,-0.532608695652174,-0.2608695652173913,-0.5380434782608695,-0.3423913043478261,-0.29347826086956524,-0.44565217391304346,-0.41304347826086957,-0.5597826086956522,-0.483695652173913,-0.483695652173913,-0.5,-0.3967391304347826,-0.20108695652173914,-0.5054347826086957,-0.28804347826086957,-0.7228260869565217,-0.375,-0.8478260869565217,-0.44021739130434784,-0.9565217391304348,-0.09239130434782608,-0.5108695652173914,-0.15217391304347827,-0.7391304347826086,-0.20652173913043478,-0.875,-0.2554347826086957,-1.0,0.016304347826086956,-0.46195652173913043,0.005434782608695652,-0.6413043478260869,-0.016304347826086956,-0.7608695652173914,-0.03804347826086957,-0.875
f,0.0,0.0,-0.2265193370165746,-0.03314917127071823,-0.4198895027624309,-0.15469613259668508,-0.5414364640883977,-0.24861878453038674,-0.5469613259668509,-0.3370165745856354,-0.2983425414364641,-0.4419889502762431,-0.4143646408839779,-0.56353591160221,-0.48066298342541436,-0.48066298342541436,-0.5082872928176796,-0.3867403314917127,-0.20441988950276244,-0.5027624309392266,-0.2983425414364641,-0.7237569060773481,-0.3812154696132597,-0.850828729281768,-0.44751381215469616,-0.9558011049723757,-0.09392265193370165,-0.5138121546961326,-0.15469613259668508,-0.7348066298342542,-0.2154696132596685,-0.8784530386740331,-0.26519337016574585,-1.0,0.016574585635359115,-0.4696132596685083,0.0055248618784530384,-0.6464088397790055,-0.011049723756906077,-0.7679558011049724,-0.03867403314917127,-0.8729281767955801
f,0.0,0.0,-0.21978021978021978,-0.03296703296703297,-0.41208791208791207,-0.15934065934065933,-0.532967032967033,-0.25274725274725274,-0.5274725274725275,-0.34065934065934067,-0.29120879120879123,-0.44505494505494503,-0.4010989010989011,-0.5604395604395604,-0.46703296703296704,-0.4835164835164835,-0.489010989010989,-0.3901098901098901,-0.1978021978021978,-0.5054945054945055,-0.2857142857142857,-0.7197802197802198,-0.36813186813186816,-0.8461538461538461,-0.4340659340659341,-0.9560439560439561,-0.08791208791208792,-0.510989010989011,-0.14835164835164835,-0.7362637362637363,-0.2032967032967033,-0.8736263736263736,-0.25274725274725274,-1.0,0.02197802197802198,-0.46703296703296704,0.01098901098901099,-0.6483516483516484,-0.01098901098901099,-0.7637362637362637,-0.03296703296703297,-0.8791208791208791
f,0.0,0.0,-0.2265193370165746,-0.03867403314917127,-0.4143646408839779,-0.16022099447513813,-0.5359116022099447,-0.2541436464088398,-0.5359116022099447,-0.3370165745856354,-0.292817679558011,-0.4419889502762431,-0.40331491712707185,-0.5580110497237569,-0.47513812154696133,-0.48066298342541436,-0.4972375690607735,-0.39226519337016574,-0.19889502762430938,-0.5027624309392266,-0.292817679558011,-0.7182320441988951,-0.3701657458563536,-0.850828729281768,-0.4419889502762431,-0.9613259668508287,-0.08839779005524862,-0.5082872928176796,-0.14917127071823205,-0.7348066298342542,-0.20994475138121546,-0.8784530386740331,-0.2541436464088398,-1.0,0.022099447513812154,-0.4696132596685083,0.011049723756906077,-0.6519337016574586,-0.011049723756906077,-0.7679558011049724,-0.03314917127071823,-0.8839779005524862
f,0.0,0.0,-0.22777777777777777,-0.03333333333333333,-0.4222222222222222,-0.15555555555555556,-0.5444444444444444,-0.25555555555555554,-0.5333333333333333,-0.3388888888888889,-0.28888888888888886,-0.4444444444444444,-0.4,-0.5555555555555556,-0.4722222222222222,-0.48333333333333334,-0.5,-0.39444444444444443,-0.19444444444444445,-0.5055555555555555,-0.28888888888888886,-0.7222222222222222,-0.37222222222222223,-0.8555555555555555,-0.4388888888888889,-0.9666666666666667,-0.08888888888888889,-0.5111111111111111,-0.15,-0.7388888888888889,-0.20555555555555555,-0.8777777777777778,-0.25,-1.0,0.022222222222222223,-0.4722222222222222,0.011111111111111112,-0.6555555555555556,-0.005555555555555556,-0.7722222222222223,-0.027777777777777776,-0.8833333333333333
f,0.0,0.0,-0.2265193370165746,-0.03867403314917127,-0.4143646408839779,-0.16022099447513813,-0.5359116022099447,-0.2596685082872928,-0.5303867403314917,-0.3370165745856354,-0.292817679558011,-0.44751381215469616,-0.4088397790055249,-0.5580110497237569,-0.47513812154696133,-0.47513812154696133,-0.5027624309392266,-0.3812154696132597,-0.19889502762430938,-0.5082872928176796,-0.292817679558011,-0.7237569060773481,-0.3701657458563536,-0.856353591160221,-0.43646408839779005,-0.9668508287292817,-0.08839779005524862,-0.5138121546961326,-0.14917127071823205,-0.7403314917127072,-0.20441988950276244,-0.8729281767955801,-0.24861878453038674,-1.0,0.027624309392265192,-0.47513812154696133,0.011049723756906077,-0.6574585635359116,-0.0055248618784530384,-0.7734806629834254,-0.027624309392265192,-0.8784530386740331
f,0.0,0.0,-0.21978021978021978,-0.038461538461538464,-0.41208791208791207,-0.16483516483516483,-0.532967032967033,-0.25824175824175827,-0.532967032967033,-0.34065934065934067,-0.29120879120879123,-0.45054945054945056,-0.4010989010989011,-0.5604395604395604,-0.4725274725274725,-0.4835164835164835,-0.5,-0.3901098901098901,-0.1978021978021978,-0.510989010989011,-0.29120879120879123,-0.7252747252747253,-0.36813186813186816,-0.8571428571428571,-0.43956043956043955,-0.967032967032967,-0.08791208791208792,-0.521978021978022,-0.14835164835164835,-0.7362637362637363,-0.2032967032967033,-0.8736263736263736,-0.25274725274725274,-1.0,0.02197802197802198,-0.47802197802197804,0.01098901098901099,-0.6593406593406593,-0.01098901098901099,-0.7747252747252747,-0.03296703296703297,-0.8846153846153846
f,0.0,0.0,-0.22777777777777777,-0.03333333333333333,-0.4222222222222222,-0.15555555555555556,-0.55,-0.25555555555555554,-0.5444444444444444,-0.3388888888888889,-0.3,-0.4444444444444444,-0.4111111111111111,-0.5611111111111111,-0.48333333333333334,-0.48333333333333334,-0.5111111111111111,-0.3888888888888889,-0.20555555555555555,-0.5111111111111111,-0.3,-0.7277777777777777,-0.38333333333333336,-0.8611111111111112,-0.45,-0.9722222222222222,-0.09444444444444444,-0.5166666666666667,-0.15555555555555556,-0.7388888888888889,-0.2111111111111111,-0.8777777777777778,-0.25555555555555554,-1.0,0.016666666666666666,-0.4777777777777778,0.005555555555555556,-0.6611111111111111,-0.011111111111111112,-0.7777777777777778,-0.03333333333333333,-0.8833333333333333
f,0.0,0.0,-0.2222222222222222,-0.03888888888888889,-0.4166666666666667,-0.16111111111111112,-0.5388888888888889,-0.25555555555555554,-0.5388888888888889,-0.3388888888888889,-0.29444444444444445,-0.4444444444444444,-0.40555555555555556,-0.5611111111111111,-0.4777777777777778,-0.48333333333333334,-0.5055555555555555,-0.39444444444444443,-0.2,-0.5111111111111111,-0.29444444444444445,-0.7277777777777777,-0.37777777777777777,-0.8611111111111112,-0.4444444444444444,-0.9722222222222222,-0.08888888888888889,-0.5166666666666667,-0.15,-0.7388888888888889,-0.20555555555555555,-0.8777777777777778,-0.25555555555555554,-1.0,0.022222222222222223,-0.4777777777777778,0.011111111111111112,-0.6611111111111111,-0.005555555555555556,-0.7777777777777778,-0.027777777777777776,-0.8833333333333333
f,0.0,0.0,-0.2265193370165746,-0.04419889502762431,-0.4143646408839779,-0.16022099447513813,-0.5359116022099447,-0.2541436464088398,-0.5359116022099447,-0.3370165745856354,-0.287292817679558,-0.44751381215469616,-0.40331491712707185,-0.5580110497237569,-0.4696132596685083,-0.48066298342541436,-0.4972375690607735,-0.39226519337016574,-0.19337016574585636,-0.5082872928176796,-0.287292817679558,-0.7237569060773481,-0.3701657458563536,-0.856353591160221,-0.43646408839779005,-0.9668508287292817,-0.08287292817679558,-0.5138121546961326,-0.143646408839779,-0.7348066298342542,-0.20441988950276244,-0.8729281767955801,-0.24861878453038674,-1.0,0.027624309392265192,-0.47513812154696133,0.016574585635359115,-0.6519337016574586,-0.0055248618784530384,-0.7734806629834254,-0.027624309392265192,-0.8839779005524862
f,0.0,0.0,-0.2265193370165746,-0.03867403314917127,-0.4143646408839779,-0.16022099447513813,-0.5359116022099447,-0.2541436464088398,-0.5303867403314917,-0.3425414364640884,-0.287292817679558,-0.44751381215469616,-0.40331491712707185,-0.5580110497237569,-0.4696132596685083,-0.48066298342541436,-0.4972375690607735,-0.3867403314917127,-0.19337016574585636,-0.5082872928176796,-0.287292817679558,-0.7237569060773481,-0.3701657458563536,-0.856353591160221,-0.43646408839779005,-0.9668508287292817,-0.08287292817679558,-0.5138121546961326,-0.143646408839779,-0.7348066298342542,-0.19889502762430938,-0.8784530386740331,-0.24861878453038674,-1.0,0.027624309392265192,-0.4696132596685083,0.016574585635359115,-0.6519337016574586,-0.0055248618784530384,-0.7734806629834254,-0.022099447513812154,-0.8839779005524862
f,0.0,0.0,-0.2265193370165746,-0.04419889502762431,-0.4198895027624309,-0.16022099447513813,-0.5359116022099447,-0.2541436464088398,-0.5414364640883977,-0.3425414364640884,-0.292817679558011,-0.44751381215469616,-0.40331491712707185,-0.5580110497237569,-0.47513812154696133,-0.4861878453038674,-0.5027624309392266,-0.39226519337016574,-0.19889502762430938,-0.5082872928176796,-0.287292817679558,-0.7292817679558011,-0.3701657458563536,-0.856353591160221,-0.4419889502762431,-0.9668508287292817,-0.08839779005524862,-0.5193370165745856,-0.143646408839779,-0.7348066298342542,-0.19889502762430938,-0.8784530386740331,-0.24861878453038674,-1.0,0.022099447513812154,-0.48066298342541436,0.016574585635359115,-0.6574585635359116,-0.0055248618784530384,-0.7734806629834254,-0.027624309392265192,-0.8839779005524862
f,0.0,0.0,-0.2222222222222222,-0.044444444444444446,-0.4166666666666667,-0.16111111111111112,-0.5388888888888889,-0.25555555555555554,-0.5388888888888889,-0.34444444444444444,-0.29444444444444445,-0.45,-0.40555555555555556,-0.5555555555555556,-0.4777777777777778,-0.48333333333333334,-0.5055555555555555,-0.3888888888888889,-0.2,-0.5111111111111111,-0.29444444444444445,-0.7333333333333333,-0.37777777777777777,-0.8611111111111112,-0.4444444444444444,-0.9722222222222222,-0.08888888888888889,-0.5166666666666667,-0.15,-0.7388888888888889,-0.20555555555555555,-0.8777777777777778,-0.25,-1.0,0.022222222222222223,-0.4777777777777778,0.011111111111111112,-0.6555555555555556,-0.005555555555555556,-0.7722222222222223,-0.027777777777777776,-0.8833333333333333
f,0.0,0.0,-0.22346368715083798,-0.03910614525139665,-0.41899441340782123,-0.16201117318435754,-0.5418994413407822,-0.26256983240223464,-0.5307262569832403,-0.3407821229050279,-0.2905027932960894,-0.44692737430167595,-0.40782122905027934,-0.553072625698324,-0.4748603351955307,-0.48044692737430167,-0.5027932960893855,-0.3854748603351955,-0.19553072625698323,-0.5083798882681564,-0.2905027932960894,-0.7318435754189944,-0.3743016759776536,-0.8603351955307262,-0.441340782122905,-0.9720670391061452,-0.08379888268156424,-0.5139664804469274,-0.1452513966480447,-0.7374301675977654,-0.2011173184357542,-0.8770949720670391,-0.24581005586592178,-1.0,0.027932960893854747,-0.4748603351955307,0.01675977653631285,-0.6536312849162011,0.0,-0.770949720670391,-0.01675977653631285,-0.88268156424581
f,0.0,0.0,-0.22346368715083798,-0.03910614525139665,-0.41899441340782123,-0.1564245810055866,-0.5418994413407822,-0.25139664804469275,-0.5418994413407822,-0.33519553072625696,-0.29608938547486036,-0.441340782122905,-0.40782122905027934,-0.553072625698324,-0.48044692737430167,-0.4748603351955307,-0.5083798882681564,-0.3854748603351955,-0.2011173184357542,-0.5083798882681564,-0.29608938547486036,-0.7262569832402235,-0.3743016759776536,-0.8547486033519553,-0.44692737430167595,-0.9664804469273743,-0.0893854748603352,-0.5139664804469274,-0.1452513966480447,-0.7374301675977654,-0.2011173184357542,-0.8770949720670391,-0.25139664804469275,-1.0,0.027932960893854747,-0.4748603351955307,0.01675977653631285,-0.6536312849162011,0.0,-0.770949720670391,-0.0223463687150838,-0.8770949720670391
f,0.0,0.0,-0.2247191011235955,-0.033707865168539325,-0.42134831460674155,-0.14606741573033707,-0.5393258426966292,-0.24157303370786518,-0.5449438202247191,-0.33707865168539325,-0.29775280898876405,-0.43820224719101125,-0.4101123595505618,-0.550561797752809,-0.48314606741573035,-0.47752808988764045,-0.5056179775280899,-0.38202247191011235,-0.20224719101123595,-0.5056179775280899,-0.29213483146067415,-0.7247191011235955,-0.37640449438202245,-0.8539325842696629,-0.449438202247191,-0.9719101123595506,-0.08426966292134831,-0.5112359550561798,-0.14606741573033707,-0.7359550561797753,-0.20224719101123595,-0.8764044943820225,-0.25280898876404495,-1.0,0.028089887640449437,-0.46629213483146065,0.016853932584269662,-0.651685393258427,0.0,-0.7696629213483146,-0.02247191011235955,-0.8764044943820225
f,0.0,0.0,-0.2247191011235955,-0.03932584269662921,-0.4157303370786517,-0.15168539325842698,-0.5449438202247191,-0.24719101123595505,-0.5449438202247191,-0.34269662921348315,-0.29775280898876405,-0.4438202247191011,-0.4157303370786517,-0.5561797752808989,-0.48314606741573035,-0.47752808988764045,-0.5112359550561798,-0.38202247191011235,-0.20224719101123595,-0.5056179775280899,-0.29775280898876405,-0.7247191011235955,-0.38202247191011235,-0.8539325842696629,-0.449438202247191,-0.9719101123595506,-0.0898876404494382,-0.5168539325842697,-0.14606741573033707,-0.7415730337078652,-0.20786516853932585,-0.8764044943820225,-0.25280898876404495,-1.0,0.028089887640449437,-0.47191011235955055,0.011235955056179775,-0.6573033707865169,-0.0056179775280898875,-0.7752808988764045,-0.028089887640449437,-0.8876404494382022
f,0.0,0.0,-0.22346368715083798,-0.0335195530726257,-0.41899441340782123,-0.15083798882681565,-0.5363128491620112,-0.25139664804469275,-0.5307262569832403,-0.3407821229050279,-0.2905027932960894,-0.441340782122905,-0.4022346368715084,-0.547486033519553,-0.4748603351955307,-0.4748603351955307,-0.5027932960893855,-0.3854748603351955,-0.19553072625698323,-0.5027932960893855,-0.2905027932960894,-0.7262569832402235,-0.3743016759776536,-0.8547486033519553,-0.441340782122905,-0.9664804469273743,-0.08379888268156424,-0.5139664804469274,-0.1452513966480447,-0.7374301675977654,-0.2011173184357542,-0.8770949720670391,-0.25139664804469275,-1.0,0.0335195530726257,-0.4748603351955307,0.0223463687150838,-0.6536312849162011,0.0,-0.7653631284916201,-0.01675977653631285,-0.8770949720670391
f,0.0,0.0,-0.22777777777777777,-0.044444444444444446,-0.4166666666666667,-0.16111111111111112,-0.5388888888888889,-0.25555555555555554,-0.5388888888888889,-0.34444444444444444,-0.29444444444444445,-0.4444444444444444,-0.4111111111111111,-0.5555555555555556,-0.4777777777777778,-0.48333333333333334,-0.5055555555555555,-0.3888888888888889,-0.2,-0.5111111111111111,-0.29444444444444445,-0.7277777777777777,-0.37777777777777777,-0.8611111111111112,-0.4444444444444444,-0.9722222222222222,-0.08888888888888889,-0.5166666666666667,-0.15,-0.7388888888888889,-0.20555555555555555,-0.8777777777777778,-0.25555555555555554,-1.0,0.027777777777777776,-0.4777777777777778,0.011111111111111112,-0.6611111111111111,-0.005555555555555556,-0.7722222222222223,-0.027777777777777776,-0.8833333333333333
g,0.0,0.0,0.10416666666666667,-0.20833333333333334,0.3263888888888889,-0.3472222222222222,0.5208333333333334,-0.4236111111111111,0.6180555555555556,-0.5347222222222222,0.4375,-0.3472222222222222,0.7152777777777778,-0.3194444444444444,0.875,-0.2916666666666667,1.0,-0.2708333333333333,0.4583333333333333,-0.2013888888888889,0.7083333333333334,-0.11805555555555555,0.6180555555555556,-0.09027777777777778,0.5069444444444444,-0.11805555555555555,0.4513888888888889,-0.04861111111111111,0.6666666666666666,0.013888888888888888,0.5763888888888888,0.034722222222222224,0.4722222222222222,0.013888888888888888,0.4305555555555556,0.10416666666666667,0.5902777777777778,0.125,0.5069444444444444,0.1388888888888889,0.4236111111111111,0.125
g,0.0,0.0,0.0958904109589041,-0.21232876712328766,0.3013698630136986,-0.363013698630137,0.4794520547945205,-0.4657534246575342,0.5616438356164384,-0.5753424657534246,0.4452054794520548,-0.3356164383561644,0.7191780821917808,-0.3287671232876712,0.8835616438356164,-0.3219178082191781,1.0,-0.3219178082191781,0.4794520547945205,-0.2054794520547945,0.7054794520547946,-0.13013698630136986,0.6095890410958904,-0.10273972602739725,0.5136986301369864,-0.11643835616438356,0.4794520547945205,-0.04794520547945205,0.6643835616438356,0.0,0.5753424657534246,0.02054794520547945,0.4794520547945205,0.0,0.4657534246575342,0.0958904109589041,0.5958904109589042,0.11643835616438356,0.5068493150684932,0.1232876712328767,0.4246575342465753,0.11643835616438356
g,0.0,0.0,0.10596026490066225,-0.2185430463576159,0.2980132450331126,-0.3708609271523179,0.46357615894039733,-0.4768211920529801,0.5298013245033113,-0.5894039735099338,0.4503311258278146,-0.3443708609271523,0.7218543046357616,-0.3443708609271523,0.8807947019867549,-0.33112582781456956,1.0,-0.33112582781456956,0.4900662251655629,-0.2119205298013245,0.695364238410596,-0.1390728476821192,0.609271523178808,-0.11920529801324503,0.5165562913907285,-0.13245033112582782,0.4900662251655629,-0.059602649006622516,0.6490066225165563,-0.019867549668874173,0.5695364238410596,0.0,0.4768211920529801,-0.013245033112582781,0.4768211920529801,0.07947019867549669,0.5827814569536424,0.08609271523178808,0.5099337748344371,0.09933774834437085,0.4304635761589404,0.09271523178807947
g,0.0,0.0,0.09271523178807947,-0.2185430463576159,0.271523178807947,-0.37748344370860926,0.44370860927152317,-0.4900662251655629,0.5165562913907285,-0.6026490066225165,0.4503311258278146,-0.33774834437086093,0.7284768211920529,-0.33112582781456956,0.8807947019867549,-0.32450331125827814,1.0,-0.32450331125827814,0.4966887417218543,-0.2052980132450331,0.6887417218543046,-0.1390728476821192,0.5960264900662252,-0.11920529801324503,0.4966887417218543,-0.12582781456953643,0.4966887417218543,-0.052980132450331126,0.6357615894039735,-0.013245033112582781,0.5496688741721855,0.006622516556291391,0.45695364238410596,0.0,0.48344370860927155,0.07947019867549669,0.5695364238410596,0.09271523178807947,0.4900662251655629,0.09933774834437085,0.4105960264900662,0.09933774834437085
g,0.0,0.0,0.10828025477707007,-0.21656050955414013,0.2929936305732484,-0.35668789808917195,0.45222929936305734,-0.4713375796178344,0.5159235668789809,-0.5987261146496815,0.4713375796178344,-0.3184713375796178,0.732484076433121,-0.31210191082802546,0.8789808917197452,-0.31210191082802546,1.0,-0.31210191082802546,0.5095541401273885,-0.1910828025477707,0.6815286624203821,-0.12101910828025478,0.5987261146496815,-0.10191082802547771,0.5159235668789809,-0.11464968152866242,0.5031847133757962,-0.044585987261146494,0.6305732484076433,0.0,0.554140127388535,0.012738853503184714,0.4713375796178344,0.0,0.47770700636942676,0.08917197452229299,0.5732484076433121,0.10828025477707007,0.49044585987261147,0.10828025477707007,0.42038216560509556,0.10191082802547771
g,0.0,0.0,0.0949367088607595,-0.21518987341772153,0.27848101265822783,-0.3670886075949367,0.4430379746835443,-0.47468354430379744,0.5126582278481012,-0.5886075949367089,0.45569620253164556,-0.33544303797468356,0.7215189873417721,-0.31645569620253167,0.879746835443038,-0.3037974683544304,1.0,-0.3037974683544304,0.5,-0.20253164556962025,0.689873417721519,-0.12658227848101267,0.6012658227848101,-0.10126582278481013,0.5063291139240507,-0.11392405063291139,0.5,-0.056962025316455694,0.6329113924050633,-0.006329113924050633,0.5569620253164557,0.012658227848101266,0.4620253164556962,0.006329113924050633,0.4873417721518987,0.08227848101265822,0.5632911392405063,0.10126582278481013,0.4873417721518987,0.10759493670886076,0.41139240506329117,0.10126582278481013
g,0.0,0.0,0.0967741935483871,-0.21935483870967742,0.27741935483870966,-0.36774193548387096,0.44516129032258067,-0.4774193548387097,0.5225806451612903,-0.5935483870967742,0.4645161290322581,-0.33548387096774196,0.7290322580645161,-0.32903225806451614,0.8838709677419355,-0.3225806451612903,1.0,-0.3161290322580645,0.5032258064516129,-0.2064516129032258,0.6838709677419355,-0.12903225806451613,0.5935483870967742,-0.10967741935483871,0.5096774193548387,-0.12258064516129032,0.5032258064516129,-0.05806451612903226,0.632258064516129,-0.012903225806451613,0.5548387096774193,0.0064516129032258064,0.4645161290322581,0.0,0.4838709677419355,0.07741935483870968,0.5612903225806452,0.09032258064516129,0.4838709677419355,0.0967741935483871,0.4064516129032258,0.09032258064516129
g,0.0,0.0,0.11612903225806452,-0.21935483870967742,0.2967741935483871,-0.36774193548387096,0.45806451612903226,-0.4774193548387097,0.535483870967742,-0.5935483870967742,0.4774193548387097,-0.33548387096774196,0.7419354838709677,-0.32903225806451614,0.8903225806451613,-0.3225806451612903,1.0,-0.3225806451612903,0.5225806451612903,-0.2129032258064516,0.6903225806451613,-0.11612903225806452,0.6064516129032258,-0.09032258064516129,0.5161290322580645,-0.1032258064516129,0.5161290322580645,-0.06451612903225806,0.6516129032258065,0.0064516129032258064,0.5741935483870968,0.025806451612903226,0.4838709677419355,0.0064516129032258064,0.49032258064516127,0.07096774193548387,0.567741935483871,0.10967741935483871,0.49032258064516127,0.10967741935483871,0.4129032258064516,0.09032258064516129
g,0.0,0.0,0.11038961038961038,-0.22077922077922077,0.2922077922077922,-0.37662337662337664,0.44805194805194803,-0.5,0.525974025974026,-0.6103896103896104,0.4675324675324675,-0.36363636363636365,0.7337662337662337,-0.35064935064935066,0.8831168831168831,-0.34415584415584416,1.0,-0.34415584415584416,0.512987012987013,-0.24025974025974026,0.6883116883116883,-0.14285714285714285,0.5974025974025974,-0.11038961038961038,0.512987012987013,-0.12337662337662338,0.512987012987013,-0.09740259740259741,0.6558441558441559,-0.012987012987012988,0.5714285714285714,0.012987012987012988,0.487012987012987,-0.006493506493506494,0.5,0.045454545454545456,0.577922077922078,0.08441558441558442,0.5,0.09090909090909091,0.42857142857142855,0.07792207792207792
g,0.0,0.0,0.11764705882352941,-0.20915032679738563,0.3006535947712418,-0.35947712418300654,0.45751633986928103,-0.477124183006536,0.5359477124183006,-0.5947712418300654,0.48366013071895425,-0.33986928104575165,0.738562091503268,-0.32679738562091504,0.8888888888888888,-0.3202614379084967,1.0,-0.3202614379084967,0.5228758169934641,-0.2222222222222222,0.6928104575163399,-0.11764705882352941,0.6078431372549019,-0.08496732026143791,0.5228758169934641,-0.09803921568627451,0.5163398692810458,-0.0718954248366013,0.6601307189542484,0.013071895424836602,0.5751633986928104,0.032679738562091505,0.49019607843137253,0.013071895424836602,0.49673202614379086,0.06535947712418301,0.5816993464052288,0.1111111111111111,0.5032679738562091,0.1111111111111111,0.43137254901960786,0.0915032679738562
g,0.0,0.0,0.1111111111111111,-0.20915032679738563,0.29411764705882354,-0.35947712418300654,0.45751633986928103,-0.477124183006536,0.5294117647058824,-0.5947712418300654,0.47058823529411764,-0.3333333333333333,0.738562091503268,-0.3202614379084967,0.8888888888888888,-0.30718954248366015,1.0,-0.30718954248366015,0.5098039215686274,-0.21568627450980393,0.6862745098039216,-0.1111111111111111,0.6013071895424836,-0.0784313725490196,0.5098039215686274,-0.09803921568627451,0.5098039215686274,-0.0718954248366013,0.6470588235294118,0.013071895424836602,0.5686274509803921,0.0392156862745098,0.477124183006536,0.0196078431372549,0.48366013071895425,0.0718954248366013,0.5686274509803921,0.1111111111111111,0.49019607843137253,0.11764705882352941,0.41830065359477125,0.10457516339869281
g,0.0,0.0,0.11538461538461539,-0.21153846153846154,0.2948717948717949,-0.358974358974359,0.4551282051282051,-0.46794871794871795,0.5384615384615384,-0.5833333333333334,0.46153846153846156,-0.33974358974358976,0.7307692307692307,-0.32051282051282054,0.8846153846153846,-0.3076923076923077,1.0,-0.3076923076923077,0.5,-0.21794871794871795,0.6794871794871795,-0.11538461538461539,0.5897435897435898,-0.08333333333333333,0.5,-0.10256410256410256,0.4935897435897436,-0.07051282051282051,0.6346153846153846,0.00641025641025641,0.5512820512820513,0.03205128205128205,0.46153846153846156,0.01282051282051282,0.46794871794871795,0.0641025641025641,0.5576923076923077,0.10897435897435898,0.4807692307692308,0.10897435897435898,0.40384615384615385,0.08974358974358974
g,0.0,0.0,0.10135135135135136,-0.21621621621621623,0.28378378378378377,-0.36486486486486486,0.44594594594594594,-0.4797297297297297,0.527027027027027,-0.5945945945945946,0.44594594594594594,-0.35135135135135137,0.722972972972973,-0.32432432432432434,0.8783783783783784,-0.3108108108108108,1.0,-0.30405405405405406,0.4864864864864865,-0.21621621621621623,0.6891891891891891,-0.12162162162162163,0.6013513513513513,-0.08783783783783784,0.49324324324324326,-0.10135135135135136,0.4864864864864865,-0.060810810810810814,0.6418918918918919,0.013513513513513514,0.5540540540540541,0.04054054054054054,0.4594594594594595,0.02027027027027027,0.47297297297297297,0.08783783783783784,0.5675675675675675,0.12162162162162163,0.4864864864864865,0.12837837837837837,0.40540540540540543,0.11486486486486487
g,0.0,0.0,0.10596026490066225,-0.2185430463576159,0.2980132450331126,-0.3708609271523179,0.45695364238410596,-0.4900662251655629,0.5298013245033113,-0.6026490066225165,0.45695364238410596,-0.3509933774834437,0.7284768211920529,-0.3443708609271523,0.8807947019867549,-0.33774834437086093,1.0,-0.33774834437086093,0.4966887417218543,-0.2251655629139073,0.6887417218543046,-0.12582781456953643,0.6026490066225165,-0.09933774834437085,0.5033112582781457,-0.11920529801324503,0.4900662251655629,-0.07947019867549669,0.6423841059602649,-0.006622516556291391,0.5629139072847682,0.019867549668874173,0.4768211920529801,0.0,0.4768211920529801,0.059602649006622516,0.5827814569536424,0.09933774834437085,0.5033112582781457,0.10596026490066225,0.423841059602649,0.09271523178807947
g,0.0,0.0,0.1,-0.22666666666666666,0.2866666666666667,-0.38666666666666666,0.4533333333333333,-0.5066666666666667,0.5266666666666666,-0.6266666666666667,0.44666666666666666,-0.36666666666666664,0.7266666666666667,-0.36,0.88,-0.35333333333333333,1.0,-0.35333333333333333,0.49333333333333335,-0.24666666666666667,0.6933333333333334,-0.15333333333333332,0.6,-0.12,0.49333333333333335,-0.13333333333333333,0.49333333333333335,-0.09333333333333334,0.6466666666666666,-0.02666666666666667,0.5666666666666667,0.0,0.4666666666666667,-0.013333333333333334,0.4866666666666667,0.04666666666666667,0.5866666666666667,0.08,0.5066666666666667,0.08666666666666667,0.42,0.08
g,0.0,0.0,0.1118421052631579,-0.2236842105263158,0.3026315789473684,-0.3815789473684211,0.4605263157894737,-0.4934210526315789,0.5394736842105263,-0.6052631578947368,0.46710526315789475,-0.3684210526315789,0.7368421052631579,-0.35526315789473684,0.8881578947368421,-0.34868421052631576,1.0,-0.34868421052631576,0.5,-0.24342105263157895,0.7039473684210527,-0.1513157894736842,0.618421052631579,-0.11842105263157894,0.5197368421052632,-0.13157894736842105,0.5,-0.09868421052631579,0.6578947368421053,-0.03289473684210526,0.5789473684210527,-0.006578947368421052,0.4934210526315789,-0.019736842105263157,0.4868421052631579,0.046052631578947366,0.5921052631578947,0.06578947368421052,0.5197368421052632,0.07894736842105263,0.4407894736842105,0.07236842105263158
g,0.0,0.0,0.1118421052631579,-0.2236842105263158,0.29605263157894735,-0.375,0.4605263157894737,-0.4868421052631579,0.5460526315789473,-0.5921052631578947,0.47368421052631576,-0.35526315789473684,0.743421052631579,-0.34868421052631576,0.8881578947368421,-0.34210526315789475,1.0,-0.34210526315789475,0.5131578947368421,-0.23684210526315788,0.6842105263157895,-0.13815789473684212,0.5986842105263158,-0.1118421052631579,0.5131578947368421,-0.125,0.506578947368421,-0.09210526315789473,0.6447368421052632,-0.013157894736842105,0.5723684210526315,0.006578947368421052,0.4868421052631579,-0.006578947368421052,0.4868421052631579,0.046052631578947366,0.5855263157894737,0.08552631578947369,0.5131578947368421,0.09210526315789473,0.4342105263157895,0.07894736842105263
g,0.0,0.0,0.09333333333333334,-0.21333333333333335,0.28,-0.37333333333333335,0.4533333333333333,-0.47333333333333333,0.5333333333333333,-0.5733333333333334,0.46,-0.35333333333333333,0.7333333333333333,-0.34,0.8866666666666667,-0.32666666666666666,1.0,-0.32666666666666666,0.5,-0.22666666666666666,0.68,-0.12,0.5866666666666667,-0.09333333333333334,0.4866666666666667,-0.11333333333333333,0.49333333333333335,-0.08,0.6333333333333333,0.006666666666666667,0.5533333333333333,0.02666666666666667,0.4666666666666667,0.006666666666666667,0.48,0.06,0.5733333333333334,0.10666666666666667,0.49333333333333335,0.11333333333333333,0.41333333333333333,0.09333333333333334
g,0.0,0.0,0.10457516339869281,-0.21568627450980393,0.3006535947712418,-0.3660130718954248,0.477124183006536,-0.46405228758169936,0.5555555555555556,-0.5751633986928104,0.47058823529411764,-0.3464052287581699,0.738562091503268,-0.3333333333333333,0.8823529411764706,-0.32679738562091504,1.0,-0.3202614379084967,0.5032679738562091,-0.22875816993464052,0.6862745098039216,-0.12418300653594772,0.5947712418300654,-0.0915032679738562,0.5032679738562091,-0.1111111111111111,0.5032679738562091,-0.08496732026143791,0.6405228758169934,0.006535947712418301,0.5620915032679739,0.026143790849673203,0.477124183006536,0.006535947712418301,0.48366013071895425,0.05228758169934641,0.5816993464052288,0.10457516339869281,0.5032679738562091,0.1111111111111111,0.42483660130718953,0.0915032679738562
g,0.0,0.0,0.10666666666666667,-0.21333333333333335,0.29333333333333333,-0.35333333333333333,0.4666666666666667,-0.46,0.5533333333333333,-0.5666666666666667,0.46,-0.34,0.7333333333333333,-0.32,0.8866666666666667,-0.3,1.0,-0.29333333333333333,0.5,-0.21333333333333335,0.6733333333333333,-0.10666666666666667,0.5866666666666667,-0.07333333333333333,0.49333333333333335,-0.09333333333333334,0.49333333333333335,-0.06666666666666667,0.6333333333333333,0.02,0.5533333333333333,0.04666666666666667,0.4666666666666667,0.02666666666666667,0.4666666666666667,0.07333333333333333,0.5733333333333334,0.12,0.49333333333333335,0.12666666666666668,0.41333333333333333,0.11333333333333333
h,0.0,0.0,-0.13013698630136986,-0.1917808219178082,-0.3424657534246575,-0.273972602739726,-0.541095890410959,-0.22602739726027396,-0.6643835616438356,-0.136986301369863,-0.4452054794520548,-0.3698630136986301,-0.7054794520547946,-0.363013698630137,-0.8493150684931506,-0.3561643835616438,-0.958904109589041,-0.363013698630137,-0.4315068493150685,-0.2808219178082192,-0.7328767123287672,-0.2671232876712329,-0.8904109589041096,-0.2534246575342466,-1.0,-0.2465753424657534,-0.4041095890410959,-0.1643835616438356,-0.6986301369863014,-0.0958904109589041,-0.6575342465753424,-0.0410958904109589,-0.5821917808219178,-0.03424657534246575,-0.3767123287671233,-0.03424657534246575,-0.589041095890411,0.02054794520547945,-0.541095890410959,0.04794520547945205,-0.4589041095890411,0.03424657534246575
h,0.0,0.0,-0.1232876712328767,-0.19863013698630136,-0.3424657534246575,-0.2808219178082192,-0.5342465753424658,-0.2465753424657534,-0.6575342465753424,-0.1643835616438356,-0.4452054794520548,-0.3698630136986301,-0.7054794520547946,-0.363013698630137,-0.8561643835616438,-0.3493150684931507,-0.9657534246575342,-0.3493150684931507,-0.4246575342465753,-0.273972602739726,-0.7397260273972602,-0.2534246575342466,-0.8972602739726028,-0.23972602739726026,-1.0,-0.2328767123287671,-0.3972602739726027,-0.15753424657534246,-0.6986301369863014,-0.0958904109589041,-0.678082191780822,-0.0410958904109589,-0.6095890410958904,-0.03424657534246575,-0.3698630136986301,-0.02054794520547945,-0.589041095890411,0.0273972602739726,-0.541095890410959,0.04794520547945205,-0.4657534246575342,0.0410958904109589
h,0.0,0.0,-0.1232876712328767,-0.19863013698630136,-0.3356164383561644,-0.2808219178082192,-0.5205479452054794,-0.2602739726027397,-0.6438356164383562,-0.18493150684931506,-0.4452054794520548,-0.3767123287671233,-0.7054794520547946,-0.363013698630137,-0.8561643835616438,-0.3493150684931507,-0.958904109589041,-0.3493150684931507,-0.4246575342465753,-0.2808219178082192,-0.7328767123287672,-0.2602739726027397,-0.8904109589041096,-0.2465753424657534,-1.0,-0.2465753424657534,-0.4041095890410959,-0.15753424657534246,-0.7054794520547946,-0.0958904109589041,-0.6712328767123288,-0.0410958904109589,-0.5958904109589042,-0.03424657534246575,-0.3767123287671233,-0.0273972602739726,-0.5958904109589042,0.0273972602739726,-0.547945205479452,0.04794520547945205,-0.4657534246575342,0.03424657534246575
h,0.0,0.0,-0.1292517006802721,-0.19047619047619047,-0.35374149659863946,-0.2789115646258503,-0.5510204081632653,-0.23129251700680273,-0.673469387755102,-0.14965986394557823,-0.4421768707482993,-0.3741496598639456,-0.7006802721088435,-0.3673469387755102,-0.8503401360544217,-0.35374149659863946,-0.9591836734693877,-0.36054421768707484,-0.42857142857142855,-0.272108843537415,-0.7346938775510204,-0.2653061224489796,-0.891156462585034,-0.25170068027210885,-1.0,-0.24489795918367346,-0.40816326530612246,-0.1564625850340136,-0.7006802721088435,-0.10204081632653061,-0.673469387755102,-0.05442176870748299,-0.6054421768707483,-0.04081632653061224,-0.38095238095238093,-0.02040816326530612,-0.5918367346938775,0.02040816326530612,-0.54421768707483,0.04081632653061224,-0.46938775510204084,0.034013605442176874
h,0.0,0.0,-0.1232876712328767,-0.19863013698630136,-0.3356164383561644,-0.2808219178082192,-0.5205479452054794,-0.2534246575342466,-0.636986301369863,-0.17123287671232876,-0.4383561643835616,-0.3767123287671233,-0.6986301369863014,-0.3698630136986301,-0.8493150684931506,-0.363013698630137,-0.958904109589041,-0.363013698630137,-0.4246575342465753,-0.2808219178082192,-0.7328767123287672,-0.2671232876712329,-0.8904109589041096,-0.2534246575342466,-1.0,-0.2465753424657534,-0.4041095890410959,-0.15753424657534246,-0.6986301369863014,-0.10273972602739725,-0.6712328767123288,-0.04794520547945205,-0.6027397260273972,-0.0410958904109589,-0.3767123287671233,-0.0273972602739726,-0.589041095890411,0.02054794520547945,-0.541095890410959,0.0410958904109589,-0.4657534246575342,0.03424657534246575
h,0.0,0.0,-0.136986301369863,-0.18493150684931506,-0.363013698630137,-0.2671232876712329,-0.5547945205479452,-0.21232876712328766,-0.678082191780822,-0.11643835616438356,-0.4383561643835616,-0.3698630136986301,-0.7054794520547946,-0.363013698630137,-0.8493150684931506,-0.3493150684931507,-0.958904109589041,-0.3561643835616438,-0.4178082191780822,-0.273972602739726,-0.726027397260274,-0.2602739726027397,-0.8904109589041096,-0.2465753424657534,-1.0,-0.23972602739726026,-0.3972602739726027,-0.1506849315068493,-0.6986301369863014,-0.0958904109589041,-0.6643835616438356,-0.0410958904109589,-0.589041095890411,-0.03424657534246575,-0.3698630136986301,-0.02054794520547945,-0.5821917808219178,0.0273972602739726,-0.5342465753424658,0.04794520547945205,-0.4589041095890411,0.03424657534246575
h,0.0,0.0,-0.13013698630136986,-0.19863013698630136,-0.3424657534246575,-0.2876712328767123,-0.5342465753424658,-0.2465753424657534,-0.6506849315068494,-0.1643835616438356,-0.4383561643835616,-0.3767123287671233,-0.6986301369863014,-0.363013698630137,-0.8424657534246576,-0.3561643835616438,-0.952054794520548,-0.3561643835616438,-0.4178082191780822,-0.2808219178082192,-0.726027397260274,-0.2671232876712329,-0.8904109589041096,-0.2534246575342466,-1.0,-0.2465753424657534,-0.3904109589041096,-0.15753424657534246,-0.6917808219178082,-0.10273972602739725,-0.6712328767123288,-0.04794520547945205,-0.6027397260273972,-0.0410958904109589,-0.363013698630137,-0.0273972602739726,-0.5821917808219178,0.02054794520547945,-0.541095890410959,0.0410958904109589,-0.4657534246575342,0.03424657534246575
h,0.0,0.0,-0.1310344827586207,-0.18620689655172415,-0.3448275862068966,-0.27586206896551724,-0.5379310344827586,-0.2413793103448276,-0.6620689655172414,-0.15862068965517243,-0.4413793103448276,-0.3724137931034483,-0.7034482758620689,-0.3586206896551724,-0.8551724137931035,-0.35172413793103446,-0.9655172413793104,-0.35172413793103446,-0.41379310344827586,-0.27586206896551724,-0.7241379310344828,-0.2620689655172414,-0.8896551724137931,-0.2482758620689655,-1.0,-0.2413793103448276,-0.3931034482758621,-0.15172413793103448,-0.696551724137931,-0.09655172413793103,-0.6689655172413793,-0.041379310344827586,-0.6,-0.034482758620689655,-0.36551724137931035,-0.020689655172413793,-0.593103448275862,0.027586206896551724,-0.5517241379310345,0.04827586206896552,-0.47586206896551725,0.041379310344827586
h,0.0,0.0,-0.136986301369863,-0.1917808219178082,-0.3561643835616438,-0.2671232876712329,-0.547945205479452,-0.22602739726027396,-0.6643835616438356,-0.13013698630136986,-0.4452054794520548,-0.3698630136986301,-0.7054794520547946,-0.363013698630137,-0.8493150684931506,-0.3493150684931507,-0.9657534246575342,-0.3493150684931507,-0.4246575342465753,-0.273972602739726,-0.726027397260274,-0.2602739726027397,-0.8904109589041096,-0.2534246575342466,-1.0,-0.23972602739726026,-0.4041095890410959,-0.1506849315068493,-0.6986301369863014,-0.10273972602739725,-0.6643835616438356,-0.04794520547945205,-0.5958904109589042,-0.03424657534246575,-0.3767123287671233,-0.02054794520547945,-0.589041095890411,0.02054794520547945,-0.541095890410959,0.0410958904109589,-0.4589041095890411,0.03424657534246575
h,0.0,0.0,-0.13013698630136986,-0.19863013698630136,-0.3356164383561644,-0.2876712328767123,-0.5205479452054794,-0.2602739726027397,-0.636986301369863,-0.18493150684931506,-0.4452054794520548,-0.3835616438356164,-0.6986301369863014,-0.3698630136986301,-0.8493150684931506,-0.3561643835616438,-0.958904109589041,-0.363013698630137,-0.4246575342465753,-0.2876712328767123,-0.726027397260274,-0.2671232876712329,-0.8904109589041096,-0.2534246575342466,-1.0,-0.2465753424657534,-0.3972602739726027,-0.1643835616438356,-0.6986301369863014,-0.10273972602739725,-0.6643835616438356,-0.04794520547945205,-0.5958904109589042,-0.0410958904109589,-0.3698630136986301,-0.03424657534246575,-0.589041095890411,0.0136986301369863,-0.547945205479452,0.0410958904109589,-0.4726027397260274,0.0273972602739726
h,0.0,0.0,-0.136986301369863,-0.18493150684931506,-0.3561643835616438,-0.2671232876712329,-0.5547945205479452,-0.22602739726027396,-0.678082191780822,-0.14383561643835616,-0.4520547945205479,-0.3698630136986301,-0.7123287671232876,-0.363013698630137,-0.8561643835616438,-0.3493150684931507,-0.9657534246575342,-0.3561643835616438,-0.4246575342465753,-0.273972602739726,-0.7328767123287672,-0.2602739726027397,-0.8904109589041096,-0.2465753424657534,-1.0,-0.23972602739726026,-0.4041095890410959,-0.15753424657534246,-0.6986301369863014,-0.0958904109589041,-0.6643835616438356,-0.0410958904109589,-0.5958904109589042,-0.0273972602739726,-0.3698630136986301,-0.0273972602739726,-0.589041095890411,0.0273972602739726,-0.547945205479452,0.0547945205479452,-0.4657534246575342,0.0410958904109589
h,0.0,0.0,-0.136986301369863,-0.1917808219178082,-0.3561643835616438,-0.2671232876712329,-0.547945205479452,-0.2191780821917808,-0.6712328767123288,-0.13013698630136986,-0.4452054794520548,-0.3698630136986301,-0.7054794520547946,-0.363013698630137,-0.8493150684931506,-0.3493150684931507,-0.9657534246575342,-0.3493150684931507,-0.4246575342465753,-0.273972602739726,-0.7328767123287672,-0.2602739726027397,-0.8904109589041096,-0.2465753424657534,-1.0,-0.23972602739726026,-0.4041095890410959,-0.15753424657534246,-0.6986301369863014,-0.0958904109589041,-0.6643835616438356,-0.04794520547945205,-0.5958904109589042,-0.03424657534246575,-0.3698630136986301,-0.02054794520547945,-0.589041095890411,0.02054794520547945,-0.541095890410959,0.0410958904109589,-0.4657534246575342,0.03424657534246575
h,0.0,0.0,-0.13013698630136986,-0.1917808219178082,-0.3493150684931507,-0.273972602739726,-0.541095890410959,-0.2328767123287671,-0.6575342465753424,-0.136986301369863,-0.4452054794520548,-0.3698630136986301,-0.6986301369863014,-0.363013698630137,-0.8424657534246576,-0.3493150684931507,-0.958904109589041,-0.3424657534246575,-0.4246575342465753,-0.273972602739726,-0.726027397260274,-0.2534246575342466,-0.8904109589041096,-0.23972602739726026,-1.0,-0.2328767123287671,-0.3972602739726027,-0.15753424657534246,-0.6986301369863014,-0.0958904109589041,-0.6643835616438356,-0.04794520547945205,-0.5958904109589042,-0.03424657534246575,-0.3698630136986301,-0.0273972602739726,-0.5821917808219178,0.0273972602739726,-0.5342465753424658,0.04794520547945205,-0.4657534246575342,0.0410958904109589
h,0.0,0.0,-0.1360544217687075,-0.1836734693877551,-0.36054421768707484,-0.2585034013605442,-0.5510204081632653,-0.20408163265306123,-0.673469387755102,-0.11564625850340136,-0.4421768707482993,-0.3741496598639456,-0.7006802721088435,-0.36054421768707484,-0.8435374149659864,-0.3469387755102041,-0.9523809523809523,-0.3469387755102041,-0.4217687074829932,-0.2789115646258503,-0.7278911564625851,-0.2585034013605442,-0.8843537414965986,-0.24489795918367346,-1.0,-0.23129251700680273,-0.3877551020408163,-0.1564625850340136,-0.6870748299319728,-0.10204081632653061,-0.6394557823129252,-0.047619047619047616,-0.564625850340136,-0.04081632653061224,-0.35374149659863946,-0.02040816326530612,-0.5714285714285714,0.02040816326530612,-0.5238095238095238,0.04081632653061224,-0.4489795918367347,0.034013605442176874
h,0.0,0.0,-0.1342281879194631,-0.18120805369127516,-0.35570469798657717,-0.2550335570469799,-0.5503355704697986,-0.2080536912751678,-0.6711409395973155,-0.12080536912751678,-0.44966442953020136,-0.3624161073825503,-0.7046979865771812,-0.35570469798657717,-0.8523489932885906,-0.3422818791946309,-0.959731543624161,-0.3422818791946309,-0.42953020134228187,-0.2751677852348993,-0.7315436241610739,-0.26174496644295303,-0.8926174496644296,-0.2483221476510067,-1.0,-0.2348993288590604,-0.40268456375838924,-0.1610738255033557,-0.697986577181208,-0.10067114093959731,-0.6711409395973155,-0.04697986577181208,-0.6040268456375839,-0.03355704697986577,-0.3691275167785235,-0.026845637583892617,-0.5838926174496645,0.026845637583892617,-0.5369127516778524,0.04697986577181208,-0.46308724832214765,0.03355704697986577
h,0.0,0.0,-0.12837837837837837,-0.1891891891891892,-0.34459459459459457,-0.2702702702702703,-0.527027027027027,-0.23648648648648649,-0.6486486486486487,-0.1554054054054054,-0.4391891891891892,-0.36486486486486486,-0.6959459459459459,-0.35135135135135137,-0.8445945945945946,-0.34459459459459457,-0.9527027027027027,-0.34459459459459457,-0.4189189189189189,-0.2702702702702703,-0.722972972972973,-0.25675675675675674,-0.8851351351351351,-0.24324324324324326,-1.0,-0.23648648648648649,-0.39864864864864863,-0.1554054054054054,-0.6959459459459459,-0.10135135135135136,-0.6756756756756757,-0.0472972972972973,-0.6148648648648649,-0.02702702702702703,-0.36486486486486486,-0.02702702702702703,-0.581081081081081,0.02702702702702703,-0.5405405405405406,0.0472972972972973,-0.46621621621621623,0.04054054054054054
h,0.0,0.0,-0.12837837837837837,-0.1891891891891892,-0.35135135135135137,-0.2702702702702703,-0.5472972972972973,-0.22972972972972974,-0.668918918918919,-0.14189189189189189,-0.44594594594594594,-0.3716216216216216,-0.7027027027027027,-0.36486486486486486,-0.8513513513513513,-0.3581081081081081,-0.9594594594594594,-0.3581081081081081,-0.42567567567567566,-0.27702702702702703,-0.7297297297297297,-0.2635135135135135,-0.8918918918918919,-0.25675675675675674,-1.0,-0.25,-0.39864864864864863,-0.16216216216216217,-0.6959459459459459,-0.10135135135135136,-0.6554054054054054,-0.0472972972972973,-0.5878378378378378,-0.04054054054054054,-0.3716216216216216,-0.033783783783783786,-0.5878378378378378,0.02027027027027027,-0.5337837837837838,0.04054054054054054,-0.4594594594594595,0.02702702702702703
h,0.0,0.0,-0.1292517006802721,-0.19727891156462585,-0.3401360544217687,-0.2789115646258503,-0.5306122448979592,-0.24489795918367346,-0.6530612244897959,-0.16326530612244897,-0.43537414965986393,-0.3741496598639456,-0.7006802721088435,-0.3673469387755102,-0.8503401360544217,-0.35374149659863946,-0.9591836734693877,-0.35374149659863946,-0.4217687074829932,-0.2789115646258503,-0.7278911564625851,-0.2653061224489796,-0.891156462585034,-0.25170068027210885,-1.0,-0.24489795918367346,-0.4013605442176871,-0.1564625850340136,-0.6938775510204082,-0.10204081632653061,-0.6666666666666666,-0.047619047619047616,-0.5986394557823129,-0.04081632653061224,-0.3741496598639456,-0.027210884353741496,-0.5918367346938775,0.02040816326530612,-0.54421768707483,0.04081632653061224,-0.46258503401360546,0.027210884353741496
h,0.0,0.0,-0.13513513513513514,-0.18243243243243243,-0.3581081081081081,-0.25675675675675674,-0.5540540540540541,-0.20270270270270271,-0.6824324324324325,-0.12162162162162163,-0.4391891891891892,-0.36486486486486486,-0.6959459459459459,-0.3581081081081081,-0.8378378378378378,-0.34459459459459457,-0.9527027027027027,-0.34459459459459457,-0.4189189189189189,-0.2702702702702703,-0.722972972972973,-0.25675675675675674,-0.8851351351351351,-0.24324324324324326,-1.0,-0.23648648648648649,-0.39864864864864863,-0.1554054054054054,-0.6891891891891891,-0.0945945945945946,-0.6554054054054054,-0.0472972972972973,-0.5878378378378378,-0.033783783783783786,-0.36486486486486486,-0.02702702702702703,-0.5743243243243243,0.02702702702702703,-0.527027027027027,0.0472972972972973,-0.4527027027027027,0.04054054054054054
h,0.0,0.0,-0.1342281879194631,-0.18791946308724833,-0.348993288590604,-0.2684563758389262,-0.5369127516778524,-0.22818791946308725,-0.6577181208053692,-0.1476510067114094,-0.4429530201342282,-0.3691275167785235,-0.6912751677852349,-0.35570469798657717,-0.8322147651006712,-0.3422818791946309,-0.9463087248322147,-0.3422818791946309,-0.4228187919463087,-0.2751677852348993,-0.7248322147651006,-0.2550335570469799,-0.8859060402684564,-0.24161073825503357,-1.0,-0.22818791946308725,-0.40268456375838924,-0.1610738255033557,-0.697986577181208,-0.09395973154362416,-0.6644295302013423,-0.04697986577181208,-0.5973154362416108,-0.03355704697986577,-0.3691275167785235,-0.03355704697986577,-0.5771812080536913,0.020134228187919462,-0.5369127516778524,0.040268456375838924,-0.46308724832214765,0.03355704697986577
i,0.0,0.0,-0.2196969696969697,-0.022727272727272728,-0.4393939393939394,-0.1893939393939394,-0.553030303030303,-0.3409090909090909,-0.5681818181818182,-0.49242424242424243,-0.38636363636363635,-0.42424242424242425,-0.4772727272727273,-0.5454545454545454,-0.4696969696969697,-0.42424242424242425,-0.44696969696969696,-0.30303030303030304,-0.2727272727272727,-0.4772727272727273,-0.3712121212121212,-0.5909090909090909,-0.36363636363636365,-0.42424242424242425,-0.3333333333333333,-0.2727272727272727,-0.14393939393939395,-0.5151515151515151,-0.24242424242424243,-0.6212121212121212,-0.25757575757575757,-0.4621212121212121,-0.25,-0.3181818181818182,0.0,-0.5454545454545454,-0.045454545454545456,-0.75,-0.06818181818181818,-0.8863636363636364,-0.09090909090909091,-1.0
i,0.0,0.0,-0.2222222222222222,-0.02962962962962963,-0.4444444444444444,-0.18518518518518517,-0.5555555555555556,-0.34074074074074073,-0.5703703703703704,-0.4962962962962963,-0.3925925925925926,-0.42962962962962964,-0.48148148148148145,-0.5555555555555556,-0.4740740740740741,-0.42962962962962964,-0.43703703703703706,-0.3037037037037037,-0.2814814814814815,-0.4740740740740741,-0.37037037037037035,-0.5925925925925926,-0.35555555555555557,-0.4222222222222222,-0.32592592592592595,-0.2740740740740741,-0.14814814814814814,-0.5111111111111111,-0.23703703703703705,-0.6222222222222222,-0.2518518518518518,-0.45925925925925926,-0.23703703703703705,-0.31851851851851853,-0.007407407407407408,-0.5407407407407407,-0.037037037037037035,-0.7481481481481481,-0.05185185185185185,-0.8814814814814815,-0.06666666666666667,-1.0
i,0.0,0.0,-0.23134328358208955,-0.03731343283582089,-0.44776119402985076,-0.1865671641791045,-0.5597014925373134,-0.34328358208955223,-0.5746268656716418,-0.5,-0.39552238805970147,-0.4253731343283582,-0.48507462686567165,-0.5522388059701493,-0.4701492537313433,-0.43283582089552236,-0.44029850746268656,-0.29850746268656714,-0.2835820895522388,-0.4701492537313433,-0.373134328358209,-0.5895522388059702,-0.3582089552238806,-0.4253731343283582,-0.3208955223880597,-0.27611940298507465,-0.14925373134328357,-0.5074626865671642,-0.23880597014925373,-0.6268656716417911,-0.2537313432835821,-0.4626865671641791,-0.23880597014925373,-0.3208955223880597,-0.007462686567164179,-0.5373134328358209,-0.029850746268656716,-0.753731343283582,-0.05223880597014925,-0.8880597014925373,-0.06716417910447761,-1.0
i,0.0,0.0,-0.23308270676691728,-0.03007518796992481,-0.44360902255639095,-0.18796992481203006,-0.556390977443609,-0.3458646616541353,-0.5864661654135338,-0.48872180451127817,-0.39849624060150374,-0.42857142857142855,-0.49624060150375937,-0.5639097744360902,-0.48872180451127817,-0.43609022556390975,-0.45864661654135336,-0.3082706766917293,-0.2857142857142857,-0.47368421052631576,-0.37593984962406013,-0.5939849624060151,-0.3684210526315789,-0.42105263157894735,-0.3308270676691729,-0.2781954887218045,-0.15037593984962405,-0.5112781954887218,-0.24060150375939848,-0.6240601503759399,-0.2556390977443609,-0.45864661654135336,-0.24812030075187969,-0.3157894736842105,-0.015037593984962405,-0.5413533834586466,-0.03759398496240601,-0.7518796992481203,-0.06015037593984962,-0.8872180451127819,-0.07518796992481203,-1.0
i,0.0,0.0,-0.23308270676691728,-0.03007518796992481,-0.45112781954887216,-0.18796992481203006,-0.5639097744360902,-0.3383458646616541,-0.5939849624060151,-0.48872180451127817,-0.40601503759398494,-0.42857142857142855,-0.5037593984962406,-0.5639097744360902,-0.48872180451127817,-0.43609022556390975,-0.45864661654135336,-0.3082706766917293,-0.2932330827067669,-0.47368421052631576,-0.38345864661654133,-0.5939849624060151,-0.3684210526315789,-0.42857142857142855,-0.3383458646616541,-0.2857142857142857,-0.15789473684210525,-0.5112781954887218,-0.24812030075187969,-0.6240601503759399,-0.2631578947368421,-0.45864661654135336,-0.24812030075187969,-0.3157894736842105,-0.015037593984962405,-0.5413533834586466,-0.045112781954887216,-0.7518796992481203,-0.06015037593984962,-0.8872180451127819,-0.07518796992481203,-1.0
i,0.0,0.0,-0.23134328358208955,-0.029850746268656716,-0.44776119402985076,-0.1865671641791045,-0.5597014925373134,-0.34328358208955223,-0.582089552238806,-0.4925373134328358,-0.39552238805970147,-0.4253731343283582,-0.4925373134328358,-0.5671641791044776,-0.48507462686567165,-0.43283582089552236,-0.4552238805970149,-0.30597014925373134,-0.2835820895522388,-0.47761194029850745,-0.3805970149253731,-0.5970149253731343,-0.3656716417910448,-0.4253731343283582,-0.3283582089552239,-0.27611940298507465,-0.14925373134328357,-0.5149253731343284,-0.2462686567164179,-0.6194029850746269,-0.26119402985074625,-0.4552238805970149,-0.2462686567164179,-0.31343283582089554,-0.014925373134328358,-0.5373134328358209,-0.03731343283582089,-0.753731343283582,-0.05223880597014925,-0.8880597014925373,-0.07462686567164178,-1.0
i,0.0,0.0,-0.23134328358208955,-0.03731343283582089,-0.44776119402985076,-0.19402985074626866,-0.5597014925373134,-0.35074626865671643,-0.5671641791044776,-0.5,-0.39552238805970147,-0.44029850746268656,-0.48507462686567165,-0.5671641791044776,-0.47761194029850745,-0.44029850746268656,-0.44776119402985076,-0.31343283582089554,-0.27611940298507465,-0.48507462686567165,-0.373134328358209,-0.5970149253731343,-0.3582089552238806,-0.4253731343283582,-0.3283582089552239,-0.2835820895522388,-0.14925373134328357,-0.5223880597014925,-0.23880597014925373,-0.6268656716417911,-0.2537313432835821,-0.4626865671641791,-0.23880597014925373,-0.3208955223880597,-0.007462686567164179,-0.5447761194029851,-0.029850746268656716,-0.753731343283582,-0.04477611940298507,-0.8880597014925373,-0.05970149253731343,-1.0
i,0.0,0.0,-0.23880597014925373,-0.029850746268656716,-0.4552238805970149,-0.19402985074626866,-0.5597014925373134,-0.35074626865671643,-0.5746268656716418,-0.5,-0.40298507462686567,-0.43283582089552236,-0.4925373134328358,-0.5746268656716418,-0.48507462686567165,-0.44776119402985076,-0.4626865671641791,-0.31343283582089554,-0.2835820895522388,-0.48507462686567165,-0.373134328358209,-0.5970149253731343,-0.3656716417910448,-0.4253731343283582,-0.3358208955223881,-0.2835820895522388,-0.14925373134328357,-0.5223880597014925,-0.23134328358208955,-0.6268656716417911,-0.2537313432835821,-0.4626865671641791,-0.2462686567164179,-0.3208955223880597,-0.007462686567164179,-0.5447761194029851,-0.022388059701492536,-0.753731343283582,-0.04477611940298507,-0.8880597014925373,-0.06716417910447761,-1.0
i,0.0,0.0,-0.23703703703703705,-0.02962962962962963,-0.45925925925925926,-0.1925925925925926,-0.5703703703703704,-0.34814814814814815,-0.5703703703703704,-0.4962962962962963,-0.4,-0.42962962962962964,-0.4888888888888889,-0.5777777777777777,-0.48148148148148145,-0.4444444444444444,-0.45185185185185184,-0.3111111111111111,-0.2814814814814815,-0.48148148148148145,-0.37037037037037035,-0.6,-0.35555555555555557,-0.42962962962962964,-0.32592592592592595,-0.28888888888888886,-0.14814814814814814,-0.5185185185185185,-0.22962962962962963,-0.6296296296296297,-0.2518518518518518,-0.45925925925925926,-0.23703703703703705,-0.31851851851851853,-0.007407407407407408,-0.5407407407407407,-0.02962962962962963,-0.7481481481481481,-0.044444444444444446,-0.8888888888888888,-0.06666666666666667,-1.0
i,0.0,0.0,-0.2222222222222222,-0.02962962962962963,-0.4444444444444444,-0.1925925925925926,-0.5555555555555556,-0.34814814814814815,-0.5555555555555556,-0.4962962962962963,-0.3925925925925926,-0.43703703703703706,-0.4740740740740741,-0.5703703703703704,-0.4666666666666667,-0.4444444444444444,-0.4444444444444444,-0.31851851851851853,-0.2740740740740741,-0.4888888888888889,-0.35555555555555557,-0.6,-0.34814814814814815,-0.42962962962962964,-0.31851851851851853,-0.2814814814814815,-0.13333333333333333,-0.5185185185185185,-0.2222222222222222,-0.6222222222222222,-0.23703703703703705,-0.45185185185185184,-0.22962962962962963,-0.3111111111111111,0.007407407407407408,-0.5407407407407407,-0.014814814814814815,-0.7555555555555555,-0.02962962962962963,-0.8888888888888888,-0.044444444444444446,-1.0
i,0.0,0.0,-0.22962962962962963,-0.037037037037037035,-0.4444444444444444,-0.1925925925925926,-0.5555555555555556,-0.34814814814814815,-0.5481481481481482,-0.5037037037037037,-0.3851851851851852,-0.42962962962962964,-0.4666666666666667,-0.5703703703703704,-0.45925925925925926,-0.4444444444444444,-0.43703703703703706,-0.3111111111111111,-0.26666666666666666,-0.48148148148148145,-0.34814814814814815,-0.6,-0.34074074074074073,-0.42962962962962964,-0.3111111111111111,-0.2814814814814815,-0.13333333333333333,-0.5111111111111111,-0.21481481481481482,-0.6222222222222222,-0.22962962962962963,-0.45185185185185184,-0.2222222222222222,-0.3111111111111111,0.007407407407407408,-0.5407407407407407,-0.007407407407407408,-0.7481481481481481,-0.022222222222222223,-0.8814814814814815,-0.037037037037037035,-1.0
i,0.0,0.0,-0.2222222222222222,-0.037037037037037035,-0.4444444444444444,-0.2,-0.5555555555555556,-0.362962962962963,-0.5481481481481482,-0.5111111111111111,-0.37777777777777777,-0.4444444444444444,-0.45925925925925926,-0.5851851851851851,-0.45925925925925926,-0.45185185185185184,-0.42962962962962964,-0.31851851851851853,-0.25925925925925924,-0.4888888888888889,-0.34074074074074073,-0.6074074074074074,-0.3333333333333333,-0.43703703703703706,-0.3037037037037037,-0.28888888888888886,-0.1259259259259259,-0.5185185185185185,-0.2074074074074074,-0.6296296296296297,-0.2222222222222222,-0.45925925925925926,-0.2222222222222222,-0.31851851851851853,0.014814814814814815,-0.5407407407407407,-0.007407407407407408,-0.7555555555555555,-0.014814814814814815,-0.8888888888888888,-0.022222222222222223,-1.0
i,0.0,0.0,-0.22794117647058823,-0.03676470588235294,-0.4411764705882353,-0.19852941176470587,-0.5514705882352942,-0.3602941176470588,-0.5441176470588235,-0.5147058823529411,-0.38235294117647056,-0.4411764705882353,-0.4632352941176471,-0.5735294117647058,-0.45588235294117646,-0.4485294117647059,-0.4264705882352941,-0.3235294117647059,-0.2647058823529412,-0.4852941176470588,-0.35294117647058826,-0.5955882352941176,-0.3382352941176471,-0.4338235294117647,-0.3088235294117647,-0.29411764705882354,-0.1323529411764706,-0.5220588235294118,-0.21323529411764705,-0.6176470588235294,-0.22794117647058823,-0.45588235294117646,-0.22058823529411764,-0.3161764705882353,0.007352941176470588,-0.5441176470588235,-0.014705882352941176,-0.75,-0.022058823529411766,-0.8823529411764706,-0.03676470588235294,-1.0
i,0.0,0.0,-0.2222222222222222,-0.037037037037037035,-0.43703703703703706,-0.2,-0.5481481481481482,-0.362962962962963,-0.5407407407407407,-0.5111111111111111,-0.3851851851851852,-0.43703703703703706,-0.4666666666666667,-0.5851851851851851,-0.45925925925925926,-0.45925925925925926,-0.42962962962962964,-0.32592592592592595,-0.25925925925925924,-0.48148148148148145,-0.34074074074074073,-0.6074074074074074,-0.3333333333333333,-0.4444444444444444,-0.3111111111111111,-0.3037037037037037,-0.1259259259259259,-0.5185185185185185,-0.2,-0.6296296296296297,-0.2222222222222222,-0.4666666666666667,-0.2222222222222222,-0.32592592592592595,0.014814814814814815,-0.5407407407407407,-0.007407407407407408,-0.7481481481481481,-0.014814814814814815,-0.8888888888888888,-0.022222222222222223,-1.0
i,0.0,0.0,-0.2222222222222222,-0.044444444444444446,-0.43703703703703706,-0.2,-0.5555555555555556,-0.362962962962963,-0.5481481481481482,-0.5185185185185185,-0.37777777777777777,-0.43703703703703706,-0.45925925925925926,-0.5851851851851851,-0.45185185185185184,-0.45925925925925926,-0.42962962962962964,-0.3333333333333333,-0.25925925925925924,-0.48148148148148145,-0.34074074074074073,-0.6148148148148148,-0.3333333333333333,-0.45185185185185184,-0.3037037037037037,-0.3111111111111111,-0.1259259259259259,-0.5111111111111111,-0.2,-0.6296296296296297,-0.2222222222222222,-0.4740740740740741,-0.2222222222222222,-0.3333333333333333,0.014814814814814815,-0.5333333333333333,0.0,-0.7481481481481481,-0.014814814814814815,-0.8814814814814815,-0.022222222222222223,-1.0
i,0.0,0.0,-0.23134328358208955,-0.03731343283582089,-0.44776119402985076,-0.20149253731343283,-0.5671641791044776,-0.373134328358209,-0.5447761194029851,-0.5223880597014925,-0.3880597014925373,-0.44776119402985076,-0.4626865671641791,-0.5970149253731343,-0.4552238805970149,-0.4701492537313433,-0.4253731343283582,-0.3358208955223881,-0.26119402985074625,-0.4925373134328358,-0.34328358208955223,-0.6194029850746269,-0.3283582089552239,-0.4552238805970149,-0.29850746268656714,-0.31343283582089554,-0.12686567164179105,-0.5223880597014925,-0.20149253731343283,-0.6343283582089553,-0.21641791044776118,-0.4701492537313433,-0.21641791044776118,-0.3358208955223881,0.014925373134328358,-0.5447761194029851,-0.007462686567164179,-0.753731343283582,-0.014925373134328358,-0.8880597014925373,-0.022388059701492536,-1.0
i,0.0,0.0,-0.23703703703703705,-0.037037037037037035,-0.45185185185185184,-0.2,-0.562962962962963,-0.37037037037037035,-0.5481481481481482,-0.5259259259259259,-0.3851851851851852,-0.4444444444444444,-0.4666666666666667,-0.6,-0.45185185185185184,-0.4740740740740741,-0.4222222222222222,-0.34074074074074073,-0.26666666666666666,-0.4888888888888889,-0.34074074074074073,-0.6148148148148148,-0.32592592592592595,-0.4444444444444444,-0.2962962962962963,-0.3037037037037037,-0.13333333333333333,-0.5259259259259259,-0.2,-0.6370370370370371,-0.21481481481481482,-0.4740740740740741,-0.21481481481481482,-0.3333333333333333,0.007407407407407408,-0.5481481481481482,-0.007407407407407408,-0.7555555555555555,-0.014814814814814815,-0.8814814814814815,-0.022222222222222223,-1.0
i,0.0,0.0,-0.23703703703703705,-0.044444444444444446,-0.45185185185185184,-0.2074074074074074,-0.5555555555555556,-0.37777777777777777,-0.5407407407407407,-0.5259259259259259,-0.3851851851851852,-0.45185185185185184,-0.45925925925925926,-0.6,-0.4444444444444444,-0.4740740740740741,-0.4148148148148148,-0.34074074074074073,-0.25925925925925924,-0.4962962962962963,-0.3333333333333333,-0.6148148148148148,-0.31851851851851853,-0.4444444444444444,-0.28888888888888886,-0.3037037037037037,-0.1259259259259259,-0.5333333333333333,-0.1925925925925926,-0.6518518518518519,-0.2074074074074074,-0.48148148148148145,-0.2074074074074074,-0.34074074074074073,0.014814814814814815,-0.5481481481481482,0.0,-0.762962962962963,-0.007407407407407408,-0.8888888888888888,-0.014814814814814815,-1.0
i,0.0,0.0,-0.22794117647058823,-0.04411764705882353,-0.4411764705882353,-0.20588235294117646,-0.5514705882352942,-0.375,-0.5294117647058824,-0.5294117647058824,-0.375,-0.45588235294117646,-0.4485294117647059,-0.6029411764705882,-0.4264705882352941,-0.47058823529411764,-0.39705882352941174,-0.3382352941176471,-0.25735294117647056,-0.5,-0.33088235294117646,-0.6176470588235294,-0.3088235294117647,-0.4485294117647059,-0.27941176470588236,-0.3014705882352941,-0.125,-0.5367647058823529,-0.19117647058823528,-0.6544117647058824,-0.20588235294117646,-0.4852941176470588,-0.20588235294117646,-0.3382352941176471,0.022058823529411766,-0.5514705882352942,0.007352941176470588,-0.7573529411764706,0.0,-0.8897058823529411,-0.014705882352941176,-1.0
i,0.0,0.0,-0.23703703703703705,-0.044444444444444446,-0.4444444444444444,-0.2,-0.5555555555555556,-0.37037037037037035,-0.5333333333333333,-0.5185185185185185,-0.37777777777777777,-0.4444444444444444,-0.45185185185185184,-0.5925925925925926,-0.43703703703703706,-0.4666666666666667,-0.4074074074074074,-0.3333333333333333,-0.25925925925925924,-0.4962962962962963,-0.3333333333333333,-0.6148148148148148,-0.3111111111111111,-0.4444444444444444,-0.2814814814814815,-0.2962962962962963,-0.11851851851851852,-0.5259259259259259,-0.1925925925925926,-0.6444444444444445,-0.2,-0.4740740740740741,-0.2,-0.3333333333333333,0.022222222222222223,-0.5481481481481482,0.007407407407407408,-0.7555555555555555,0.0,-0.8814814814814815,-0.014814814814814815,-1.0
j,0.0,0.0,-0.24427480916030533,-0.21374045801526717,-0.5419847328244275,-0.20610687022900764,-0.7480916030534351,-0.10687022900763359,-0.8473282442748091,0.007633587786259542,-0.7251908396946565,-0.24427480916030533,-1.0,0.0,-0.8931297709923665,0.04580152671755725,-0.7938931297709924,0.007633587786259542,-0.6793893129770993,-0.1297709923664122,-0.9236641221374046,0.13740458015267176,-0.8015267175572519,0.15267175572519084,-0.7099236641221374,0.0916030534351145,-0.6030534351145038,0.015267175572519083,-0.8320610687022901,0.2366412213740458,-0.7175572519083969,0.22900763358778625,-0.6259541984732825,0.17557251908396945,-0.5038167938931297,0.16030534351145037,-0.7251908396946565,0.3282442748091603,-0.8015267175572519,0.4198473282442748,-0.8778625954198473,0.48854961832061067
j,0.0,0.0,-0.24806201550387597,-0.20930232558139536,-0.5503875968992248,-0.20930232558139536,-0.751937984496124,-0.10852713178294573,-0.8449612403100775,0.015503875968992248,-0.7286821705426356,-0.24806201550387597,-1.0,0.007751937984496124,-0.9069767441860465,0.05426356589147287,-0.813953488372093,0.007751937984496124,-0.6744186046511628,-0.13178294573643412,-0.9147286821705426,0.15503875968992248,-0.7984496124031008,0.15503875968992248,-0.7131782945736435,0.09302325581395349,-0.5968992248062015,0.015503875968992248,-0.8217054263565892,0.24806201550387597,-0.7209302325581395,0.23255813953488372,-0.6356589147286822,0.17829457364341086,-0.49612403100775193,0.16279069767441862,-0.7131782945736435,0.34108527131782945,-0.7829457364341085,0.43410852713178294,-0.8527131782945736,0.5038759689922481
j,0.0,0.0,-0.24806201550387597,-0.20930232558139536,-0.5426356589147286,-0.20155038759689922,-0.751937984496124,-0.10077519379844961,-0.8449612403100775,0.023255813953488372,-0.7286821705426356,-0.24031007751937986,-1.0,0.015503875968992248,-0.8914728682170543,0.06201550387596899,-0.8062015503875969,0.015503875968992248,-0.6744186046511628,-0.13178294573643412,-0.9147286821705426,0.15503875968992248,-0.7984496124031008,0.16279069767441862,-0.7054263565891473,0.10077519379844961,-0.5968992248062015,0.015503875968992248,-0.8294573643410853,0.24031007751937986,-0.7209302325581395,0.23255813953488372,-0.6356589147286822,0.17054263565891473,-0.49612403100775193,0.15503875968992248,-0.6976744186046512,0.3333333333333333,-0.7751937984496124,0.4263565891472868,-0.8527131782945736,0.49612403100775193
j,0.0,0.0,-0.25190839694656486,-0.21374045801526717,-0.549618320610687,-0.20610687022900764,-0.7404580152671756,-0.10687022900763359,-0.8320610687022901,0.015267175572519083,-0.7175572519083969,-0.24427480916030533,-1.0,0.007633587786259542,-0.8931297709923665,0.05343511450381679,-0.8091603053435115,0.022900763358778626,-0.6717557251908397,-0.13740458015267176,-0.9083969465648855,0.1450381679389313,-0.7938931297709924,0.15267175572519084,-0.7022900763358778,0.09923664122137404,-0.5954198473282443,0.007633587786259542,-0.816793893129771,0.2366412213740458,-0.7099236641221374,0.22137404580152673,-0.6183206106870229,0.16030534351145037,-0.4961832061068702,0.15267175572519084,-0.6946564885496184,0.32061068702290074,-0.7709923664122137,0.4122137404580153,-0.8396946564885496,0.48091603053435117
j,0.0,0.0,-0.25384615384615383,-0.2076923076923077,-0.5461538461538461,-0.2,-0.7538461538461538,-0.1,-0.8461538461538461,0.023076923076923078,-0.7230769230769231,-0.24615384615384617,-1.0,0.015384615384615385,-0.8923076923076924,0.06153846153846154,-0.8,0.023076923076923078,-0.6692307692307692,-0.13846153846153847,-0.9076923076923077,0.15384615384615385,-0.7923076923076923,0.16153846153846155,-0.7,0.1076923076923077,-0.5923076923076923,0.0,-0.8153846153846154,0.23846153846153847,-0.7076923076923077,0.23076923076923078,-0.6230769230769231,0.16923076923076924,-0.4846153846153846,0.14615384615384616,-0.6846153846153846,0.3230769230769231,-0.7615384615384615,0.4230769230769231,-0.8384615384615385,0.49230769230769234
j,0.0,0.0,-0.25384615384615383,-0.2076923076923077,-0.5461538461538461,-0.2,-0.7538461538461538,-0.09230769230769231,-0.8461538461538461,0.03076923076923077,-0.7230769230769231,-0.24615384615384617,-1.0,0.015384615384615385,-0.9076923076923077,0.06923076923076923,-0.823076923076923,0.038461538461538464,-0.6692307692307692,-0.13846153846153847,-0.9153846153846154,0.15384615384615385,-0.8,0.16923076923076924,-0.7076923076923077,0.1076923076923077,-0.5923076923076923,0.0,-0.823076923076923,0.23846153846153847,-0.7153846153846154,0.23846153846153847,-0.6230769230769231,0.17692307692307693,-0.49230769230769234,0.14615384615384616,-0.6923076923076923,0.3230769230769231,-0.7692307692307693,0.4153846153846154,-0.8384615384615385,0.49230769230769234
j,0.0,0.0,-0.2558139534883721,-0.20155038759689922,-0.5503875968992248,-0.18604651162790697,-0.751937984496124,-0.07751937984496124,-0.8527131782945736,0.05426356589147287,-0.7286821705426356,-0.23255813953488372,-1.0,0.03875968992248062,-0.8992248062015504,0.08527131782945736,-0.813953488372093,0.046511627906976744,-0.6744186046511628,-0.12403100775193798,-0.9069767441860465,0.17054263565891473,-0.7906976744186046,0.18604651162790697,-0.7054263565891473,0.12403100775193798,-0.5891472868217055,0.015503875968992248,-0.8217054263565892,0.2558139534883721,-0.7131782945736435,0.24806201550387597,-0.627906976744186,0.18604651162790697,-0.4806201550387597,0.16279069767441862,-0.689922480620155,0.34108527131782945,-0.7674418604651163,0.4496124031007752,-0.8449612403100775,0.5271317829457365
j,0.0,0.0,-0.2558139534883721,-0.20930232558139536,-0.5503875968992248,-0.20155038759689922,-0.751937984496124,-0.08527131782945736,-0.8527131782945736,0.03875968992248062,-0.7209302325581395,-0.24031007751937986,-1.0,0.023255813953488372,-0.9069767441860465,0.07751937984496124,-0.8217054263565892,0.046511627906976744,-0.6666666666666666,-0.13953488372093023,-0.9147286821705426,0.16279069767441862,-0.7906976744186046,0.17829457364341086,-0.7054263565891473,0.11627906976744186,-0.5891472868217055,0.0,-0.8217054263565892,0.24806201550387597,-0.7131782945736435,0.24031007751937986,-0.6201550387596899,0.18604651162790697,-0.4883720930232558,0.14728682170542637,-0.689922480620155,0.32558139534883723,-0.7674418604651163,0.43410852713178294,-0.8449612403100775,0.5116279069767442
j,0.0,0.0,-0.2558139534883721,-0.20155038759689922,-0.5503875968992248,-0.1937984496124031,-0.751937984496124,-0.08527131782945736,-0.8449612403100775,0.046511627906976744,-0.7209302325581395,-0.24031007751937986,-1.0,0.023255813953488372,-0.8992248062015504,0.07751937984496124,-0.813953488372093,0.046511627906976744,-0.6666666666666666,-0.13953488372093023,-0.9147286821705426,0.17054263565891473,-0.7906976744186046,0.17829457364341086,-0.7054263565891473,0.11627906976744186,-0.5891472868217055,0.007751937984496124,-0.8217054263565892,0.2558139534883721,-0.7054263565891473,0.24806201550387597,-0.6201550387596899,0.18604651162790697,-0.4883720930232558,0.14728682170542637,-0.689922480620155,0.3333333333333333,-0.7674418604651163,0.43410852713178294,-0.8372093023255814,0.5116279069767442
j,0.0,0.0,-0.26153846153846155,-0.2076923076923077,-0.5538461538461539,-0.19230769230769232,-0.7538461538461538,-0.09230769230769231,-0.8461538461538461,0.03076923076923077,-0.7153846153846154,-0.23846153846153847,-1.0,0.015384615384615385,-0.9,0.06923076923076923,-0.8153846153846154,0.038461538461538464,-0.6692307692307692,-0.13846153846153847,-0.9076923076923077,0.15384615384615385,-0.7923076923076923,0.16923076923076924,-0.7076923076923077,0.11538461538461539,-0.5923076923076923,0.007692307692307693,-0.8153846153846154,0.23846153846153847,-0.7076923076923077,0.23846153846153847,-0.6153846153846154,0.17692307692307693,-0.4846153846153846,0.14615384615384616,-0.6923076923076923,0.3230769230769231,-0.7692307692307693,0.4307692307692308,-0.8384615384615385,0.5076923076923077
j,0.0,0.0,-0.2558139534883721,-0.20155038759689922,-0.5581395348837209,-0.1937984496124031,-0.7596899224806202,-0.07751937984496124,-0.8527131782945736,0.046511627906976744,-0.7209302325581395,-0.24031007751937986,-1.0,0.023255813953488372,-0.9069767441860465,0.07751937984496124,-0.813953488372093,0.03875968992248062,-0.6666666666666666,-0.13953488372093023,-0.9147286821705426,0.16279069767441862,-0.7984496124031008,0.17829457364341086,-0.7054263565891473,0.11627906976744186,-0.5813953488372093,0.0,-0.813953488372093,0.24806201550387597,-0.7054263565891473,0.24031007751937986,-0.6201550387596899,0.17054263565891473,-0.4728682170542636,0.13953488372093023,-0.6821705426356589,0.3333333333333333,-0.7596899224806202,0.4418604651162791,-0.8372093023255814,0.5193798449612403
j,0.0,0.0,-0.25384615384615383,-0.2076923076923077,-0.5538461538461539,-0.2,-0.7538461538461538,-0.09230769230769231,-0.8461538461538461,0.038461538461538464,-0.7230769230769231,-0.24615384615384617,-1.0,0.015384615384615385,-0.9076923076923077,0.06923076923076923,-0.823076923076923,0.046153846153846156,-0.6692307692307692,-0.13846153846153847,-0.9,0.15384615384615385,-0.7923076923076923,0.16923076923076924,-0.7076923076923077,0.11538461538461539,-0.5923076923076923,0.0,-0.8076923076923077,0.23846153846153847,-0.7,0.23076923076923078,-0.6153846153846154,0.16923076923076924,-0.4846153846153846,0.13846153846153847,-0.6923076923076923,0.33076923076923076,-0.7615384615384615,0.4307692307692308,-0.8307692307692308,0.5
j,0.0,0.0,-0.2558139534883721,-0.1937984496124031,-0.5503875968992248,-0.17829457364341086,-0.7596899224806202,-0.07751937984496124,-0.8527131782945736,0.05426356589147287,-0.7209302325581395,-0.23255813953488372,-1.0,0.031007751937984496,-0.8992248062015504,0.08527131782945736,-0.813953488372093,0.046511627906976744,-0.6666666666666666,-0.13178294573643412,-0.9069767441860465,0.17054263565891473,-0.7906976744186046,0.18604651162790697,-0.7054263565891473,0.12403100775193798,-0.5813953488372093,0.007751937984496124,-0.8062015503875969,0.2558139534883721,-0.7054263565891473,0.24806201550387597,-0.6201550387596899,0.18604651162790697,-0.4728682170542636,0.14728682170542637,-0.6821705426356589,0.34108527131782945,-0.7596899224806202,0.4496124031007752,-0.8294573643410853,0.5193798449612403
j,0.0,0.0,-0.2558139534883721,-0.20155038759689922,-0.5503875968992248,-0.1937984496124031,-0.7596899224806202,-0.08527131782945736,-0.8527131782945736,0.03875968992248062,-0.7209302325581395,-0.24031007751937986,-1.0,0.031007751937984496,-0.8992248062015504,0.07751937984496124,-0.8062015503875969,0.03875968992248062,-0.6666666666666666,-0.13178294573643412,-0.8992248062015504,0.17054263565891473,-0.7829457364341085,0.17054263565891473,-0.6976744186046512,0.11627906976744186,-0.5813953488372093,0.007751937984496124,-0.8062015503875969,0.2558139534883721,-0.689922480620155,0.24031007751937986,-0.6046511627906976,0.18604651162790697,-0.4728682170542636,0.14728682170542637,-0.689922480620155,0.3333333333333333,-0.7596899224806202,0.4263565891472868,-0.8294573643410853,0.49612403100775193
j,0.0,0.0,-0.2558139534883721,-0.20930232558139536,-0.5581395348837209,-0.20155038759689922,-0.7596899224806202,-0.08527131782945736,-0.8527131782945736,0.046511627906976744,-0.7286821705426356,-0.24031007751937986,-1.0,0.023255813953488372,-0.8992248062015504,0.07751937984496124,-0.813953488372093,0.03875968992248062,-0.6744186046511628,-0.13953488372093023,-0.9069767441860465,0.16279069767441862,-0.7906976744186046,0.17054263565891473,-0.7054263565891473,0.10852713178294573,-0.5891472868217055,0.007751937984496124,-0.8217054263565892,0.24806201550387597,-0.7131782945736435,0.24031007751937986,-0.6201550387596899,0.17054263565891473,-0.4806201550387597,0.14728682170542637,-0.689922480620155,0.3333333333333333,-0.7596899224806202,0.43410852713178294,-0.8372093023255814,0.5116279069767442
j,0.0,0.0,-0.26153846153846155,-0.2,-0.5538461538461539,-0.19230769230769232,-0.7538461538461538,-0.08461538461538462,-0.8461538461538461,0.046153846153846156,-0.7230769230769231,-0.23846153846153847,-1.0,0.023076923076923078,-0.9,0.07692307692307693,-0.8153846153846154,0.038461538461538464,-0.6692307692307692,-0.13076923076923078,-0.9076923076923077,0.16153846153846155,-0.7923076923076923,0.17692307692307693,-0.7,0.12307692307692308,-0.5846153846153846,0.007692307692307693,-0.8153846153846154,0.24615384615384617,-0.7076923076923077,0.23846153846153847,-0.6153846153846154,0.17692307692307693,-0.4846153846153846,0.14615384615384616,-0.6846153846153846,0.3384615384615385,-0.7615384615384615,0.43846153846153846,-0.8307692307692308,0.5153846153846153
j,0.0,0.0,-0.2558139534883721,-0.20930232558139536,-0.5503875968992248,-0.20155038759689922,-0.751937984496124,-0.09302325581395349,-0.8372093023255814,0.03875968992248062,-0.7209302325581395,-0.24031007751937986,-1.0,0.015503875968992248,-0.9069767441860465,0.07751937984496124,-0.813953488372093,0.046511627906976744,-0.6666666666666666,-0.13953488372093023,-0.9069767441860465,0.16279069767441862,-0.7906976744186046,0.17829457364341086,-0.7054263565891473,0.11627906976744186,-0.5891472868217055,0.0,-0.8062015503875969,0.24806201550387597,-0.6976744186046512,0.23255813953488372,-0.6124031007751938,0.17054263565891473,-0.4806201550387597,0.13953488372093023,-0.6821705426356589,0.3333333333333333,-0.7596899224806202,0.4418604651162791,-0.8372093023255814,0.5116279069767442
j,0.0,0.0,-0.26153846153846155,-0.2076923076923077,-0.5538461538461539,-0.19230769230769232,-0.7615384615384615,-0.08461538461538462,-0.8538461538461538,0.046153846153846156,-0.7307692307692307,-0.23076923076923078,-1.0,0.023076923076923078,-0.9076923076923077,0.06923076923076923,-0.8153846153846154,0.038461538461538464,-0.676923076923077,-0.13076923076923078,-0.9076923076923077,0.16153846153846155,-0.7923076923076923,0.17692307692307693,-0.7076923076923077,0.11538461538461539,-0.5923076923076923,0.007692307692307693,-0.8153846153846154,0.25384615384615383,-0.7076923076923077,0.24615384615384617,-0.6153846153846154,0.18461538461538463,-0.4846153846153846,0.14615384615384616,-0.6846153846153846,0.33076923076923076,-0.7615384615384615,0.43846153846153846,-0.8307692307692308,0.5076923076923077
j,0.0,0.0,-0.26153846153846155,-0.18461538461538463,-0.5538461538461539,-0.16153846153846155,-0.7538461538461538,-0.05384615384615385,-0.8461538461538461,0.06923076923076923,-0.7230769230769231,-0.2076923076923077,-1.0,0.05384615384615385,-0.9076923076923077,0.1076923076923077,-0.823076923076923,0.08461538461538462,-0.6692307692307692,-0.1076923076923077,-0.9,0.19230769230769232,-0.7923076923076923,0.2076923076923077,-0.7,0.14615384615384616,-0.5846153846153846,0.03076923076923077,-0.8076923076923077,0.2692307692307692,-0.7,0.26153846153846155,-0.6153846153846154,0.2,-0.47692307692307695,0.16923076923076924,-0.676923076923077,0.36153846153846153,-0.7615384615384615,0.47692307692307695,-0.8384615384615385,0.5615384615384615
j,0.0,0.0,-0.2578125,-0.1875,-0.5625,-0.1640625,-0.7734375,-0.0546875,-0.8671875,0.078125,-0.7265625,-0.2109375,-1.0,0.046875,-0.8984375,0.0859375,-0.8046875,0.046875,-0.6640625,-0.109375,-0.8984375,0.1875,-0.7734375,0.1875,-0.6875,0.125,-0.578125,0.03125,-0.796875,0.2734375,-0.6796875,0.2578125,-0.59375,0.1953125,-0.46875,0.171875,-0.671875,0.359375,-0.75,0.4609375,-0.8203125,0.5390625
k,0.0,0.0,-0.21511627906976744,-0.0755813953488372,-0.32558139534883723,-0.29069767441860467,-0.31976744186046513,-0.4883720930232558,-0.36046511627906974,-0.6162790697674418,-0.2558139534883721,-0.436046511627907,-0.36627906976744184,-0.6337209302325582,-0.43023255813953487,-0.7383720930232558,-0.47674418604651164,-0.8430232558139535,-0.14534883720930233,-0.46511627906976744,-0.20348837209302326,-0.7151162790697675,-0.23837209302325582,-0.872093023255814,-0.25,-1.0,-0.03488372093023256,-0.45348837209302323,-0.0872093023255814,-0.6511627906976745,-0.1569767441860465,-0.563953488372093,-0.19186046511627908,-0.47093023255813954,0.09883720930232558,-0.4069767441860465,0.05232558139534884,-0.5232558139534884,0.0,-0.42441860465116277,-0.01744186046511628,-0.31976744186046513
k,0.0,0.0,-0.21052631578947367,-0.07017543859649122,-0.3216374269005848,-0.29239766081871343,-0.3157894736842105,-0.49122807017543857,-0.3508771929824561,-0.6257309941520468,-0.25146198830409355,-0.43859649122807015,-0.3567251461988304,-0.631578947368421,-0.4269005847953216,-0.7426900584795322,-0.47368421052631576,-0.847953216374269,-0.14035087719298245,-0.4678362573099415,-0.19883040935672514,-0.7134502923976608,-0.23391812865497075,-0.8713450292397661,-0.25146198830409355,-1.0,-0.029239766081871343,-0.4502923976608187,-0.08771929824561403,-0.6549707602339181,-0.15789473684210525,-0.5672514619883041,-0.19298245614035087,-0.4678362573099415,0.10526315789473684,-0.4093567251461988,0.05847953216374269,-0.5321637426900585,0.005847953216374269,-0.4327485380116959,-0.011695906432748537,-0.3216374269005848
k,0.0,0.0,-0.20930232558139536,-0.08139534883720931,-0.313953488372093,-0.3023255813953488,-0.3081395348837209,-0.5,-0.3488372093023256,-0.627906976744186,-0.2441860465116279,-0.4418604651162791,-0.3546511627906977,-0.6395348837209303,-0.42441860465116277,-0.75,-0.47093023255813954,-0.8546511627906976,-0.13372093023255813,-0.47674418604651164,-0.18604651162790697,-0.7209302325581395,-0.22674418604651161,-0.877906976744186,-0.2441860465116279,-1.0,-0.01744186046511628,-0.45930232558139533,-0.08139534883720931,-0.6569767441860465,-0.1511627906976744,-0.5581395348837209,-0.18023255813953487,-0.45930232558139533,0.11046511627906977,-0.4127906976744186,0.06395348837209303,-0.5348837209302325,0.005813953488372093,-0.43023255813953487,-0.005813953488372093,-0.32558139534883723
k,0.0,0.0,-0.21052631578947367,-0.07602339181286549,-0.3216374269005848,-0.2982456140350877,-0.3157894736842105,-0.49122807017543857,-0.3567251461988304,-0.6257309941520468,-0.25146198830409355,-0.43859649122807015,-0.36257309941520466,-0.6374269005847953,-0.4269005847953216,-0.7485380116959064,-0.47368421052631576,-0.8538011695906432,-0.14035087719298245,-0.4678362573099415,-0.19883040935672514,-0.7134502923976608,-0.23391812865497075,-0.8713450292397661,-0.25146198830409355,-1.0,-0.029239766081871343,-0.45614035087719296,-0.08771929824561403,-0.6549707602339181,-0.15204678362573099,-0.5672514619883041,-0.1871345029239766,-0.4678362573099415,0.10526315789473684,-0.4093567251461988,0.05847953216374269,-0.5263157894736842,0.005847953216374269,-0.4327485380116959,-0.011695906432748537,-0.32748538011695905
k,0.0,0.0,-0.20930232558139536,-0.08139534883720931,-0.313953488372093,-0.3023255813953488,-0.3081395348837209,-0.4941860465116279,-0.3488372093023256,-0.622093023255814,-0.25,-0.4418604651162791,-0.36046511627906974,-0.6337209302325582,-0.42441860465116277,-0.75,-0.47093023255813954,-0.8546511627906976,-0.13953488372093023,-0.47093023255813954,-0.19767441860465115,-0.7151162790697675,-0.23255813953488372,-0.872093023255814,-0.25,-1.0,-0.029069767441860465,-0.45348837209302323,-0.0872093023255814,-0.6511627906976745,-0.1511627906976744,-0.563953488372093,-0.19186046511627908,-0.46511627906976744,0.10465116279069768,-0.4069767441860465,0.05813953488372093,-0.5290697674418605,0.005813953488372093,-0.43023255813953487,-0.011627906976744186,-0.32558139534883723
k,0.0,0.0,-0.20348837209302326,-0.06976744186046512,-0.313953488372093,-0.29069767441860467,-0.3081395348837209,-0.4883720930232558,-0.3488372093023256,-0.6162790697674418,-0.2441860465116279,-0.436046511627907,-0.3546511627906977,-0.622093023255814,-0.4186046511627907,-0.7383720930232558,-0.47093023255813954,-0.8430232558139535,-0.13372093023255813,-0.46511627906976744,-0.19186046511627908,-0.7093023255813954,-0.22674418604651161,-0.8662790697674418,-0.2441860465116279,-1.0,-0.023255813953488372,-0.4476744186046512,-0.08139534883720931,-0.6453488372093024,-0.1511627906976744,-0.563953488372093,-0.19186046511627908,-0.47674418604651164,0.11627906976744186,-0.4011627906976744,0.06395348837209303,-0.5290697674418605,0.011627906976744186,-0.43023255813953487,-0.005813953488372093,-0.31976744186046513
k,0.0,0.0,-0.20930232558139536,-0.06976744186046512,-0.31976744186046513,-0.29069767441860467,-0.31976744186046513,-0.4883720930232558,-0.36627906976744184,-0.622093023255814,-0.25,-0.436046511627907,-0.36627906976744184,-0.627906976744186,-0.43023255813953487,-0.7441860465116279,-0.47674418604651164,-0.8488372093023255,-0.14534883720930233,-0.46511627906976744,-0.20348837209302326,-0.7151162790697675,-0.23837209302325582,-0.872093023255814,-0.25,-1.0,-0.029069767441860465,-0.45348837209302323,-0.0872093023255814,-0.6569767441860465,-0.1569767441860465,-0.5697674418604651,-0.19767441860465115,-0.48255813953488375,0.10465116279069768,-0.4127906976744186,0.05232558139534884,-0.5290697674418605,0.0,-0.43023255813953487,-0.01744186046511628,-0.31976744186046513
k,0.0,0.0,-0.20588235294117646,-0.07058823529411765,-0.3176470588235294,-0.29411764705882354,-0.3058823529411765,-0.49411764705882355,-0.35294117647058826,-0.6235294117647059,-0.24705882352941178,-0.43529411764705883,-0.3588235294117647,-0.6294117647058823,-0.4235294117647059,-0.7470588235294118,-0.47058823529411764,-0.8470588235294118,-0.13529411764705881,-0.47058823529411764,-0.19411764705882353,-0.711764705882353,-0.22941176470588234,-0.8705882352941177,-0.24705882352941178,-1.0,-0.023529411764705882,-0.45294117647058824,-0.07647058823529412,-0.6529411764705882,-0.14705882352941177,-0.5647058823529412,-0.18823529411764706,-0.47058823529411764,0.11176470588235295,-0.40588235294117647,0.06470588235294118,-0.5294117647058824,0.011764705882352941,-0.4294117647058823,-0.0058823529411764705,-0.3176470588235294
k,0.0,0.0,-0.20588235294117646,-0.06470588235294118,-0.3176470588235294,-0.28823529411764703,-0.31176470588235294,-0.49411764705882355,-0.3588235294117647,-0.6235294117647059,-0.2529411764705882,-0.43529411764705883,-0.36470588235294116,-0.6294117647058823,-0.4294117647058823,-0.7411764705882353,-0.4764705882352941,-0.8470588235294118,-0.1411764705882353,-0.4647058823529412,-0.19411764705882353,-0.711764705882353,-0.23529411764705882,-0.8705882352941177,-0.2529411764705882,-1.0,-0.023529411764705882,-0.45294117647058824,-0.08235294117647059,-0.6529411764705882,-0.14705882352941177,-0.5588235294117647,-0.18235294117647058,-0.4647058823529412,0.10588235294117647,-0.40588235294117647,0.058823529411764705,-0.5235294117647059,0.0058823529411764705,-0.4235294117647059,-0.0058823529411764705,-0.31176470588235294
k,0.0,0.0,-0.20930232558139536,-0.08139534883720931,-0.313953488372093,-0.3023255813953488,-0.313953488372093,-0.4941860465116279,-0.3546511627906977,-0.622093023255814,-0.2558139534883721,-0.4418604651162791,-0.36046511627906974,-0.6395348837209303,-0.42441860465116277,-0.75,-0.47093023255813954,-0.8488372093023255,-0.14534883720930233,-0.47674418604651164,-0.19767441860465115,-0.7151162790697675,-0.23255813953488372,-0.872093023255814,-0.25,-1.0,-0.029069767441860465,-0.45930232558139533,-0.08139534883720931,-0.6569767441860465,-0.1511627906976744,-0.5697674418604651,-0.19186046511627908,-0.47674418604651164,0.10465116279069768,-0.4127906976744186,0.05813953488372093,-0.5290697674418605,0.0,-0.43023255813953487,-0.01744186046511628,-0.32558139534883723
k,0.0,0.0,-0.21176470588235294,-0.08235294117647059,-0.3235294117647059,-0.3,-0.3176470588235294,-0.5,-0.35294117647058826,-0.6294117647058823,-0.2529411764705882,-0.4411764705882353,-0.36470588235294116,-0.6352941176470588,-0.4294117647058823,-0.7470588235294118,-0.4764705882352941,-0.8529411764705882,-0.1411764705882353,-0.47058823529411764,-0.2,-0.7176470588235294,-0.23529411764705882,-0.8764705882352941,-0.2529411764705882,-1.0,-0.029411764705882353,-0.45294117647058824,-0.08235294117647059,-0.6588235294117647,-0.15294117647058825,-0.5588235294117647,-0.18235294117647058,-0.4588235294117647,0.10588235294117647,-0.4117647058823529,0.06470588235294118,-0.5294117647058824,0.0058823529411764705,-0.43529411764705883,-0.011764705882352941,-0.32941176470588235
k,0.0,0.0,-0.21052631578947367,-0.08187134502923976,-0.3157894736842105,-0.2982456140350877,-0.30994152046783624,-0.49707602339181284,-0.3508771929824561,-0.6257309941520468,-0.25146198830409355,-0.4444444444444444,-0.36257309941520466,-0.6374269005847953,-0.4269005847953216,-0.7485380116959064,-0.47368421052631576,-0.8538011695906432,-0.14035087719298245,-0.47368421052631576,-0.19883040935672514,-0.7192982456140351,-0.23391812865497075,-0.8713450292397661,-0.24561403508771928,-1.0,-0.023391812865497075,-0.45614035087719296,-0.08187134502923976,-0.6549707602339181,-0.14619883040935672,-0.5614035087719298,-0.17543859649122806,-0.4619883040935672,0.10526315789473684,-0.4093567251461988,0.05847953216374269,-0.5321637426900585,0.005847953216374269,-0.4327485380116959,-0.005847953216374269,-0.32748538011695905
k,0.0,0.0,-0.2,-0.07058823529411765,-0.31176470588235294,-0.28823529411764703,-0.31176470588235294,-0.4823529411764706,-0.34705882352941175,-0.611764705882353,-0.2529411764705882,-0.43529411764705883,-0.3588235294117647,-0.6294117647058823,-0.4235294117647059,-0.7411764705882353,-0.47058823529411764,-0.8411764705882353,-0.1411764705882353,-0.47058823529411764,-0.19411764705882353,-0.711764705882353,-0.22941176470588234,-0.8705882352941177,-0.24705882352941178,-1.0,-0.023529411764705882,-0.45294117647058824,-0.08235294117647059,-0.6529411764705882,-0.15294117647058825,-0.5647058823529412,-0.18823529411764706,-0.47058823529411764,0.11176470588235295,-0.40588235294117647,0.058823529411764705,-0.5294117647058824,0.0058823529411764705,-0.4294117647058823,-0.0058823529411764705,-0.3176470588235294
k,0.0,0.0,-0.19883040935672514,-0.07017543859649122,-0.30994152046783624,-0.29239766081871343,-0.30994152046783624,-0.4853801169590643,-0.3508771929824561,-0.6081871345029239,-0.25146198830409355,-0.4327485380116959,-0.36257309941520466,-0.6257309941520468,-0.42105263157894735,-0.7368421052631579,-0.4678362573099415,-0.8362573099415205,-0.14035087719298245,-0.4619883040935672,-0.19298245614035087,-0.7134502923976608,-0.22807017543859648,-0.8713450292397661,-0.23976608187134502,-1.0,-0.023391812865497075,-0.4502923976608187,-0.08187134502923976,-0.6491228070175439,-0.15204678362573099,-0.5672514619883041,-0.1871345029239766,-0.47953216374269003,0.1111111111111111,-0.40350877192982454,0.06432748538011696,-0.52046783625731,0.011695906432748537,-0.42105263157894735,-0.005847953216374269,-0.3157894736842105
k,0.0,0.0,-0.19883040935672514,-0.07017543859649122,-0.30994152046783624,-0.29239766081871343,-0.30994152046783624,-0.49122807017543857,-0.3508771929824561,-0.6140350877192983,-0.25146198830409355,-0.43859649122807015,-0.3567251461988304,-0.631578947368421,-0.42105263157894735,-0.7426900584795322,-0.4678362573099415,-0.847953216374269,-0.14035087719298245,-0.4678362573099415,-0.19298245614035087,-0.7134502923976608,-0.22807017543859648,-0.8713450292397661,-0.24561403508771928,-1.0,-0.023391812865497075,-0.45614035087719296,-0.08187134502923976,-0.6549707602339181,-0.15204678362573099,-0.5672514619883041,-0.1871345029239766,-0.47368421052631576,0.1111111111111111,-0.4093567251461988,0.05847953216374269,-0.5321637426900585,0.011695906432748537,-0.4327485380116959,-0.005847953216374269,-0.32748538011695905
k,0.0,0.0,-0.2,-0.07058823529411765,-0.3058823529411765,-0.29411764705882354,-0.3058823529411765,-0.48823529411764705,-0.34705882352941175,-0.6176470588235294,-0.24705882352941178,-0.43529411764705883,-0.3588235294117647,-0.6294117647058823,-0.4235294117647059,-0.7411764705882353,-0.4647058823529412,-0.8470588235294118,-0.13529411764705881,-0.47058823529411764,-0.18823529411764706,-0.711764705882353,-0.2235294117647059,-0.8705882352941177,-0.2411764705882353,-1.0,-0.01764705882352941,-0.45294117647058824,-0.07647058823529412,-0.6529411764705882,-0.14705882352941177,-0.5647058823529412,-0.18235294117647058,-0.47058823529411764,0.11176470588235295,-0.4117647058823529,0.058823529411764705,-0.5235294117647059,0.011764705882352941,-0.4235294117647059,0.0,-0.3176470588235294
k,0.0,0.0,-0.2,-0.07058823529411765,-0.31176470588235294,-0.29411764705882354,-0.3058823529411765,-0.48823529411764705,-0.34705882352941175,-0.6176470588235294,-0.24705882352941178,-0.43529411764705883,-0.3588235294117647,-0.6294117647058823,-0.4235294117647059,-0.7411764705882353,-0.4647058823529412,-0.8411764705882353,-0.13529411764705881,-0.47058823529411764,-0.19411764705882353,-0.711764705882353,-0.22941176470588234,-0.8705882352941177,-0.2411764705882353,-1.0,-0.023529411764705882,-0.45294117647058824,-0.07647058823529412,-0.6529411764705882,-0.1411764705882353,-0.5647058823529412,-0.18235294117647058,-0.4764705882352941,0.11176470588235295,-0.40588235294117647,0.06470588235294118,-0.5235294117647059,0.011764705882352941,-0.4235294117647059,-0.0058823529411764705,-0.3176470588235294
k,0.0,0.0,-0.19883040935672514,-0.07017543859649122,-0.30994152046783624,-0.29239766081871343,-0.30994152046783624,-0.4853801169590643,-0.3567251461988304,-0.6081871345029239,-0.25146198830409355,-0.4327485380116959,-0.36257309941520466,-0.6198830409356725,-0.4269005847953216,-0.7309941520467836,-0.4678362573099415,-0.8362573099415205,-0.14035087719298245,-0.4619883040935672,-0.19298245614035087,-0.7076023391812866,-0.22807017543859648,-0.8654970760233918,-0.24561403508771928,-1.0,-0.029239766081871343,-0.4444444444444444,-0.08187134502923976,-0.6491228070175439,-0.15204678362573099,-0.5672514619883041,-0.1871345029239766,-0.47953216374269003,0.10526315789473684,-0.40350877192982454,0.05847953216374269,-0.5263157894736842,0.005847953216374269,-0.4269005847953216,-0.005847953216374269,-0.3157894736842105
k,0.0,0.0,-0.21052631578947367,-0.07602339181286549,-0.3157894736842105,-0.2982456140350877,-0.3157894736842105,-0.49707602339181284,-0.3567251461988304,-0.6257309941520468,-0.25146198830409355,-0.4444444444444444,-0.36257309941520466,-0.6374269005847953,-0.4269005847953216,-0.7485380116959064,-0.47368421052631576,-0.8538011695906432,-0.14619883040935672,-0.47368421052631576,-0.2046783625730994,-0.7192982456140351,-0.23391812865497075,-0.8771929824561403,-0.25146198830409355,-1.0,-0.029239766081871343,-0.45614035087719296,-0.08187134502923976,-0.6608187134502924,-0.15204678362573099,-0.5730994152046783,-0.1871345029239766,-0.47953216374269003,0.10526315789473684,-0.4152046783625731,0.05847953216374269,-0.5380116959064327,0.005847953216374269,-0.43859649122807015,-0.011695906432748537,-0.3333333333333333
k,0.0,0.0,-0.20348837209302326,-0.08139534883720931,-0.313953488372093,-0.3023255813953488,-0.3081395348837209,-0.4941860465116279,-0.3488372093023256,-0.622093023255814,-0.25,-0.4418604651162791,-0.3546511627906977,-0.6337209302325582,-0.4186046511627907,-0.7441860465116279,-0.46511627906976744,-0.8488372093023255,-0.13953488372093023,-0.47093023255813954,-0.19186046511627908,-0.7151162790697675,-0.22674418604651161,-0.872093023255814,-0.2441860465116279,-1.0,-0.023255813953488372,-0.45348837209302323,-0.0755813953488372,-0.6569767441860465,-0.14534883720930233,-0.563953488372093,-0.18023255813953487,-0.47093023255813954,0.11046511627906977,-0.4127906976744186,0.06395348837209303,-0.5290697674418605,0.011627906976744186,-0.43023255813953487,-0.005813953488372093,-0.32558139534883723
l,0.0,0.0,-0.2482758620689655,-0.06896551724137931,-0.4482758620689655,-0.2,-0.6275862068965518,-0.2827586206896552,-0.7862068965517242,-0.30344827586206896,-0.31724137931034485,-0.5379310344827586,-0.36551724137931035,-0.7517241379310344,-0.4,-0.8827586206896552,-0.42758620689655175,-1.0,-0.1793103448275862,-0.5655172413793104,-0.18620689655172415,-0.8137931034482758,-0.19310344827586207,-0.6689655172413793,-0.2,-0.5448275862068965,-0.041379310344827586,-0.5517241379310345,-0.041379310344827586,-0.7724137931034483,-0.06206896551724138,-0.6413793103448275,-0.08275862068965517,-0.5172413793103449,0.09655172413793103,-0.4896551724137931,0.12413793103448276,-0.6689655172413793,0.0896551724137931,-0.6137931034482759,0.041379310344827586,-0.5310344827586206
l,0.0,0.0,-0.2152777777777778,-0.0625,-0.4236111111111111,-0.20833333333333334,-0.6111111111111112,-0.2847222222222222,-0.7569444444444444,-0.2916666666666667,-0.2916666666666667,-0.5069444444444444,-0.3263888888888889,-0.75,-0.3472222222222222,-0.8819444444444444,-0.3611111111111111,-1.0,-0.1597222222222222,-0.5138888888888888,-0.19444444444444445,-0.6041666666666666,-0.19444444444444445,-0.4097222222222222,-0.1875,-0.2916666666666667,-0.013888888888888888,-0.4791666666666667,-0.05555555555555555,-0.5555555555555556,-0.0763888888888889,-0.3680555555555556,-0.09027777777777778,-0.2777777777777778,0.11805555555555555,-0.4236111111111111,0.10416666666666667,-0.5277777777777778,0.04861111111111111,-0.4097222222222222,0.020833333333333332,-0.3333333333333333
l,0.0,0.0,-0.22916666666666666,-0.06944444444444445,-0.4444444444444444,-0.2152777777777778,-0.6180555555555556,-0.2916666666666667,-0.7638888888888888,-0.2986111111111111,-0.3125,-0.5208333333333334,-0.3541666666666667,-0.75,-0.3819444444444444,-0.8819444444444444,-0.3958333333333333,-1.0,-0.18055555555555555,-0.5277777777777778,-0.20833333333333334,-0.6736111111111112,-0.2152777777777778,-0.4930555555555556,-0.2013888888888889,-0.3680555555555556,-0.034722222222222224,-0.5,-0.06944444444444445,-0.6180555555555556,-0.09027777777777778,-0.4513888888888889,-0.09027777777777778,-0.3472222222222222,0.11805555555555555,-0.4375,0.11805555555555555,-0.5902777777777778,0.0625,-0.5,0.027777777777777776,-0.4236111111111111
l,0.0,0.0,-0.2361111111111111,-0.08333333333333333,-0.4375,-0.2222222222222222,-0.625,-0.2986111111111111,-0.7708333333333334,-0.3055555555555556,-0.3194444444444444,-0.5277777777777778,-0.3611111111111111,-0.75,-0.3958333333333333,-0.8819444444444444,-0.4236111111111111,-1.0,-0.1875,-0.5486111111111112,-0.2222222222222222,-0.7222222222222222,-0.2152777777777778,-0.5416666666666666,-0.2013888888888889,-0.4236111111111111,-0.041666666666666664,-0.5277777777777778,-0.06944444444444445,-0.6805555555555556,-0.09027777777777778,-0.5208333333333334,-0.09027777777777778,-0.4166666666666667,0.10416666666666667,-0.4652777777777778,0.1111111111111111,-0.6319444444444444,0.0625,-0.5555555555555556,0.034722222222222224,-0.4791666666666667
l,0.0,0.0,-0.23943661971830985,-0.07042253521126761,-0.4507042253521127,-0.21830985915492956,-0.6408450704225352,-0.29577464788732394,-0.7816901408450704,-0.31690140845070425,-0.323943661971831,-0.528169014084507,-0.36619718309859156,-0.7535211267605634,-0.4084507042253521,-0.8873239436619719,-0.4295774647887324,-1.0,-0.19014084507042253,-0.5492957746478874,-0.21830985915492956,-0.7394366197183099,-0.22535211267605634,-0.5633802816901409,-0.2112676056338028,-0.44366197183098594,-0.04225352112676056,-0.528169014084507,-0.07042253521126761,-0.6971830985915493,-0.09859154929577464,-0.5422535211267606,-0.09859154929577464,-0.4295774647887324,0.11267605633802817,-0.4788732394366197,0.11267605633802817,-0.6549295774647887,0.06338028169014084,-0.5845070422535211,0.028169014084507043,-0.5
l,0.0,0.0,-0.23776223776223776,-0.08391608391608392,-0.44755244755244755,-0.21678321678321677,-0.6363636363636364,-0.3006993006993007,-0.7832167832167832,-0.3146853146853147,-0.32167832167832167,-0.5314685314685315,-0.3706293706293706,-0.7552447552447552,-0.4125874125874126,-0.8811188811188811,-0.43356643356643354,-1.0,-0.1888111888111888,-0.5524475524475524,-0.22377622377622378,-0.7412587412587412,-0.22377622377622378,-0.5664335664335665,-0.2097902097902098,-0.4405594405594406,-0.04195804195804196,-0.5384615384615384,-0.06993006993006994,-0.6993006993006993,-0.09090909090909091,-0.5454545454545454,-0.0979020979020979,-0.4405594405594406,0.1048951048951049,-0.4825174825174825,0.1048951048951049,-0.6573426573426573,0.055944055944055944,-0.5804195804195804,0.027972027972027972,-0.5034965034965035
l,0.0,0.0,-0.23943661971830985,-0.07042253521126761,-0.45774647887323944,-0.2112676056338028,-0.647887323943662,-0.2887323943661972,-0.7887323943661971,-0.3028169014084507,-0.3380281690140845,-0.528169014084507,-0.3873239436619718,-0.7535211267605634,-0.4225352112676056,-0.8873239436619719,-0.44366197183098594,-1.0,-0.20422535211267606,-0.5492957746478874,-0.2323943661971831,-0.7183098591549296,-0.2323943661971831,-0.5352112676056338,-0.2112676056338028,-0.4154929577464789,-0.056338028169014086,-0.528169014084507,-0.09154929577464789,-0.6830985915492958,-0.1056338028169014,-0.5140845070422535,-0.09859154929577464,-0.4154929577464789,0.09154929577464789,-0.4788732394366197,0.08450704225352113,-0.647887323943662,0.04225352112676056,-0.5633802816901409,0.02112676056338028,-0.4859154929577465
l,0.0,0.0,-0.2361111111111111,-0.0763888888888889,-0.4444444444444444,-0.2152777777777778,-0.6319444444444444,-0.2916666666666667,-0.7777777777777778,-0.3055555555555556,-0.3263888888888889,-0.5208333333333334,-0.3680555555555556,-0.75,-0.3958333333333333,-0.8819444444444444,-0.4166666666666667,-1.0,-0.19444444444444445,-0.5347222222222222,-0.2361111111111111,-0.6736111111111112,-0.2152777777777778,-0.4861111111111111,-0.2013888888888889,-0.375,-0.04861111111111111,-0.5208333333333334,-0.09027777777777778,-0.6458333333333334,-0.09027777777777778,-0.4722222222222222,-0.09027777777777778,-0.3819444444444444,0.09722222222222222,-0.4722222222222222,0.08333333333333333,-0.6319444444444444,0.041666666666666664,-0.5416666666666666,0.027777777777777776,-0.4652777777777778
l,0.0,0.0,-0.22535211267605634,-0.056338028169014086,-0.43661971830985913,-0.20422535211267606,-0.6267605633802817,-0.2746478873239437,-0.7746478873239436,-0.2887323943661972,-0.31690140845070425,-0.5140845070422535,-0.352112676056338,-0.7464788732394366,-0.38028169014084506,-0.8802816901408451,-0.4014084507042254,-1.0,-0.18309859154929578,-0.5211267605633803,-0.22535211267605634,-0.647887323943662,-0.21830985915492956,-0.45774647887323944,-0.19718309859154928,-0.33098591549295775,-0.035211267605633804,-0.5,-0.07746478873239436,-0.6056338028169014,-0.08450704225352113,-0.43661971830985913,-0.08450704225352113,-0.33098591549295775,0.11267605633802817,-0.45774647887323944,0.09859154929577464,-0.6056338028169014,0.04929577464788732,-0.5140845070422535,0.028169014084507043,-0.4295774647887324
l,0.0,0.0,-0.23076923076923078,-0.06293706293706294,-0.44755244755244755,-0.2097902097902098,-0.6363636363636364,-0.2867132867132867,-0.7832167832167832,-0.2937062937062937,-0.32167832167832167,-0.5104895104895105,-0.35664335664335667,-0.7482517482517482,-0.38461538461538464,-0.8811188811188811,-0.40559440559440557,-1.0,-0.1888111888111888,-0.5174825174825175,-0.23076923076923078,-0.6293706293706294,-0.21678321678321677,-0.43356643356643354,-0.1958041958041958,-0.3146853146853147,-0.04195804195804196,-0.4965034965034965,-0.08391608391608392,-0.5874125874125874,-0.09090909090909091,-0.4125874125874126,-0.09090909090909091,-0.3146853146853147,0.1048951048951049,-0.45454545454545453,0.08391608391608392,-0.5944055944055944,0.03496503496503497,-0.4825174825174825,0.006993006993006993,-0.3986013986013986
l,0.0,0.0,-0.2152777777777778,-0.0625,-0.4305555555555556,-0.20833333333333334,-0.6111111111111112,-0.2777777777777778,-0.7569444444444444,-0.2847222222222222,-0.3055555555555556,-0.5069444444444444,-0.3333333333333333,-0.7430555555555556,-0.3611111111111111,-0.875,-0.3819444444444444,-1.0,-0.1736111111111111,-0.5138888888888888,-0.2222222222222222,-0.6041666666666666,-0.20833333333333334,-0.4027777777777778,-0.1875,-0.2986111111111111,-0.027777777777777776,-0.4861111111111111,-0.0763888888888889,-0.5694444444444444,-0.08333333333333333,-0.3888888888888889,-0.08333333333333333,-0.2986111111111111,0.1111111111111111,-0.4444444444444444,0.08333333333333333,-0.5763888888888888,0.041666666666666664,-0.4583333333333333,0.020833333333333332,-0.375
l,0.0,0.0,-0.22377622377622378,-0.06293706293706294,-0.4405594405594406,-0.20279720279720279,-0.6293706293706294,-0.27972027972027974,-0.7762237762237763,-0.2867132867132867,-0.3146853146853147,-0.5034965034965035,-0.34265734265734266,-0.7412587412587412,-0.36363636363636365,-0.8811188811188811,-0.38461538461538464,-1.0,-0.18181818181818182,-0.5104895104895105,-0.23076923076923078,-0.6013986013986014,-0.21678321678321677,-0.3986013986013986,-0.1958041958041958,-0.2867132867132867,-0.04195804195804196,-0.4825174825174825,-0.08391608391608392,-0.5594405594405595,-0.09090909090909091,-0.3706293706293706,-0.0979020979020979,-0.2867132867132867,0.0979020979020979,-0.4405594405594406,0.06993006993006994,-0.5594405594405595,0.027972027972027972,-0.4405594405594406,0.013986013986013986,-0.36363636363636365
l,0.0,0.0,-0.21678321678321677,-0.055944055944055944,-0.43356643356643354,-0.20279720279720279,-0.6153846153846154,-0.2727272727272727,-0.7622377622377622,-0.27972027972027974,-0.3006993006993007,-0.4965034965034965,-0.3356643356643357,-0.7412587412587412,-0.34965034965034963,-0.8811188811188811,-0.3706293706293706,-1.0,-0.16783216783216784,-0.5034965034965035,-0.22377622377622378,-0.5944055944055944,-0.21678321678321677,-0.3986013986013986,-0.1888111888111888,-0.2867132867132867,-0.027972027972027972,-0.4825174825174825,-0.07692307692307693,-0.5524475524475524,-0.09090909090909091,-0.3776223776223776,-0.08391608391608392,-0.2867132867132867,0.11188811188811189,-0.43356643356643354,0.08391608391608392,-0.5594405594405595,0.03496503496503497,-0.4405594405594406,0.02097902097902098,-0.3706293706293706
l,0.0,0.0,-0.21830985915492956,-0.04929577464788732,-0.43661971830985913,-0.20422535211267606,-0.6126760563380281,-0.2746478873239437,-0.7605633802816901,-0.2746478873239437,-0.3028169014084507,-0.5,-0.33098591549295775,-0.7394366197183099,-0.352112676056338,-0.8802816901408451,-0.3732394366197183,-1.0,-0.1619718309859155,-0.5070422535211268,-0.21830985915492956,-0.6126760563380281,-0.2112676056338028,-0.4154929577464789,-0.18309859154929578,-0.29577464788732394,-0.02112676056338028,-0.4859154929577465,-0.07746478873239436,-0.5704225352112676,-0.08450704225352113,-0.3873239436619718,-0.07746478873239436,-0.2887323943661972,0.11971830985915492,-0.44366197183098594,0.09859154929577464,-0.5774647887323944,0.04929577464788732,-0.47183098591549294,0.02112676056338028,-0.3873239436619718
l,0.0,0.0,-0.21830985915492956,-0.056338028169014086,-0.4295774647887324,-0.20422535211267606,-0.6126760563380281,-0.2746478873239437,-0.7676056338028169,-0.2746478873239437,-0.30985915492957744,-0.5,-0.3380281690140845,-0.7394366197183099,-0.36619718309859156,-0.8802816901408451,-0.38028169014084506,-1.0,-0.16901408450704225,-0.5140845070422535,-0.21830985915492956,-0.6338028169014085,-0.2112676056338028,-0.44366197183098594,-0.19718309859154928,-0.31690140845070425,-0.028169014084507043,-0.49295774647887325,-0.07042253521126761,-0.5845070422535211,-0.07746478873239436,-0.4225352112676056,-0.07746478873239436,-0.323943661971831,0.11971830985915492,-0.4507042253521127,0.11267605633802817,-0.6056338028169014,0.07746478873239436,-0.5422535211267606,0.04929577464788732,-0.47183098591549294
l,0.0,0.0,-0.21830985915492956,-0.056338028169014086,-0.4295774647887324,-0.20422535211267606,-0.6197183098591549,-0.2746478873239437,-0.7676056338028169,-0.28169014084507044,-0.31690140845070425,-0.5140845070422535,-0.34507042253521125,-0.7464788732394366,-0.3732394366197183,-0.8802816901408451,-0.39436619718309857,-1.0,-0.176056338028169,-0.5211267605633803,-0.21830985915492956,-0.6690140845070423,-0.22535211267605634,-0.49295774647887325,-0.2112676056338028,-0.36619718309859156,-0.035211267605633804,-0.5,-0.07042253521126761,-0.6197183098591549,-0.09154929577464789,-0.4647887323943662,-0.09154929577464789,-0.3591549295774648,0.11267605633802817,-0.45774647887323944,0.11971830985915492,-0.6267605633802817,0.07042253521126761,-0.5774647887323944,0.04225352112676056,-0.5211267605633803
l,0.0,0.0,-0.24113475177304963,-0.06382978723404255,-0.45390070921985815,-0.19858156028368795,-0.6453900709219859,-0.2695035460992908,-0.7872340425531915,-0.2765957446808511,-0.3333333333333333,-0.5177304964539007,-0.375886524822695,-0.75177304964539,-0.40425531914893614,-0.8865248226950354,-0.425531914893617,-1.0,-0.19858156028368795,-0.5319148936170213,-0.23404255319148937,-0.6879432624113475,-0.23404255319148937,-0.5177304964539007,-0.2198581560283688,-0.3900709219858156,-0.05673758865248227,-0.5177304964539007,-0.09219858156028368,-0.6524822695035462,-0.10638297872340426,-0.49645390070921985,-0.10638297872340426,-0.3900709219858156,0.09219858156028368,-0.475177304964539,0.09219858156028368,-0.6453900709219859,0.0425531914893617,-0.5815602836879432,0.014184397163120567,-0.5106382978723404
l,0.0,0.0,-0.23776223776223776,-0.07692307692307693,-0.44755244755244755,-0.2097902097902098,-0.6363636363636364,-0.27972027972027974,-0.7762237762237763,-0.2867132867132867,-0.3356643356643357,-0.5314685314685315,-0.3776223776223776,-0.7482517482517482,-0.4125874125874126,-0.8811188811188811,-0.43356643356643354,-1.0,-0.20279720279720279,-0.5524475524475524,-0.23076923076923078,-0.7272727272727273,-0.23076923076923078,-0.5524475524475524,-0.21678321678321677,-0.42657342657342656,-0.06293706293706294,-0.5314685314685315,-0.09090909090909091,-0.6853146853146853,-0.11188811188811189,-0.5314685314685315,-0.11188811188811189,-0.4195804195804196,0.08391608391608392,-0.4825174825174825,0.09090909090909091,-0.6573426573426573,0.04195804195804196,-0.6013986013986014,0.013986013986013986,-0.5244755244755245
l,0.0,0.0,-0.24305555555555555,-0.0763888888888889,-0.4513888888888889,-0.20833333333333334,-0.6319444444444444,-0.2777777777777778,-0.7777777777777778,-0.2847222222222222,-0.3333333333333333,-0.5347222222222222,-0.3819444444444444,-0.75,-0.4166666666666667,-0.8819444444444444,-0.4375,-1.0,-0.2013888888888889,-0.5555555555555556,-0.22916666666666666,-0.7430555555555556,-0.22916666666666666,-0.5763888888888888,-0.2152777777777778,-0.4513888888888889,-0.0625,-0.5347222222222222,-0.08333333333333333,-0.6944444444444444,-0.1111111111111111,-0.5486111111111112,-0.11805555555555555,-0.4375,0.0763888888888889,-0.4861111111111111,0.08333333333333333,-0.6666666666666666,0.034722222222222224,-0.6041666666666666,0.0,-0.5208333333333334
l,0.0,0.0,-0.24475524475524477,-0.07692307692307693,-0.45454545454545453,-0.20279720279720279,-0.6433566433566433,-0.2727272727272727,-0.7832167832167832,-0.2867132867132867,-0.34265734265734266,-0.5244755244755245,-0.38461538461538464,-0.7552447552447552,-0.4195804195804196,-0.8811188811188811,-0.4405594405594406,-1.0,-0.2097902097902098,-0.5524475524475524,-0.23776223776223776,-0.7342657342657343,-0.23776223776223776,-0.5594405594405595,-0.22377622377622378,-0.43356643356643354,-0.06293706293706294,-0.5314685314685315,-0.0979020979020979,-0.6923076923076923,-0.11888111888111888,-0.5384615384615384,-0.11888111888111888,-0.42657342657342656,0.07692307692307693,-0.4825174825174825,0.08391608391608392,-0.6643356643356644,0.027972027972027972,-0.6013986013986014,0.0,-0.5174825174825175
m,0.0,0.0,-0.26857142857142857,-0.14285714285714285,-0.37142857142857144,-0.49142857142857144,-0.22285714285714286,-0.6971428571428572,-0.05142857142857143,-0.8457142857142858,-0.36,-0.68,-0.49142857142857144,-0.8685714285714285,-0.5314285714285715,-0.6685714285714286,-0.5085714285714286,-0.4742857142857143,-0.21142857142857144,-0.72,-0.33714285714285713,-0.96,-0.4057142857142857,-0.7371428571428571,-0.42857142857142855,-0.5257142857142857,-0.04,-0.7142857142857143,-0.13714285714285715,-1.0,-0.24571428571428572,-0.7942857142857143,-0.2857142857142857,-0.6171428571428571,0.13714285714285715,-0.6628571428571428,-0.011428571428571429,-0.7542857142857143,-0.09714285714285714,-0.56,-0.10285714285714286,-0.4057142857142857
m,0.0,0.0,-0.2596685082872928,-0.16022099447513813,-0.3425414364640884,-0.5359116022099447,-0.17679558011049723,-0.7348066298342542,-0.0055248618784530384,-0.8674033149171271,-0.34806629834254144,-0.6850828729281768,-0.47513812154696133,-0.861878453038674,-0.4861878453038674,-0.6795580110497238,-0.4585635359116022,-0.4972375690607735,-0.19889502762430938,-0.7292817679558011,-0.3314917127071823,-0.9502762430939227,-0.3701657458563536,-0.7403314917127072,-0.3701657458563536,-0.5359116022099447,-0.027624309392265192,-0.7237569060773481,-0.1270718232044199,-1.0,-0.20994475138121546,-0.8121546961325967,-0.2430939226519337,-0.6353591160220995,0.15469613259668508,-0.6740331491712708,0.022099447513812154,-0.7679558011049724,-0.06077348066298342,-0.585635359116022,-0.0718232044198895,-0.4419889502762431
m,0.0,0.0,-0.2541436464088398,-0.15469613259668508,-0.3259668508287293,-0.5359116022099447,-0.16574585635359115,-0.7403314917127072,0.0,-0.8729281767955801,-0.3370165745856354,-0.6850828729281768,-0.4530386740331492,-0.861878453038674,-0.46408839779005523,-0.6795580110497238,-0.43646408839779005,-0.4972375690607735,-0.1878453038674033,-0.7348066298342542,-0.30939226519337015,-0.9613259668508287,-0.34806629834254144,-0.7513812154696132,-0.35359116022099446,-0.5469613259668509,-0.016574585635359115,-0.7292817679558011,-0.11049723756906077,-1.0,-0.19337016574585636,-0.8121546961325967,-0.2265193370165746,-0.6408839779005525,0.16022099447513813,-0.6795580110497238,0.027624309392265192,-0.7513812154696132,-0.049723756906077346,-0.574585635359116,-0.049723756906077346,-0.430939226519337
m,0.0,0.0,-0.2391304347826087,-0.16304347826086957,-0.29891304347826086,-0.5380434782608695,-0.1358695652173913,-0.7282608695652174,0.03260869565217391,-0.8695652173913043,-0.33152173913043476,-0.7010869565217391,-0.45652173913043476,-0.8695652173913043,-0.45108695652173914,-0.6739130434782609,-0.41847826086956524,-0.4891304347826087,-0.1793478260869565,-0.7445652173913043,-0.30434782608695654,-0.9565217391304348,-0.33695652173913043,-0.7336956521739131,-0.3423913043478261,-0.5271739130434783,-0.005434782608695652,-0.7336956521739131,-0.09239130434782608,-1.0,-0.16847826086956522,-0.7989130434782609,-0.20652173913043478,-0.625,0.17391304347826086,-0.6739130434782609,0.07065217391304347,-0.7445652173913043,-0.010869565217391304,-0.5597826086956522,-0.02717391304347826,-0.42391304347826086
m,0.0,0.0,-0.23626373626373626,-0.15934065934065933,-0.2857142857142857,-0.521978021978022,-0.11538461538461539,-0.7142857142857143,0.04945054945054945,-0.8626373626373627,-0.33516483516483514,-0.6978021978021978,-0.46703296703296704,-0.8626373626373627,-0.46703296703296704,-0.6593406593406593,-0.4340659340659341,-0.4725274725274725,-0.1813186813186813,-0.7362637362637363,-0.31868131868131866,-0.9615384615384616,-0.34615384615384615,-0.7252747252747253,-0.3516483516483517,-0.521978021978022,0.0,-0.7252747252747253,-0.08791208791208792,-1.0,-0.16483516483516483,-0.7857142857142857,-0.2032967032967033,-0.6043956043956044,0.1813186813186813,-0.6648351648351648,0.07692307692307693,-0.7362637362637363,-0.005494505494505495,-0.5439560439560439,-0.027472527472527472,-0.4010989010989011
m,0.0,0.0,-0.23756906077348067,-0.16022099447513813,-0.287292817679558,-0.5303867403314917,-0.11049723756906077,-0.712707182320442,0.06629834254143646,-0.856353591160221,-0.3425414364640884,-0.6961325966850829,-0.4585635359116022,-0.8674033149171271,-0.4530386740331492,-0.6629834254143646,-0.4198895027624309,-0.4696132596685083,-0.18232044198895028,-0.7403314917127072,-0.30939226519337015,-0.9613259668508287,-0.3370165745856354,-0.7237569060773481,-0.3370165745856354,-0.5138121546961326,0.0,-0.7237569060773481,-0.07734806629834254,-1.0,-0.16022099447513813,-0.7900552486187845,-0.19889502762430938,-0.6132596685082873,0.18232044198895028,-0.6629834254143646,0.08287292817679558,-0.7513812154696132,-0.0055248618784530384,-0.56353591160221,-0.027624309392265192,-0.425414364640884
m,0.0,0.0,-0.23756906077348067,-0.16574585635359115,-0.281767955801105,-0.5359116022099447,-0.09944751381215469,-0.712707182320442,0.08287292817679558,-0.8453038674033149,-0.3314917127071823,-0.7016574585635359,-0.44751381215469616,-0.8674033149171271,-0.44751381215469616,-0.6685082872928176,-0.4198895027624309,-0.47513812154696133,-0.17679558011049723,-0.7458563535911602,-0.2983425414364641,-0.9668508287292817,-0.3259668508287293,-0.7237569060773481,-0.3314917127071823,-0.5138121546961326,0.0055248618784530384,-0.7348066298342542,-0.0718232044198895,-1.0,-0.14917127071823205,-0.7900552486187845,-0.19337016574585636,-0.6132596685082873,0.1878453038674033,-0.6685082872928176,0.08287292817679558,-0.7403314917127072,0.0,-0.5580110497237569,-0.022099447513812154,-0.4198895027624309
m,0.0,0.0,-0.24022346368715083,-0.17318435754189945,-0.27932960893854747,-0.5307262569832403,-0.09497206703910614,-0.7150837988826816,0.08379888268156424,-0.8547486033519553,-0.33519553072625696,-0.7094972067039106,-0.46368715083798884,-0.8770949720670391,-0.4581005586592179,-0.6703910614525139,-0.4301675977653631,-0.4748603351955307,-0.1787709497206704,-0.7486033519553073,-0.30726256983240224,-0.9664804469273743,-0.3407821229050279,-0.7206703910614525,-0.3407821229050279,-0.5139664804469274,0.00558659217877095,-0.7318435754189944,-0.0782122905027933,-1.0,-0.1564245810055866,-0.7877094972067039,-0.18994413407821228,-0.6089385474860335,0.18994413407821228,-0.664804469273743,0.0670391061452514,-0.7486033519553073,-0.0111731843575419,-0.5586592178770949,-0.01675977653631285,-0.4245810055865922
m,0.0,0.0,-0.23728813559322035,-0.1751412429378531,-0.2711864406779661,-0.5310734463276836,-0.07909604519774012,-0.7062146892655368,0.10734463276836158,-0.847457627118644,-0.3163841807909605,-0.7231638418079096,-0.4406779661016949,-0.8870056497175142,-0.4463276836158192,-0.6779661016949152,-0.4180790960451977,-0.480225988700565,-0.15254237288135594,-0.7627118644067796,-0.2768361581920904,-0.9887005649717514,-0.3220338983050847,-0.7457627118644068,-0.3220338983050847,-0.5254237288135594,0.03389830508474576,-0.7401129943502824,-0.05084745762711865,-1.0,-0.14124293785310735,-0.7966101694915254,-0.1751412429378531,-0.615819209039548,0.20903954802259886,-0.6666666666666666,0.0847457627118644,-0.7457627118644068,0.0,-0.5536723163841808,-0.011299435028248588,-0.4124293785310734
m,0.0,0.0,-0.23204419889502761,-0.19337016574585636,-0.26519337016574585,-0.5414364640883977,-0.08287292817679558,-0.712707182320442,0.11049723756906077,-0.8342541436464088,-0.3314917127071823,-0.7071823204419889,-0.4585635359116022,-0.8839779005524862,-0.44751381215469616,-0.6795580110497238,-0.4143646408839779,-0.48066298342541436,-0.17679558011049723,-0.7458563535911602,-0.2983425414364641,-0.9834254143646409,-0.30939226519337015,-0.7292817679558011,-0.30939226519337015,-0.5082872928176796,0.011049723756906077,-0.7292817679558011,-0.0718232044198895,-1.0,-0.143646408839779,-0.7900552486187845,-0.18232044198895028,-0.6077348066298343,0.19889502762430938,-0.6685082872928176,0.0718232044198895,-0.7348066298342542,-0.0055248618784530384,-0.5469613259668509,-0.022099447513812154,-0.4088397790055249
m,0.0,0.0,-0.22950819672131148,-0.18032786885245902,-0.2568306010928962,-0.546448087431694,-0.07103825136612021,-0.7158469945355191,0.11475409836065574,-0.8415300546448088,-0.30601092896174864,-0.7049180327868853,-0.4207650273224044,-0.8797814207650273,-0.4262295081967213,-0.6775956284153005,-0.40437158469945356,-0.48633879781420764,-0.14754098360655737,-0.7431693989071039,-0.2677595628415301,-0.9672131147540983,-0.3005464480874317,-0.726775956284153,-0.3114754098360656,-0.5136612021857924,0.03278688524590164,-0.726775956284153,-0.04371584699453552,-1.0,-0.12568306010928962,-0.7814207650273224,-0.16393442622950818,-0.6010928961748634,0.2185792349726776,-0.6612021857923497,0.1092896174863388,-0.7486338797814208,0.02185792349726776,-0.5573770491803278,0.0,-0.41530054644808745
m,0.0,0.0,-0.22404371584699453,-0.1912568306010929,-0.2568306010928962,-0.5409836065573771,-0.07650273224043716,-0.7158469945355191,0.11475409836065574,-0.8415300546448088,-0.3114754098360656,-0.6994535519125683,-0.4371584699453552,-0.8797814207650273,-0.4371584699453552,-0.6721311475409836,-0.4098360655737705,-0.4808743169398907,-0.15846994535519127,-0.7431693989071039,-0.2786885245901639,-0.9726775956284153,-0.3005464480874317,-0.73224043715847,-0.30601092896174864,-0.5136612021857924,0.0273224043715847,-0.726775956284153,-0.060109289617486336,-1.0,-0.1366120218579235,-0.7923497267759563,-0.17486338797814208,-0.6120218579234973,0.20765027322404372,-0.6666666666666666,0.09289617486338798,-0.7377049180327869,0.01092896174863388,-0.5573770491803278,-0.00546448087431694,-0.41530054644808745
m,0.0,0.0,-0.22527472527472528,-0.1813186813186813,-0.25824175824175827,-0.5494505494505495,-0.07692307692307693,-0.7252747252747253,0.1043956043956044,-0.8571428571428571,-0.3021978021978022,-0.7197802197802198,-0.41208791208791207,-0.8846153846153846,-0.4175824175824176,-0.6868131868131868,-0.3901098901098901,-0.4945054945054945,-0.14835164835164835,-0.7582417582417582,-0.25274725274725274,-0.989010989010989,-0.29120879120879123,-0.7417582417582418,-0.2967032967032967,-0.5164835164835165,0.03296703296703297,-0.7362637362637363,-0.038461538461538464,-1.0,-0.12637362637362637,-0.7912087912087912,-0.16483516483516483,-0.6098901098901099,0.21428571428571427,-0.6648351648351648,0.1043956043956044,-0.7472527472527473,0.02197802197802198,-0.554945054945055,0.01098901098901099,-0.4065934065934066
m,0.0,0.0,-0.22950819672131148,-0.18032786885245902,-0.2677595628415301,-0.5409836065573771,-0.08196721311475409,-0.7158469945355191,0.1092896174863388,-0.8415300546448088,-0.30601092896174864,-0.7103825136612022,-0.4262295081967213,-0.8797814207650273,-0.43169398907103823,-0.6830601092896175,-0.3989071038251366,-0.4918032786885246,-0.15300546448087432,-0.7486338797814208,-0.2677595628415301,-0.9781420765027322,-0.30601092896174864,-0.7377049180327869,-0.3114754098360656,-0.5191256830601093,0.0273224043715847,-0.73224043715847,-0.060109289617486336,-1.0,-0.14207650273224043,-0.7868852459016393,-0.17486338797814208,-0.6065573770491803,0.20765027322404372,-0.6666666666666666,0.08743169398907104,-0.7540983606557377,0.00546448087431694,-0.5573770491803278,0.0,-0.40437158469945356
m,0.0,0.0,-0.23204419889502761,-0.1712707182320442,-0.26519337016574585,-0.5359116022099447,-0.08287292817679558,-0.712707182320442,0.09944751381215469,-0.8453038674033149,-0.3149171270718232,-0.7016574585635359,-0.425414364640884,-0.8729281767955801,-0.430939226519337,-0.6685082872928176,-0.40331491712707185,-0.47513812154696133,-0.16022099447513813,-0.7403314917127072,-0.26519337016574585,-0.994475138121547,-0.2983425414364641,-0.7458563535911602,-0.2983425414364641,-0.5193370165745856,0.022099447513812154,-0.7237569060773481,-0.06077348066298342,-1.0,-0.143646408839779,-0.7845303867403315,-0.18232044198895028,-0.6077348066298343,0.20441988950276244,-0.6629834254143646,0.08287292817679558,-0.7403314917127072,0.0,-0.5414364640883977,0.0,-0.39779005524861877
m,0.0,0.0,-0.23497267759562843,-0.16393442622950818,-0.2677595628415301,-0.5300546448087432,-0.08743169398907104,-0.7103825136612022,0.08743169398907104,-0.8524590163934426,-0.3114754098360656,-0.6994535519125683,-0.4262295081967213,-0.8688524590163934,-0.43169398907103823,-0.6666666666666666,-0.40437158469945356,-0.46994535519125685,-0.15846994535519127,-0.7431693989071039,-0.28415300546448086,-0.9781420765027322,-0.31693989071038253,-0.73224043715847,-0.31693989071038253,-0.5136612021857924,0.02185792349726776,-0.726775956284153,-0.07103825136612021,-1.0,-0.15300546448087432,-0.7759562841530054,-0.18032786885245902,-0.5956284153005464,0.19672131147540983,-0.6612021857923497,0.07103825136612021,-0.7377049180327869,-0.00546448087431694,-0.5409836065573771,-0.00546448087431694,-0.3989071038251366
m,0.0,0.0,-0.2185792349726776,-0.18579234972677597,-0.2459016393442623,-0.5355191256830601,-0.060109289617486336,-0.6939890710382514,0.12021857923497267,-0.825136612021858,-0.30601092896174864,-0.6939890710382514,-0.4262295081967213,-0.8579234972677595,-0.43169398907103823,-0.6502732240437158,-0.40437158469945356,-0.45901639344262296,-0.15300546448087432,-0.7377049180327869,-0.28415300546448086,-0.9617486338797814,-0.31693989071038253,-0.7158469945355191,-0.31693989071038253,-0.5081967213114754,0.0273224043715847,-0.7213114754098361,-0.06557377049180328,-1.0,-0.1366120218579235,-0.7759562841530054,-0.16939890710382513,-0.5956284153005464,0.20218579234972678,-0.6666666666666666,0.08743169398907104,-0.7431693989071039,0.01639344262295082,-0.546448087431694,0.00546448087431694,-0.4098360655737705
m,0.0,0.0,-0.22404371584699453,-0.17486338797814208,-0.25136612021857924,-0.5355191256830601,-0.07103825136612021,-0.6994535519125683,0.10382513661202186,-0.8360655737704918,-0.3114754098360656,-0.6994535519125683,-0.43169398907103823,-0.8797814207650273,-0.43169398907103823,-0.6721311475409836,-0.40437158469945356,-0.47540983606557374,-0.15846994535519127,-0.7377049180327869,-0.28415300546448086,-0.9726775956284153,-0.31693989071038253,-0.726775956284153,-0.31693989071038253,-0.5081967213114754,0.01639344262295082,-0.7213114754098361,-0.06557377049180328,-1.0,-0.14754098360655737,-0.7814207650273224,-0.17486338797814208,-0.6010928961748634,0.19672131147540983,-0.6557377049180327,0.07103825136612021,-0.7377049180327869,-0.00546448087431694,-0.546448087431694,-0.00546448087431694,-0.40437158469945356
m,0.0,0.0,-0.2303370786516854,-0.17415730337078653,-0.25842696629213485,-0.5337078651685393,-0.07303370786516854,-0.6966292134831461,0.10112359550561797,-0.8314606741573034,-0.3146067415730337,-0.7134831460674157,-0.43820224719101125,-0.8820224719101124,-0.449438202247191,-0.6797752808988764,-0.42134831460674155,-0.47752808988764045,-0.16292134831460675,-0.7471910112359551,-0.2808988764044944,-0.9887640449438202,-0.3258426966292135,-0.7415730337078652,-0.33146067415730335,-0.5168539325842697,0.016853932584269662,-0.7303370786516854,-0.07303370786516854,-1.0,-0.16292134831460675,-0.7865168539325843,-0.19662921348314608,-0.6067415730337079,0.19662921348314608,-0.6629213483146067,0.07303370786516854,-0.7415730337078652,-0.011235955056179775,-0.5449438202247191,-0.0056179775280898875,-0.4044943820224719
m,0.0,0.0,-0.22905027932960895,-0.17318435754189945,-0.26256983240223464,-0.5363128491620112,-0.0782122905027933,-0.7094972067039106,0.10614525139664804,-0.8435754189944135,-0.31843575418994413,-0.7094972067039106,-0.441340782122905,-0.888268156424581,-0.45251396648044695,-0.6815642458100558,-0.4245810055865922,-0.48044692737430167,-0.16201117318435754,-0.7486033519553073,-0.2905027932960894,-0.9832402234636871,-0.33519553072625696,-0.7430167597765364,-0.3407821229050279,-0.5251396648044693,0.01675977653631285,-0.7318435754189944,-0.0782122905027933,-1.0,-0.16201117318435754,-0.7877094972067039,-0.19553072625698323,-0.6089385474860335,0.19553072625698323,-0.6703910614525139,0.07262569832402235,-0.7430167597765364,-0.0111731843575419,-0.547486033519553,-0.00558659217877095,-0.4022346368715084
n,0.0,0.0,-0.23931623931623933,-0.07692307692307693,-0.39316239316239315,-0.38461538461538464,-0.27350427350427353,-0.5982905982905983,-0.07692307692307693,-0.7777777777777778,-0.23931623931623933,-0.8974358974358975,-0.48717948717948717,-0.8717948717948718,-0.5641025641025641,-0.5299145299145299,-0.5641025641025641,-0.26495726495726496,0.008547008547008548,-0.9401709401709402,-0.3076923076923077,-1.0,-0.4358974358974359,-0.6410256410256411,-0.4700854700854701,-0.37606837606837606,0.2564102564102564,-0.8632478632478633,-0.02564102564102564,-0.6752136752136753,-0.18803418803418803,-0.27350427350427353,-0.2564102564102564,-0.05982905982905983,0.48717948717948717,-0.7008547008547008,0.26495726495726496,-0.5384615384615384,0.1282051282051282,-0.27350427350427353,0.09401709401709402,-0.1623931623931624
n,0.0,0.0,-0.24647887323943662,-0.08450704225352113,-0.4295774647887324,-0.39436619718309857,-0.323943661971831,-0.647887323943662,-0.13380281690140844,-0.8309859154929577,-0.33098591549295775,-0.852112676056338,-0.5211267605633803,-0.8873239436619719,-0.528169014084507,-0.5985915492957746,-0.5070422535211268,-0.36619718309859156,-0.09154929577464789,-0.9084507042253521,-0.323943661971831,-1.0,-0.39436619718309857,-0.6901408450704225,-0.4295774647887324,-0.45774647887323944,0.14084507042253522,-0.8661971830985915,-0.09859154929577464,-0.7535211267605634,-0.21830985915492956,-0.44366197183098594,-0.2746478873239437,-0.2676056338028169,0.352112676056338,-0.7535211267605634,0.14788732394366197,-0.647887323943662,0.04225352112676056,-0.4295774647887324,0.007042253521126761,-0.323943661971831
n,0.0,0.0,-0.2907801418439716,-0.12056737588652482,-0.44680851063829785,-0.41134751773049644,-0.3333333333333333,-0.6595744680851063,-0.16312056737588654,-0.8652482269503546,-0.3546099290780142,-0.9290780141843972,-0.5602836879432624,-0.9078014184397163,-0.5815602836879432,-0.6099290780141844,-0.5602836879432624,-0.375886524822695,-0.1276595744680851,-0.9787234042553191,-0.36879432624113473,-1.0,-0.45390070921985815,-0.6808510638297872,-0.49645390070921985,-0.44680851063829785,0.09929078014184398,-0.9219858156028369,-0.12056737588652482,-0.7588652482269503,-0.2624113475177305,-0.4397163120567376,-0.3333333333333333,-0.2765957446808511,0.2907801418439716,-0.8014184397163121,0.09929078014184398,-0.6595744680851063,0.0070921985815602835,-0.45390070921985815,-0.03546099290780142,-0.36879432624113473
n,0.0,0.0,-0.2847222222222222,-0.09722222222222222,-0.4652777777777778,-0.3888888888888889,-0.3680555555555556,-0.6527777777777778,-0.20833333333333334,-0.8611111111111112,-0.3958333333333333,-0.8680555555555556,-0.6041666666666666,-0.8888888888888888,-0.6111111111111112,-0.6111111111111112,-0.5763888888888888,-0.3888888888888889,-0.16666666666666666,-0.9305555555555556,-0.4097222222222222,-1.0,-0.4861111111111111,-0.6944444444444444,-0.5,-0.4722222222222222,0.05555555555555555,-0.9027777777777778,-0.16666666666666666,-0.7569444444444444,-0.2986111111111111,-0.4375,-0.375,-0.2638888888888889,0.24305555555555555,-0.7986111111111112,0.04861111111111111,-0.6527777777777778,-0.041666666666666664,-0.4375,-0.08333333333333333,-0.3472222222222222
n,0.0,0.0,-0.31125827814569534,-0.11258278145695365,-0.48344370860927155,-0.3973509933774834,-0.3841059602649007,-0.6490066225165563,-0.23841059602649006,-0.8609271523178808,-0.423841059602649,-0.8807947019867549,-0.6158940397350994,-0.8940397350993378,-0.6291390728476821,-0.6225165562913907,-0.5960264900662252,-0.41721854304635764,-0.2119205298013245,-0.9470198675496688,-0.4304635761589404,-1.0,-0.5099337748344371,-0.695364238410596,-0.5298013245033113,-0.48344370860927155,-0.006622516556291391,-0.9205298013245033,-0.18543046357615894,-0.7814569536423841,-0.31125827814569534,-0.48344370860927155,-0.3841059602649007,-0.33112582781456956,0.17880794701986755,-0.8278145695364238,0.033112582781456956,-0.6887417218543046,-0.046357615894039736,-0.4966887417218543,-0.08609271523178808,-0.4370860927152318
n,0.0,0.0,-0.271523178807947,-0.09933774834437085,-0.45695364238410596,-0.3841059602649007,-0.3708609271523179,-0.6423841059602649,-0.2251655629139073,-0.847682119205298,-0.40397350993377484,-0.847682119205298,-0.6026490066225165,-0.8807947019867549,-0.6026490066225165,-0.6158940397350994,-0.5629139072847682,-0.4105960264900662,-0.18543046357615894,-0.9205298013245033,-0.41721854304635764,-1.0,-0.4768211920529801,-0.7019867549668874,-0.48344370860927155,-0.4966887417218543,0.033112582781456956,-0.8940397350993378,-0.15894039735099338,-0.7615894039735099,-0.271523178807947,-0.45695364238410596,-0.3443708609271523,-0.2980132450331126,0.2185430463576159,-0.7947019867549668,0.059602649006622516,-0.6754966887417219,-0.033112582781456956,-0.47019867549668876,-0.0728476821192053,-0.3841059602649007
n,0.0,0.0,-0.3026315789473684,-0.10526315789473684,-0.48026315789473684,-0.40131578947368424,-0.3881578947368421,-0.6513157894736842,-0.24342105263157895,-0.8618421052631579,-0.4407894736842105,-0.8552631578947368,-0.631578947368421,-0.868421052631579,-0.625,-0.6052631578947368,-0.5855263157894737,-0.40131578947368424,-0.23026315789473684,-0.9342105263157895,-0.4342105263157895,-1.0,-0.5,-0.6907894736842105,-0.5197368421052632,-0.47368421052631576,-0.013157894736842105,-0.9144736842105263,-0.19736842105263158,-0.7697368421052632,-0.3092105263157895,-0.46710526315789475,-0.3815789473684211,-0.3157894736842105,0.17105263157894737,-0.8223684210526315,0.019736842105263157,-0.6842105263157895,-0.05921052631578947,-0.4934210526315789,-0.09868421052631579,-0.4276315789473684
n,0.0,0.0,-0.2866666666666667,-0.1,-0.4666666666666667,-0.38666666666666666,-0.38,-0.6466666666666666,-0.21333333333333335,-0.8533333333333334,-0.4066666666666667,-0.86,-0.6066666666666667,-0.8733333333333333,-0.6,-0.6066666666666667,-0.56,-0.4066666666666667,-0.18666666666666668,-0.9333333333333333,-0.42,-1.0,-0.48,-0.7,-0.4866666666666667,-0.49333333333333335,0.02666666666666667,-0.9066666666666666,-0.16666666666666666,-0.7666666666666667,-0.2733333333333333,-0.4533333333333333,-0.34,-0.29333333333333333,0.22,-0.8066666666666666,0.04666666666666667,-0.6666666666666666,-0.03333333333333333,-0.46,-0.07333333333333333,-0.38
n,0.0,0.0,-0.28,-0.09333333333333334,-0.47333333333333333,-0.38,-0.3933333333333333,-0.64,-0.24,-0.8533333333333334,-0.42,-0.86,-0.6266666666666667,-0.88,-0.6266666666666667,-0.62,-0.58,-0.41333333333333333,-0.2,-0.9333333333333333,-0.43333333333333335,-1.0,-0.49333333333333335,-0.7,-0.5,-0.49333333333333335,0.013333333333333334,-0.9066666666666666,-0.18,-0.7533333333333333,-0.29333333333333333,-0.44666666666666666,-0.36,-0.29333333333333333,0.20666666666666667,-0.8133333333333334,0.03333333333333333,-0.66,-0.05333333333333334,-0.4533333333333333,-0.1,-0.36666666666666664
n,0.0,0.0,-0.3,-0.10666666666666667,-0.4866666666666667,-0.3933333333333333,-0.4,-0.6466666666666666,-0.24666666666666667,-0.86,-0.43333333333333335,-0.8733333333333333,-0.62,-0.88,-0.6266666666666667,-0.6133333333333333,-0.6,-0.4,-0.21333333333333335,-0.9533333333333334,-0.43333333333333335,-1.0,-0.5066666666666667,-0.7,-0.5333333333333333,-0.4866666666666667,0.0,-0.9333333333333333,-0.18666666666666668,-0.7666666666666667,-0.30666666666666664,-0.46,-0.38,-0.30666666666666664,0.18666666666666668,-0.8333333333333334,0.03333333333333333,-0.6933333333333334,-0.06,-0.49333333333333335,-0.11333333333333333,-0.41333333333333333
n,0.0,0.0,-0.2922077922077922,-0.12337662337662338,-0.474025974025974,-0.3961038961038961,-0.3961038961038961,-0.6493506493506493,-0.2597402597402597,-0.8636363636363636,-0.474025974025974,-0.8311688311688312,-0.6688311688311688,-0.8701298701298701,-0.6558441558441559,-0.6168831168831169,-0.6103896103896104,-0.4155844155844156,-0.2662337662337662,-0.922077922077922,-0.487012987012987,-1.0,-0.5324675324675324,-0.7012987012987013,-0.538961038961039,-0.474025974025974,-0.05844155844155844,-0.9155844155844156,-0.23376623376623376,-0.7922077922077922,-0.33116883116883117,-0.4935064935064935,-0.4025974025974026,-0.33116883116883117,0.13636363636363635,-0.8376623376623377,-0.01948051948051948,-0.7012987012987013,-0.1038961038961039,-0.5064935064935064,-0.16233766233766234,-0.4090909090909091
n,0.0,0.0,-0.30666666666666664,-0.1,-0.5066666666666667,-0.38666666666666666,-0.4266666666666667,-0.6533333333333333,-0.2733333333333333,-0.86,-0.4533333333333333,-0.8666666666666667,-0.6466666666666666,-0.8866666666666667,-0.6533333333333333,-0.62,-0.62,-0.4,-0.24,-0.9466666666666667,-0.46,-1.0,-0.5333333333333333,-0.7,-0.5533333333333333,-0.4866666666666667,-0.03333333333333333,-0.9266666666666666,-0.21333333333333335,-0.7733333333333333,-0.3333333333333333,-0.47333333333333333,-0.41333333333333333,-0.31333333333333335,0.16,-0.8333333333333334,0.006666666666666667,-0.7,-0.08666666666666667,-0.5,-0.14,-0.41333333333333333
n,0.0,0.0,-0.29605263157894735,-0.10526315789473684,-0.48026315789473684,-0.40131578947368424,-0.40131578947368424,-0.6578947368421053,-0.2565789473684211,-0.875,-0.46710526315789475,-0.8486842105263158,-0.6513157894736842,-0.875,-0.6381578947368421,-0.618421052631579,-0.5921052631578947,-0.40789473684210525,-0.25,-0.9342105263157895,-0.4605263157894737,-1.0,-0.5131578947368421,-0.7105263157894737,-0.5263157894736842,-0.4934210526315789,-0.039473684210526314,-0.9210526315789473,-0.20394736842105263,-0.7763157894736842,-0.3223684210526316,-0.47368421052631576,-0.40131578947368424,-0.3157894736842105,0.1513157894736842,-0.8355263157894737,0.013157894736842105,-0.7039473684210527,-0.07236842105263158,-0.506578947368421,-0.125,-0.42105263157894735
n,0.0,0.0,-0.304635761589404,-0.09933774834437085,-0.4768211920529801,-0.39072847682119205,-0.3841059602649007,-0.6490066225165563,-0.23841059602649006,-0.8609271523178808,-0.4304635761589404,-0.8543046357615894,-0.6291390728476821,-0.8741721854304636,-0.6225165562913907,-0.609271523178808,-0.5761589403973509,-0.40397350993377484,-0.2185430463576159,-0.9337748344370861,-0.4370860927152318,-1.0,-0.4966887417218543,-0.6887417218543046,-0.5099337748344371,-0.47019867549668876,-0.013245033112582781,-0.9139072847682119,-0.19205298013245034,-0.7615894039735099,-0.304635761589404,-0.46357615894039733,-0.3708609271523179,-0.31125827814569534,0.17218543046357615,-0.8211920529801324,0.019867549668874173,-0.6887417218543046,-0.052980132450331126,-0.4966887417218543,-0.08609271523178808,-0.423841059602649
n,0.0,0.0,-0.2980132450331126,-0.11258278145695365,-0.47019867549668876,-0.3973509933774834,-0.3841059602649007,-0.6556291390728477,-0.25165562913907286,-0.8675496688741722,-0.4370860927152318,-0.8675496688741722,-0.6357615894039735,-0.8940397350993378,-0.6357615894039735,-0.6291390728476821,-0.5960264900662252,-0.41721854304635764,-0.2185430463576159,-0.9470198675496688,-0.4503311258278146,-1.0,-0.5099337748344371,-0.7019867549668874,-0.5298013245033113,-0.4768211920529801,-0.013245033112582781,-0.9271523178807947,-0.2119205298013245,-0.7748344370860927,-0.32450331125827814,-0.4768211920529801,-0.3973509933774834,-0.31788079470198677,0.17218543046357615,-0.8344370860927153,0.006622516556291391,-0.7019867549668874,-0.06622516556291391,-0.5033112582781457,-0.10596026490066225,-0.4304635761589404
n,0.0,0.0,-0.304635761589404,-0.09933774834437085,-0.4900662251655629,-0.3973509933774834,-0.40397350993377484,-0.6556291390728477,-0.271523178807947,-0.8675496688741722,-0.46357615894039733,-0.847682119205298,-0.6556291390728477,-0.8675496688741722,-0.6490066225165563,-0.609271523178808,-0.6026490066225165,-0.4105960264900662,-0.24503311258278146,-0.9337748344370861,-0.45695364238410596,-1.0,-0.5165562913907285,-0.7019867549668874,-0.5364238410596026,-0.4768211920529801,-0.033112582781456956,-0.9205298013245033,-0.2185430463576159,-0.7682119205298014,-0.33112582781456956,-0.46357615894039733,-0.3973509933774834,-0.31125827814569534,0.152317880794702,-0.8278145695364238,-0.006622516556291391,-0.6821192052980133,-0.08609271523178808,-0.4900662251655629,-0.12582781456953643,-0.423841059602649
n,0.0,0.0,-0.2987012987012987,-0.11688311688311688,-0.474025974025974,-0.4090909090909091,-0.3961038961038961,-0.6558441558441559,-0.2662337662337662,-0.8701298701298701,-0.42207792207792205,-0.8571428571428571,-0.6038961038961039,-0.8831168831168831,-0.6103896103896104,-0.6363636363636364,-0.577922077922078,-0.43506493506493504,-0.21428571428571427,-0.922077922077922,-0.42207792207792205,-1.0,-0.4935064935064935,-0.7142857142857143,-0.512987012987013,-0.5064935064935064,-0.012987012987012988,-0.8961038961038961,-0.18831168831168832,-0.7922077922077922,-0.2987012987012987,-0.487012987012987,-0.37012987012987014,-0.3246753246753247,0.17532467532467533,-0.8116883116883117,0.012987012987012988,-0.7207792207792207,-0.06493506493506493,-0.525974025974026,-0.09740259740259741,-0.44155844155844154
n,0.0,0.0,-0.2948717948717949,-0.12179487179487179,-0.46794871794871795,-0.4230769230769231,-0.38461538461538464,-0.6730769230769231,-0.26282051282051283,-0.8846153846153846,-0.44871794871794873,-0.8205128205128205,-0.6410256410256411,-0.8782051282051282,-0.6410256410256411,-0.6217948717948718,-0.5961538461538461,-0.4166666666666667,-0.24358974358974358,-0.8910256410256411,-0.46153846153846156,-1.0,-0.5256410256410257,-0.7115384615384616,-0.5384615384615384,-0.48717948717948717,-0.038461538461538464,-0.8782051282051282,-0.22435897435897437,-0.7884615384615384,-0.33974358974358976,-0.47435897435897434,-0.3974358974358974,-0.2948717948717949,0.14743589743589744,-0.8076923076923077,-0.02564102564102564,-0.6987179487179487,-0.10256410256410256,-0.5,-0.1346153846153846,-0.40384615384615385
n,0.0,0.0,-0.30718954248366015,-0.1111111111111111,-0.49019607843137253,-0.40522875816993464,-0.41830065359477125,-0.6666666666666666,-0.30718954248366015,-0.8823529411764706,-0.47058823529411764,-0.8235294117647058,-0.673202614379085,-0.8627450980392157,-0.6666666666666666,-0.6209150326797386,-0.6143790849673203,-0.41830065359477125,-0.2679738562091503,-0.9019607843137255,-0.49019607843137253,-1.0,-0.5424836601307189,-0.7058823529411765,-0.5555555555555556,-0.49019607843137253,-0.05228758169934641,-0.8888888888888888,-0.23529411764705882,-0.7908496732026143,-0.3464052287581699,-0.48366013071895425,-0.40522875816993464,-0.30718954248366015,0.13725490196078433,-0.8104575163398693,-0.032679738562091505,-0.7058823529411765,-0.1111111111111111,-0.5098039215686274,-0.1437908496732026,-0.4117647058823529
n,0.0,0.0,-0.3051948051948052,-0.11688311688311688,-0.487012987012987,-0.4155844155844156,-0.4155844155844156,-0.6688311688311688,-0.2922077922077922,-0.8766233766233766,-0.4805194805194805,-0.8311688311688312,-0.6688311688311688,-0.8636363636363636,-0.6558441558441559,-0.6168831168831169,-0.6038961038961039,-0.42207792207792205,-0.2662337662337662,-0.9025974025974026,-0.487012987012987,-1.0,-0.5454545454545454,-0.7207792207792207,-0.5584415584415584,-0.5064935064935064,-0.05844155844155844,-0.8961038961038961,-0.23376623376623376,-0.8051948051948052,-0.34415584415584416,-0.4935064935064935,-0.4090909090909091,-0.3181818181818182,0.13636363636363635,-0.8246753246753247,-0.032467532467532464,-0.7272727272727273,-0.11038961038961038,-0.5194805194805194,-0.14285714285714285,-0.4155844155844156
o,0.0,0.0,0.38571428571428573,0.0,0.6428571428571429,-0.14285714285714285,0.8857142857142857,-0.24285714285714285,1.0,-0.4,0.38571428571428573,-0.7285714285714285,0.7142857142857143,-0.8571428571428571,0.9,-0.6857142857142857,0.9428571428571428,-0.5142857142857142,0.3142857142857143,-0.8,0.7428571428571429,-0.9285714285714286,0.9428571428571428,-0.7285714285714285,0.9714285714285714,-0.5428571428571428,0.2857142857142857,-0.8142857142857143,0.7142857142857143,-0.9571428571428572,0.9142857142857143,-0.7428571428571429,0.9571428571428572,-0.5428571428571428,0.3,-0.7428571428571429,0.6857142857142857,-0.8,0.8714285714285714,-0.6714285714285714,0.9571428571428572,-0.5
o,0.0,0.0,0.36231884057971014,0.014492753623188406,0.6376811594202898,-0.14492753623188406,0.8985507246376812,-0.2318840579710145,1.0,-0.391304347826087,0.37681159420289856,-0.7536231884057971,0.7246376811594203,-0.8695652173913043,0.8985507246376812,-0.6956521739130435,0.9420289855072463,-0.5072463768115942,0.30434782608695654,-0.8115942028985508,0.7536231884057971,-0.9420289855072463,0.9420289855072463,-0.7246376811594203,0.9710144927536232,-0.5217391304347826,0.2898550724637681,-0.8115942028985508,0.7391304347826086,-0.9565217391304348,0.927536231884058,-0.7391304347826086,0.9565217391304348,-0.5362318840579711,0.3188405797101449,-0.7391304347826086,0.7101449275362319,-0.8115942028985508,0.8985507246376812,-0.6666666666666666,0.9420289855072463,-0.4927536231884058
o,0.0,0.0,0.37681159420289856,0.028985507246376812,0.6376811594202898,-0.11594202898550725,0.8840579710144928,-0.2028985507246377,1.0,-0.34782608695652173,0.37681159420289856,-0.7101449275362319,0.7246376811594203,-0.8260869565217391,0.8985507246376812,-0.6521739130434783,0.9420289855072463,-0.4782608695652174,0.3188405797101449,-0.782608695652174,0.7536231884057971,-0.9130434782608695,0.9420289855072463,-0.7101449275362319,0.9855072463768116,-0.5072463768115942,0.30434782608695654,-0.7971014492753623,0.7391304347826086,-0.927536231884058,0.9420289855072463,-0.7101449275362319,0.9710144927536232,-0.5072463768115942,0.3333333333333333,-0.7246376811594203,0.7101449275362319,-0.782608695652174,0.8985507246376812,-0.6376811594202898,0.9710144927536232,-0.463768115942029
o,0.0,0.0,0.391304347826087,0.014492753623188406,0.6376811594202898,-0.13043478260869565,0.8840579710144928,-0.21739130434782608,1.0,-0.37681159420289856,0.36231884057971014,-0.7391304347826086,0.7246376811594203,-0.855072463768116,0.9130434782608695,-0.6666666666666666,0.9565217391304348,-0.4927536231884058,0.30434782608695654,-0.8115942028985508,0.7536231884057971,-0.927536231884058,0.9565217391304348,-0.7101449275362319,0.9855072463768116,-0.5072463768115942,0.2898550724637681,-0.8115942028985508,0.7391304347826086,-0.9420289855072463,0.9420289855072463,-0.7246376811594203,0.9710144927536232,-0.5217391304347826,0.3188405797101449,-0.7536231884057971,0.7101449275362319,-0.8115942028985508,0.8985507246376812,-0.6521739130434783,0.9565217391304348,-0.4927536231884058
o,0.0,0.0,0.37681159420289856,0.0,0.6376811594202898,-0.14492753623188406,0.8840579710144928,-0.2318840579710145,1.0,-0.4057971014492754,0.36231884057971014,-0.7536231884057971,0.7101449275362319,-0.8840579710144928,0.8985507246376812,-0.6956521739130435,0.9420289855072463,-0.5072463768115942,0.30434782608695654,-0.8260869565217391,0.7536231884057971,-0.9420289855072463,0.9420289855072463,-0.7246376811594203,0.9565217391304348,-0.5217391304347826,0.2898550724637681,-0.8260869565217391,0.7246376811594203,-0.9565217391304348,0.927536231884058,-0.7391304347826086,0.9420289855072463,-0.5217391304347826,0.30434782608695654,-0.7681159420289855,0.6956521739130435,-0.8260869565217391,0.8840579710144928,-0.6811594202898551,0.9420289855072463,-0.5072463768115942
o,0.0,0.0,0.36231884057971014,0.014492753623188406,0.6231884057971014,-0.13043478260869565,0.8695652173913043,-0.21739130434782608,0.9710144927536232,-0.37681159420289856,0.36231884057971014,-0.7536231884057971,0.7101449275362319,-0.8695652173913043,0.8985507246376812,-0.6956521739130435,0.9565217391304348,-0.5072463768115942,0.30434782608695654,-0.8260869565217391,0.7391304347826086,-0.9565217391304348,0.9420289855072463,-0.7391304347826086,1.0,-0.5362318840579711,0.2753623188405797,-0.8260869565217391,0.7101449275362319,-0.9565217391304348,0.927536231884058,-0.7536231884057971,0.9710144927536232,-0.5362318840579711,0.2898550724637681,-0.7681159420289855,0.6811594202898551,-0.8115942028985508,0.8840579710144928,-0.6811594202898551,0.9710144927536232,-0.5072463768115942
o,0.0,0.0,0.391304347826087,0.014492753623188406,0.6521739130434783,-0.14492753623188406,0.8985507246376812,-0.2318840579710145,1.0,-0.4057971014492754,0.37681159420289856,-0.7391304347826086,0.7246376811594203,-0.8695652173913043,0.8985507246376812,-0.6956521739130435,0.9565217391304348,-0.5217391304347826,0.3188405797101449,-0.8115942028985508,0.7536231884057971,-0.9565217391304348,0.9420289855072463,-0.7391304347826086,0.9855072463768116,-0.5507246376811594,0.30434782608695654,-0.8115942028985508,0.7391304347826086,-0.9710144927536232,0.9420289855072463,-0.7681159420289855,0.9855072463768116,-0.5507246376811594,0.3188405797101449,-0.7536231884057971,0.7101449275362319,-0.8260869565217391,0.8985507246376812,-0.6666666666666666,0.9710144927536232,-0.5072463768115942
o,0.0,0.0,0.38235294117647056,0.0,0.6470588235294118,-0.14705882352941177,0.8823529411764706,-0.25,1.0,-0.4117647058823529,0.36764705882352944,-0.7794117647058824,0.7205882352941176,-0.8970588235294118,0.9117647058823529,-0.7058823529411765,0.9558823529411765,-0.5147058823529411,0.29411764705882354,-0.8529411764705882,0.75,-0.9705882352941176,0.9411764705882353,-0.75,0.9852941176470589,-0.5441176470588235,0.27941176470588236,-0.8529411764705882,0.7352941176470589,-0.9852941176470589,0.9411764705882353,-0.7647058823529411,0.9705882352941176,-0.5441176470588235,0.3088235294117647,-0.7794117647058824,0.7058823529411765,-0.8382352941176471,0.8970588235294118,-0.6764705882352942,0.9705882352941176,-0.5
o,0.0,0.0,0.39705882352941174,0.0,0.6617647058823529,-0.16176470588235295,0.8970588235294118,-0.2647058823529412,1.0,-0.4264705882352941,0.38235294117647056,-0.7794117647058824,0.7352941176470589,-0.8970588235294118,0.9264705882352942,-0.7205882352941176,0.9705882352941176,-0.5441176470588235,0.3088235294117647,-0.8529411764705882,0.7647058823529411,-0.9852941176470589,0.9558823529411765,-0.7794117647058824,1.0,-0.5735294117647058,0.29411764705882354,-0.8676470588235294,0.7352941176470589,-1.0,0.9558823529411765,-0.7794117647058824,0.9852941176470589,-0.5735294117647058,0.3235294117647059,-0.7941176470588235,0.7058823529411765,-0.8529411764705882,0.9117647058823529,-0.7058823529411765,1.0,-0.5441176470588235
o,0.0,0.0,0.37681159420289856,0.0,0.6231884057971014,-0.14492753623188406,0.8695652173913043,-0.2463768115942029,0.9855072463768116,-0.42028985507246375,0.34782608695652173,-0.7391304347826086,0.6811594202898551,-0.8695652173913043,0.8695652173913043,-0.7101449275362319,0.927536231884058,-0.5362318840579711,0.2898550724637681,-0.8115942028985508,0.7101449275362319,-0.9710144927536232,0.9130434782608695,-0.782608695652174,0.9565217391304348,-0.5797101449275363,0.2608695652173913,-0.8405797101449275,0.6956521739130435,-1.0,0.9130434782608695,-0.8115942028985508,0.9565217391304348,-0.5942028985507246,0.2898550724637681,-0.782608695652174,0.6811594202898551,-0.855072463768116,0.8695652173913043,-0.7246376811594203,0.9565217391304348,-0.5507246376811594
o,0.0,0.0,0.36486486486486486,0.0,0.6081081081081081,-0.14864864864864866,0.8243243243243243,-0.24324324324324326,0.9594594594594594,-0.40540540540540543,0.33783783783783783,-0.6891891891891891,0.6351351351351351,-0.8513513513513513,0.8108108108108109,-0.7297297297297297,0.8513513513513513,-0.581081081081081,0.28378378378378377,-0.7567567567567568,0.6621621621621622,-0.972972972972973,0.8513513513513513,-0.7972972972972973,0.8783783783783784,-0.6216216216216216,0.2702702702702703,-0.7702702702702703,0.6486486486486487,-1.0,0.8378378378378378,-0.8108108108108109,0.8648648648648649,-0.6216216216216216,0.2972972972972973,-0.7162162162162162,0.6486486486486487,-0.8513513513513513,0.8243243243243243,-0.7162162162162162,0.8918918918918919,-0.5675675675675675
o,0.0,0.0,0.3076923076923077,0.02564102564102564,0.5512820512820513,-0.10256410256410256,0.7564102564102564,-0.19230769230769232,0.8717948717948718,-0.34615384615384615,0.3333333333333333,-0.6153846153846154,0.6153846153846154,-0.7307692307692307,0.782051282051282,-0.5897435897435898,0.8076923076923077,-0.44871794871794873,0.28205128205128205,-0.6923076923076923,0.5769230769230769,-0.9230769230769231,0.782051282051282,-0.7692307692307693,0.8333333333333334,-0.6025641025641025,0.2564102564102564,-0.7307692307692307,0.5512820512820513,-1.0,0.7692307692307693,-0.8461538461538461,0.8205128205128205,-0.6538461538461539,0.2692307692307692,-0.7051282051282052,0.5512820512820513,-0.8846153846153846,0.7435897435897436,-0.782051282051282,0.8076923076923077,-0.6282051282051282
o,0.0,0.0,0.3037974683544304,0.0379746835443038,0.5443037974683544,-0.08860759493670886,0.7468354430379747,-0.17721518987341772,0.8734177215189873,-0.31645569620253167,0.3670886075949367,-0.5822784810126582,0.6329113924050633,-0.6835443037974683,0.810126582278481,-0.5443037974683544,0.8354430379746836,-0.379746835443038,0.3291139240506329,-0.6708860759493671,0.620253164556962,-0.8860759493670886,0.8227848101265823,-0.7215189873417721,0.8607594936708861,-0.5189873417721519,0.2911392405063291,-0.7088607594936709,0.569620253164557,-1.0,0.7848101265822784,-0.8354430379746836,0.8481012658227848,-0.6455696202531646,0.3037974683544304,-0.6962025316455697,0.5569620253164557,-0.8987341772151899,0.7468354430379747,-0.810126582278481,0.8227848101265823,-0.6455696202531646
o,0.0,0.0,0.3076923076923077,0.038461538461538464,0.5512820512820513,-0.08974358974358974,0.7564102564102564,-0.16666666666666666,0.8846153846153846,-0.3076923076923077,0.3717948717948718,-0.6025641025641025,0.6410256410256411,-0.7435897435897436,0.8205128205128205,-0.6153846153846154,0.8461538461538461,-0.46153846153846156,0.32051282051282054,-0.6794871794871795,0.6410256410256411,-0.9102564102564102,0.8333333333333334,-0.7435897435897436,0.8589743589743589,-0.5512820512820513,0.2948717948717949,-0.717948717948718,0.5897435897435898,-1.0,0.8076923076923077,-0.8333333333333334,0.8461538461538461,-0.6282051282051282,0.2948717948717949,-0.6923076923076923,0.5897435897435898,-0.8974358974358975,0.7692307692307693,-0.7948717948717948,0.8333333333333334,-0.6282051282051282
o,0.0,0.0,0.3157894736842105,0.039473684210526314,0.5657894736842105,-0.09210526315789473,0.7763157894736842,-0.17105263157894737,0.9078947368421053,-0.32894736842105265,0.3684210526315789,-0.6052631578947368,0.6447368421052632,-0.7368421052631579,0.8289473684210527,-0.6052631578947368,0.8552631578947368,-0.4605263157894737,0.3157894736842105,-0.6842105263157895,0.6447368421052632,-0.9078947368421053,0.8552631578947368,-0.75,0.881578947368421,-0.5394736842105263,0.2894736842105263,-0.7368421052631579,0.6052631578947368,-1.0,0.8289473684210527,-0.8289473684210527,0.868421052631579,-0.631578947368421,0.3026315789473684,-0.7105263157894737,0.5921052631578947,-0.9078947368421053,0.7894736842105263,-0.8026315789473685,0.868421052631579,-0.631578947368421
o,0.0,0.0,0.3157894736842105,0.039473684210526314,0.5526315789473685,-0.09210526315789473,0.7763157894736842,-0.17105263157894737,0.9078947368421053,-0.32894736842105265,0.35526315789473684,-0.6052631578947368,0.631578947368421,-0.7236842105263158,0.8157894736842105,-0.6052631578947368,0.8552631578947368,-0.4605263157894737,0.3026315789473684,-0.6842105263157895,0.631578947368421,-0.9078947368421053,0.8289473684210527,-0.7631578947368421,0.868421052631579,-0.5921052631578947,0.2894736842105263,-0.7236842105263158,0.5921052631578947,-1.0,0.8157894736842105,-0.8421052631578947,0.8552631578947368,-0.6578947368421053,0.3026315789473684,-0.6973684210526315,0.5921052631578947,-0.8947368421052632,0.7894736842105263,-0.8026315789473685,0.868421052631579,-0.6447368421052632
o,0.0,0.0,0.30666666666666664,0.05333333333333334,0.5466666666666666,-0.08,0.7733333333333333,-0.17333333333333334,0.9066666666666666,-0.32,0.36,-0.6,0.64,-0.7066666666666667,0.8133333333333334,-0.5733333333333334,0.8533333333333334,-0.44,0.30666666666666664,-0.68,0.64,-0.8933333333333333,0.84,-0.7466666666666667,0.88,-0.56,0.29333333333333333,-0.72,0.6133333333333333,-1.0,0.8266666666666667,-0.8266666666666667,0.8666666666666667,-0.6266666666666667,0.30666666666666664,-0.7066666666666667,0.6133333333333333,-0.8933333333333333,0.8133333333333334,-0.7866666666666666,0.88,-0.6266666666666667
o,0.0,0.0,0.3157894736842105,0.02631578947368421,0.5526315789473685,-0.09210526315789473,0.7763157894736842,-0.18421052631578946,0.9078947368421053,-0.32894736842105265,0.34210526315789475,-0.618421052631579,0.631578947368421,-0.7236842105263158,0.8157894736842105,-0.6052631578947368,0.8421052631578947,-0.4605263157894737,0.3026315789473684,-0.6973684210526315,0.631578947368421,-0.9078947368421053,0.8289473684210527,-0.75,0.8552631578947368,-0.5657894736842105,0.27631578947368424,-0.7368421052631579,0.6052631578947368,-1.0,0.8157894736842105,-0.8289473684210527,0.8552631578947368,-0.631578947368421,0.3026315789473684,-0.7105263157894737,0.6052631578947368,-0.8947368421052632,0.8026315789473685,-0.7894736842105263,0.868421052631579,-0.631578947368421
o,0.0,0.0,0.3150684931506849,0.0410958904109589,0.5753424657534246,-0.0958904109589041,0.7945205479452054,-0.1780821917808219,0.9315068493150684,-0.3287671232876712,0.3698630136986301,-0.6164383561643836,0.6575342465753424,-0.7671232876712328,0.821917808219178,-0.6301369863013698,0.8493150684931506,-0.4794520547945205,0.3150684931506849,-0.6986301369863014,0.6575342465753424,-0.9178082191780822,0.8493150684931506,-0.7534246575342466,0.8904109589041096,-0.547945205479452,0.2876712328767123,-0.7397260273972602,0.6301369863013698,-1.0,0.8356164383561644,-0.821917808219178,0.8904109589041096,-0.6164383561643836,0.3013698630136986,-0.7123287671232876,0.6164383561643836,-0.9041095890410958,0.8082191780821918,-0.7945205479452054,0.8904109589041096,-0.6301369863013698
o,0.0,0.0,0.3472222222222222,0.013888888888888888,0.6111111111111112,-0.1111111111111111,0.8472222222222222,-0.20833333333333334,0.9861111111111112,-0.3611111111111111,0.375,-0.6666666666666666,0.7083333333333334,-0.7638888888888888,0.8888888888888888,-0.6111111111111112,0.9166666666666666,-0.4722222222222222,0.3194444444444444,-0.75,0.7222222222222222,-0.9305555555555556,0.9305555555555556,-0.75,0.9583333333333334,-0.5416666666666666,0.3055555555555556,-0.7916666666666666,0.7083333333333334,-1.0,0.9166666666666666,-0.8055555555555556,0.9583333333333334,-0.5972222222222222,0.3472222222222222,-0.75,0.6944444444444444,-0.9166666666666666,0.8888888888888888,-0.7916666666666666,0.9722222222222222,-0.6111111111111112
p,0.0,0.0,-0.0625,-0.275,-0.1875,-0.5125,-0.375,-0.6375,-0.525,-0.6875,-0.1875,-0.6875,-0.45,-0.8375,-0.65,-0.9,-0.8,-0.9625,-0.275,-0.55,-0.5875,-0.625,-0.825,-0.675,-1.0,-0.7125,-0.3375,-0.4125,-0.55,-0.4125,-0.625,-0.2875,-0.6625,-0.1875,-0.35,-0.3,-0.5,-0.2875,-0.525,-0.2,-0.525,-0.1375
p,0.0,0.0,-0.024390243902439025,-0.2804878048780488,-0.14634146341463414,-0.5365853658536586,-0.34146341463414637,-0.7073170731707317,-0.5121951219512195,-0.7682926829268293,-0.12195121951219512,-0.6951219512195121,-0.3902439024390244,-0.8658536585365854,-0.573170731707317,-0.9390243902439024,-0.7195121951219512,-1.0,-0.23170731707317074,-0.5975609756097561,-0.5365853658536586,-0.6829268292682927,-0.7560975609756098,-0.7195121951219512,-0.9146341463414634,-0.7560975609756098,-0.3048780487804878,-0.47560975609756095,-0.5365853658536586,-0.4634146341463415,-0.573170731707317,-0.34146341463414637,-0.573170731707317,-0.24390243902439024,-0.36585365853658536,-0.35365853658536583,-0.5487804878048781,-0.35365853658536583,-0.573170731707317,-0.2804878048780488,-0.5609756097560976,-0.2073170731707317
p,0.0,0.0,0.036585365853658534,-0.25609756097560976,-0.036585365853658534,-0.524390243902439,-0.23170731707317074,-0.6829268292682927,-0.4146341463414634,-0.7317073170731707,-0.06097560975609756,-0.6707317073170732,-0.2804878048780488,-0.8658536585365854,-0.4634146341463415,-0.9390243902439024,-0.6097560975609756,-1.0,-0.1951219512195122,-0.5853658536585366,-0.4634146341463415,-0.6829268292682927,-0.6707317073170732,-0.7195121951219512,-0.8414634146341463,-0.7439024390243902,-0.2926829268292683,-0.47560975609756095,-0.5,-0.4878048780487805,-0.5853658536585366,-0.4268292682926829,-0.6341463414634146,-0.3902439024390244,-0.34146341463414637,-0.36585365853658536,-0.5,-0.3902439024390244,-0.5121951219512195,-0.3048780487804878,-0.47560975609756095,-0.21951219512195122
p,0.0,0.0,0.044444444444444446,-0.26666666666666666,-0.022222222222222223,-0.5222222222222223,-0.2,-0.6666666666666666,-0.34444444444444444,-0.7333333333333333,-0.044444444444444446,-0.6666666666666666,-0.23333333333333334,-0.8444444444444444,-0.37777777777777777,-0.9333333333333333,-0.5111111111111111,-1.0,-0.16666666666666666,-0.5777777777777777,-0.4,-0.6777777777777778,-0.5888888888888889,-0.7222222222222222,-0.7444444444444445,-0.7555555555555555,-0.25555555555555554,-0.4666666666666667,-0.4444444444444444,-0.4666666666666667,-0.4444444444444444,-0.3333333333333333,-0.4111111111111111,-0.24444444444444444,-0.3,-0.36666666666666664,-0.4444444444444444,-0.4,-0.43333333333333335,-0.32222222222222224,-0.4,-0.25555555555555554
p,0.0,0.0,0.02197802197802198,-0.2857142857142857,-0.054945054945054944,-0.5274725274725275,-0.2087912087912088,-0.6813186813186813,-0.3626373626373626,-0.7362637362637363,-0.03296703296703297,-0.6813186813186813,-0.23076923076923078,-0.8571428571428571,-0.38461538461538464,-0.9340659340659341,-0.5054945054945055,-1.0,-0.15384615384615385,-0.5824175824175825,-0.3956043956043956,-0.6813186813186813,-0.5824175824175825,-0.7252747252747253,-0.7362637362637363,-0.7692307692307693,-0.25274725274725274,-0.4835164835164835,-0.45054945054945056,-0.4835164835164835,-0.46153846153846156,-0.34065934065934067,-0.43956043956043955,-0.25274725274725274,-0.3076923076923077,-0.37362637362637363,-0.46153846153846156,-0.3956043956043956,-0.45054945054945056,-0.2967032967032967,-0.3956043956043956,-0.21978021978021978
p,0.0,0.0,0.03296703296703297,-0.26373626373626374,-0.03296703296703297,-0.5164835164835165,-0.1978021978021978,-0.6703296703296703,-0.3516483516483517,-0.7362637362637363,-0.04395604395604396,-0.6813186813186813,-0.24175824175824176,-0.8461538461538461,-0.38461538461538464,-0.9340659340659341,-0.5054945054945055,-1.0,-0.16483516483516483,-0.5934065934065934,-0.4065934065934066,-0.6703296703296703,-0.5824175824175825,-0.7142857142857143,-0.7362637362637363,-0.7582417582417582,-0.25274725274725274,-0.4835164835164835,-0.45054945054945056,-0.4835164835164835,-0.45054945054945056,-0.34065934065934067,-0.42857142857142855,-0.24175824175824176,-0.3076923076923077,-0.37362637362637363,-0.43956043956043955,-0.4065934065934066,-0.43956043956043955,-0.31868131868131866,-0.4065934065934066,-0.25274725274725274
p,0.0,0.0,0.03296703296703297,-0.26373626373626374,-0.04395604395604396,-0.5274725274725275,-0.21978021978021978,-0.6813186813186813,-0.37362637362637363,-0.7362637362637363,-0.04395604395604396,-0.6703296703296703,-0.24175824175824176,-0.8461538461538461,-0.3956043956043956,-0.9340659340659341,-0.5274725274725275,-1.0,-0.16483516483516483,-0.5824175824175825,-0.4065934065934066,-0.6703296703296703,-0.6043956043956044,-0.7252747252747253,-0.7472527472527473,-0.7582417582417582,-0.26373626373626374,-0.4725274725274725,-0.45054945054945056,-0.4725274725274725,-0.46153846153846156,-0.32967032967032966,-0.43956043956043955,-0.24175824175824176,-0.31868131868131866,-0.37362637362637363,-0.46153846153846156,-0.38461538461538464,-0.46153846153846156,-0.2857142857142857,-0.4175824175824176,-0.2087912087912088
p,0.0,0.0,0.022222222222222223,-0.26666666666666666,-0.05555555555555555,-0.5222222222222223,-0.23333333333333334,-0.6777777777777778,-0.3888888888888889,-0.7333333333333333,-0.044444444444444446,-0.6777777777777778,-0.24444444444444444,-0.8555555555555555,-0.4,-0.9333333333333333,-0.5222222222222223,-1.0,-0.16666666666666666,-0.5888888888888889,-0.4111111111111111,-0.6777777777777778,-0.6111111111111112,-0.7222222222222222,-0.7666666666666667,-0.7555555555555555,-0.26666666666666666,-0.4777777777777778,-0.45555555555555555,-0.4666666666666667,-0.45555555555555555,-0.3333333333333333,-0.4222222222222222,-0.24444444444444444,-0.32222222222222224,-0.36666666666666664,-0.4666666666666667,-0.4,-0.45555555555555555,-0.3,-0.4111111111111111,-0.23333333333333334
p,0.0,0.0,0.01098901098901099,-0.2857142857142857,-0.07692307692307693,-0.5494505494505495,-0.24175824175824176,-0.6923076923076923,-0.3956043956043956,-0.7472527472527473,-0.07692307692307693,-0.6923076923076923,-0.2857142857142857,-0.8681318681318682,-0.43956043956043955,-0.945054945054945,-0.5604395604395604,-1.0,-0.18681318681318682,-0.5934065934065934,-0.42857142857142855,-0.6923076923076923,-0.6263736263736264,-0.7362637362637363,-0.7692307692307693,-0.7582417582417582,-0.27472527472527475,-0.4725274725274725,-0.46153846153846156,-0.4945054945054945,-0.5054945054945055,-0.38461538461538464,-0.5164835164835165,-0.3076923076923077,-0.31868131868131866,-0.3516483516483517,-0.46153846153846156,-0.3956043956043956,-0.4725274725274725,-0.32967032967032966,-0.45054945054945056,-0.26373626373626374
p,0.0,0.0,0.023529411764705882,-0.2823529411764706,-0.058823529411764705,-0.5411764705882353,-0.23529411764705882,-0.6823529411764706,-0.4117647058823529,-0.7294117647058823,-0.058823529411764705,-0.7058823529411765,-0.2823529411764706,-0.8705882352941177,-0.4470588235294118,-0.9411764705882353,-0.5764705882352941,-1.0,-0.18823529411764706,-0.6,-0.4470588235294118,-0.6941176470588235,-0.6470588235294118,-0.7294117647058823,-0.8,-0.7411764705882353,-0.29411764705882354,-0.47058823529411764,-0.49411764705882355,-0.5294117647058824,-0.6,-0.4823529411764706,-0.6705882352941176,-0.4470588235294118,-0.3411764705882353,-0.3411764705882353,-0.47058823529411764,-0.4117647058823529,-0.49411764705882355,-0.3411764705882353,-0.49411764705882355,-0.27058823529411763
p,0.0,0.0,0.037037037037037035,-0.2716049382716049,-0.037037037037037035,-0.5308641975308642,-0.2345679012345679,-0.6790123456790124,-0.4074074074074074,-0.7407407407407407,-0.06172839506172839,-0.691358024691358,-0.2839506172839506,-0.8765432098765432,-0.4567901234567901,-0.9506172839506173,-0.6049382716049383,-1.0,-0.18518518518518517,-0.6049382716049383,-0.4567901234567901,-0.691358024691358,-0.6790123456790124,-0.7160493827160493,-0.8518518518518519,-0.7407407407407407,-0.2839506172839506,-0.48148148148148145,-0.49382716049382713,-0.49382716049382713,-0.5432098765432098,-0.38271604938271603,-0.5679012345679012,-0.2962962962962963,-0.3333333333333333,-0.345679012345679,-0.49382716049382713,-0.4074074074074074,-0.5061728395061729,-0.3333333333333333,-0.48148148148148145,-0.24691358024691357
p,0.0,0.0,0.011764705882352941,-0.27058823529411763,-0.07058823529411765,-0.5294117647058824,-0.24705882352941178,-0.6941176470588235,-0.4117647058823529,-0.7529411764705882,-0.08235294117647059,-0.7058823529411765,-0.2823529411764706,-0.8705882352941177,-0.4470588235294118,-0.9411764705882353,-0.6,-1.0,-0.2,-0.611764705882353,-0.4588235294117647,-0.6941176470588235,-0.6588235294117647,-0.7176470588235294,-0.8117647058823529,-0.7294117647058823,-0.2823529411764706,-0.49411764705882355,-0.5058823529411764,-0.5176470588235295,-0.6,-0.47058823529411764,-0.6588235294117647,-0.43529411764705883,-0.3411764705882353,-0.3764705882352941,-0.4823529411764706,-0.4,-0.4823529411764706,-0.3411764705882353,-0.4588235294117647,-0.27058823529411763
p,0.0,0.0,0.024390243902439025,-0.25609756097560976,-0.06097560975609756,-0.5121951219512195,-0.25609756097560976,-0.6707317073170732,-0.4268292682926829,-0.7317073170731707,-0.07317073170731707,-0.7073170731707317,-0.2926829268292683,-0.8658536585365854,-0.4634146341463415,-0.9390243902439024,-0.6097560975609756,-1.0,-0.1951219512195122,-0.6219512195121951,-0.47560975609756095,-0.6951219512195121,-0.6951219512195121,-0.6951219512195121,-0.8536585365853658,-0.7073170731707317,-0.2926829268292683,-0.5,-0.5121951219512195,-0.47560975609756095,-0.573170731707317,-0.3902439024390244,-0.6097560975609756,-0.3170731707317073,-0.34146341463414637,-0.3780487804878049,-0.4878048780487805,-0.3780487804878049,-0.5,-0.3048780487804878,-0.4878048780487805,-0.24390243902439024
p,0.0,0.0,0.012658227848101266,-0.26582278481012656,-0.0759493670886076,-0.5316455696202531,-0.26582278481012656,-0.6708860759493671,-0.4430379746835443,-0.7215189873417721,-0.0759493670886076,-0.7088607594936709,-0.3037974683544304,-0.8734177215189873,-0.4936708860759494,-0.9493670886075949,-0.6455696202531646,-1.0,-0.189873417721519,-0.5949367088607594,-0.46835443037974683,-0.6835443037974683,-0.6962025316455697,-0.7088607594936709,-0.8860759493670886,-0.7215189873417721,-0.2911392405063291,-0.46835443037974683,-0.4936708860759494,-0.46835443037974683,-0.5316455696202531,-0.34177215189873417,-0.5316455696202531,-0.25316455696202533,-0.3291139240506329,-0.34177215189873417,-0.5063291139240507,-0.3924050632911392,-0.5063291139240507,-0.2911392405063291,-0.4810126582278481,-0.20253164556962025
p,0.0,0.0,0.012345679012345678,-0.2716049382716049,-0.06172839506172839,-0.5308641975308642,-0.25925925925925924,-0.6790123456790124,-0.41975308641975306,-0.7283950617283951,-0.07407407407407407,-0.691358024691358,-0.2962962962962963,-0.8765432098765432,-0.4691358024691358,-0.9506172839506173,-0.6296296296296297,-1.0,-0.19753086419753085,-0.6049382716049383,-0.4567901234567901,-0.691358024691358,-0.6790123456790124,-0.7160493827160493,-0.8518518518518519,-0.7283950617283951,-0.2962962962962963,-0.48148148148148145,-0.49382716049382713,-0.4691358024691358,-0.5185185185185185,-0.3333333333333333,-0.5061728395061729,-0.24691358024691357,-0.3333333333333333,-0.35802469135802467,-0.49382716049382713,-0.3950617283950617,-0.49382716049382713,-0.2962962962962963,-0.4691358024691358,-0.20987654320987653
p,0.0,0.0,0.012195121951219513,-0.2804878048780488,-0.08536585365853659,-0.5365853658536586,-0.2682926829268293,-0.6951219512195121,-0.43902439024390244,-0.7560975609756098,-0.08536585365853659,-0.7073170731707317,-0.3170731707317073,-0.8658536585365854,-0.5,-0.9512195121951219,-0.6463414634146342,-1.0,-0.2073170731707317,-0.5975609756097561,-0.47560975609756095,-0.6829268292682927,-0.6951219512195121,-0.7195121951219512,-0.8780487804878049,-0.7317073170731707,-0.2926829268292683,-0.47560975609756095,-0.4878048780487805,-0.4634146341463415,-0.4878048780487805,-0.3170731707317073,-0.4634146341463415,-0.21951219512195122,-0.32926829268292684,-0.35365853658536583,-0.4878048780487805,-0.3780487804878049,-0.4878048780487805,-0.2804878048780488,-0.45121951219512196,-0.1951219512195122
p,0.0,0.0,0.012195121951219513,-0.2926829268292683,-0.08536585365853659,-0.5487804878048781,-0.2682926829268293,-0.6951219512195121,-0.43902439024390244,-0.7439024390243902,-0.07317073170731707,-0.6951219512195121,-0.2926829268292683,-0.8658536585365854,-0.47560975609756095,-0.9390243902439024,-0.6219512195121951,-1.0,-0.1951219512195122,-0.5975609756097561,-0.4634146341463415,-0.6829268292682927,-0.6829268292682927,-0.7195121951219512,-0.8536585365853658,-0.7439024390243902,-0.2804878048780488,-0.47560975609756095,-0.47560975609756095,-0.4634146341463415,-0.47560975609756095,-0.32926829268292684,-0.45121951219512196,-0.21951219512195122,-0.3170731707317073,-0.36585365853658536,-0.47560975609756095,-0.3902439024390244,-0.47560975609756095,-0.2926829268292683,-0.43902439024390244,-0.21951219512195122
p,0.0,0.0,-0.012048192771084338,-0.2891566265060241,-0.0963855421686747,-0.5301204819277109,-0.27710843373493976,-0.6867469879518072,-0.43373493975903615,-0.7469879518072289,-0.0963855421686747,-0.6987951807228916,-0.3253012048192771,-0.8674698795180723,-0.4939759036144578,-0.9397590361445783,-0.6385542168674698,-1.0,-0.1927710843373494,-0.6024096385542169,-0.46987951807228917,-0.6867469879518072,-0.6867469879518072,-0.7228915662650602,-0.8674698795180723,-0.7349397590361446,-0.27710843373493976,-0.46987951807228917,-0.4819277108433735,-0.4819277108433735,-0.4819277108433735,-0.3373493975903614,-0.4578313253012048,-0.24096385542168675,-0.3132530120481928,-0.3493975903614458,-0.4819277108433735,-0.39759036144578314,-0.4939759036144578,-0.3132530120481928,-0.4578313253012048,-0.24096385542168675
p,0.0,0.0,0.012048192771084338,-0.2891566265060241,-0.08433734939759036,-0.5421686746987951,-0.26506024096385544,-0.6867469879518072,-0.43373493975903615,-0.7228915662650602,-0.08433734939759036,-0.7108433734939759,-0.3132530120481928,-0.8674698795180723,-0.4819277108433735,-0.9397590361445783,-0.6265060240963856,-1.0,-0.1927710843373494,-0.6024096385542169,-0.4578313253012048,-0.6867469879518072,-0.6746987951807228,-0.7228915662650602,-0.8554216867469879,-0.7469879518072289,-0.26506024096385544,-0.46987951807228917,-0.4819277108433735,-0.46987951807228917,-0.46987951807228917,-0.3253012048192771,-0.43373493975903615,-0.2289156626506024,-0.3132530120481928,-0.3493975903614458,-0.4819277108433735,-0.39759036144578314,-0.4819277108433735,-0.30120481927710846,-0.43373493975903615,-0.2289156626506024
p,0.0,0.0,0.0,-0.2857142857142857,-0.09523809523809523,-0.5357142857142857,-0.2619047619047619,-0.6785714285714286,-0.42857142857142855,-0.7380952380952381,-0.08333333333333333,-0.7023809523809523,-0.30952380952380953,-0.8690476190476191,-0.4880952380952381,-0.9404761904761905,-0.6309523809523809,-1.0,-0.19047619047619047,-0.5952380952380952,-0.4642857142857143,-0.6904761904761905,-0.6904761904761905,-0.7261904761904762,-0.8571428571428571,-0.75,-0.27380952380952384,-0.4642857142857143,-0.4880952380952381,-0.4880952380952381,-0.4880952380952381,-0.34523809523809523,-0.4523809523809524,-0.23809523809523808,-0.32142857142857145,-0.34523809523809523,-0.4880952380952381,-0.39285714285714285,-0.4880952380952381,-0.2976190476190476,-0.44047619047619047,-0.2261904761904762
q,0.0,0.0,0.1,0.13,0.33,0.23,0.51,0.32,0.62,0.44,0.47,-0.15,0.71,0.01,0.87,0.11,1.0,0.15,0.51,-0.19,0.7,0.06,0.6,0.19,0.5,0.2,0.53,-0.19,0.7,0.04,0.6,0.15,0.51,0.15,0.54,-0.17,0.66,0.01,0.61,0.1,0.55,0.1
q,0.0,0.0,0.09090909090909091,0.13131313131313133,0.31313131313131315,0.2222222222222222,0.5050505050505051,0.31313131313131315,0.6060606060606061,0.43434343434343436,0.4444444444444444,-0.15151515151515152,0.7070707070707071,0.0,0.8686868686868687,0.10101010101010101,1.0,0.15151515151515152,0.48484848484848486,-0.20202020202020202,0.6868686868686869,0.04040404040404041,0.5959595959595959,0.18181818181818182,0.494949494949495,0.1919191919191919,0.5050505050505051,-0.1919191919191919,0.6868686868686869,0.020202020202020204,0.6060606060606061,0.1414141414141414,0.5151515151515151,0.15151515151515152,0.5252525252525253,-0.1717171717171717,0.6565656565656566,0.0,0.6060606060606061,0.09090909090909091,0.5454545454545454,0.09090909090909091
q,0.0,0.0,0.08163265306122448,0.12244897959183673,0.3163265306122449,0.23469387755102042,0.5102040816326531,0.32653061224489793,0.6122448979591837,0.4489795918367347,0.45918367346938777,-0.15306122448979592,0.7040816326530612,0.01020408163265306,0.8673469387755102,0.10204081632653061,1.0,0.15306122448979592,0.5,-0.19387755102040816,0.6938775510204082,0.061224489795918366,0.5918367346938775,0.20408163265306123,0.4897959183673469,0.21428571428571427,0.5204081632653061,-0.1836734693877551,0.6938775510204082,0.05102040816326531,0.5918367346938775,0.16326530612244897,0.5,0.17346938775510204,0.5408163265306123,-0.16326530612244897,0.6530612244897959,0.030612244897959183,0.6020408163265306,0.12244897959183673,0.5408163265306123,0.12244897959183673
q,0.0,0.0,0.09,0.12,0.31,0.22,0.5,0.31,0.61,0.43,0.46,-0.15,0.71,0.01,0.86,0.1,1.0,0.15,0.5,-0.2,0.69,0.06,0.59,0.19,0.49,0.2,0.52,-0.19,0.69,0.04,0.59,0.15,0.5,0.16,0.53,-0.17,0.65,0.01,0.59,0.1,0.53,0.11
q,0.0,0.0,0.09,0.12,0.32,0.22,0.5,0.31,0.61,0.42,0.45,-0.16,0.71,0.0,0.86,0.09,1.0,0.14,0.5,-0.21,0.69,0.05,0.58,0.19,0.48,0.2,0.52,-0.21,0.69,0.03,0.59,0.14,0.5,0.14,0.53,-0.19,0.65,0.0,0.59,0.09,0.53,0.09
q,0.0,0.0,0.11,0.12,0.33,0.22,0.51,0.31,0.61,0.42,0.46,-0.17,0.71,-0.01,0.87,0.09,1.0,0.14,0.5,-0.21,0.69,0.04,0.6,0.17,0.5,0.19,0.51,-0.2,0.69,0.02,0.6,0.14,0.51,0.14,0.53,-0.18,0.66,-0.01,0.61,0.09,0.54,0.09
q,0.0,0.0,0.09900990099009901,0.1188118811881188,0.32673267326732675,0.2079207920792079,0.5148514851485149,0.297029702970297,0.6138613861386139,0.42574257425742573,0.46534653465346537,-0.15841584158415842,0.7128712871287128,0.0,0.8613861386138614,0.0891089108910891,1.0,0.13861386138613863,0.504950495049505,-0.2079207920792079,0.693069306930693,0.039603960396039604,0.594059405940594,0.1782178217821782,0.49504950495049505,0.19801980198019803,0.5247524752475248,-0.19801980198019803,0.6831683168316832,0.019801980198019802,0.594059405940594,0.13861386138613863,0.504950495049505,0.13861386138613863,0.5247524752475248,-0.18811881188118812,0.6435643564356436,-0.009900990099009901,0.594059405940594,0.07920792079207921,0.5346534653465347,0.0891089108910891
q,0.0,0.0,0.1,0.13,0.32,0.21,0.51,0.3,0.62,0.42,0.46,-0.16,0.72,0.0,0.87,0.1,1.0,0.14,0.5,-0.21,0.7,0.05,0.6,0.18,0.5,0.2,0.52,-0.21,0.69,0.03,0.6,0.14,0.51,0.14,0.54,-0.19,0.66,0.0,0.61,0.09,0.55,0.09
q,0.0,0.0,0.1,0.13,0.33,0.23,0.51,0.31,0.62,0.43,0.46,-0.15,0.71,0.01,0.87,0.1,1.0,0.14,0.5,-0.21,0.7,0.05,0.61,0.18,0.51,0.2,0.52,-0.2,0.7,0.03,0.61,0.14,0.52,0.14,0.53,-0.19,0.67,-0.01,0.61,0.09,0.55,0.09
q,0.0,0.0,0.1,0.13,0.32,0.22,0.51,0.31,0.62,0.43,0.47,-0.16,0.72,0.01,0.87,0.1,1.0,0.14,0.51,-0.2,0.7,0.05,0.59,0.19,0.49,0.21,0.53,-0.2,0.7,0.03,0.6,0.15,0.51,0.15,0.54,-0.18,0.66,0.0,0.61,0.09,0.55,0.09
q,0.0,0.0,0.1,0.13,0.33,0.21,0.51,0.3,0.62,0.42,0.46,-0.17,0.71,-0.01,0.87,0.08,1.0,0.13,0.5,-0.22,0.7,0.05,0.6,0.18,0.5,0.19,0.53,-0.21,0.7,0.02,0.6,0.13,0.51,0.13,0.54,-0.2,0.67,-0.02,0.61,0.08,0.55,0.07
q,0.0,0.0,0.09090909090909091,0.12121212121212122,0.31313131313131315,0.21212121212121213,0.5050505050505051,0.30303030303030304,0.6161616161616161,0.42424242424242425,0.46464646464646464,-0.1717171717171717,0.7171717171717171,-0.010101010101010102,0.8686868686868687,0.09090909090909091,1.0,0.13131313131313133,0.5050505050505051,-0.21212121212121213,0.696969696969697,0.04040404040404041,0.5959595959595959,0.18181818181818182,0.494949494949495,0.20202020202020202,0.5252525252525253,-0.20202020202020202,0.6868686868686869,0.020202020202020204,0.5959595959595959,0.1414141414141414,0.5050505050505051,0.1414141414141414,0.5353535353535354,-0.1919191919191919,0.6565656565656566,-0.010101010101010102,0.6060606060606061,0.08080808080808081,0.5454545454545454,0.09090909090909091
q,0.0,0.0,0.09090909090909091,0.13131313131313133,0.31313131313131315,0.2222222222222222,0.5050505050505051,0.31313131313131315,0.6161616161616161,0.43434343434343436,0.45454545454545453,-0.16161616161616163,0.7171717171717171,0.0,0.8686868686868687,0.10101010101010101,1.0,0.1414141414141414,0.494949494949495,-0.20202020202020202,0.696969696969697,0.06060606060606061,0.5858585858585859,0.1919191919191919,0.48484848484848486,0.20202020202020202,0.5252525252525253,-0.20202020202020202,0.6868686868686869,0.030303030303030304,0.5858585858585859,0.1414141414141414,0.494949494949495,0.1414141414141414,0.5353535353535354,-0.1919191919191919,0.6565656565656566,0.0,0.5959595959595959,0.09090909090909091,0.5353535353535354,0.09090909090909091
q,0.0,0.0,0.09090909090909091,0.13131313131313133,0.31313131313131315,0.2222222222222222,0.5050505050505051,0.31313131313131315,0.6161616161616161,0.42424242424242425,0.46464646464646464,-0.15151515151515152,0.7070707070707071,0.0,0.8686868686868687,0.10101010101010101,1.0,0.1414141414141414,0.5050505050505051,-0.20202020202020202,0.696969696969697,0.06060606060606061,0.5858585858585859,0.1919191919191919,0.48484848484848486,0.21212121212121213,0.5353535353535354,-0.20202020202020202,0.696969696969697,0.04040404040404041,0.5858585858585859,0.15151515151515152,0.494949494949495,0.15151515151515152,0.5454545454545454,-0.18181818181818182,0.6666666666666666,0.010101010101010102,0.5959595959595959,0.10101010101010101,0.5353535353535354,0.09090909090909091
q,0.0,0.0,0.1,0.12,0.32,0.22,0.51,0.3,0.62,0.42,0.47,-0.14,0.71,0.01,0.87,0.1,1.0,0.14,0.51,-0.19,0.7,0.05,0.6,0.18,0.5,0.2,0.52,-0.19,0.69,0.03,0.6,0.14,0.51,0.15,0.53,-0.18,0.66,0.0,0.61,0.09,0.55,0.09
q,0.0,0.0,0.10891089108910891,0.1188118811881188,0.31683168316831684,0.21782178217821782,0.49504950495049505,0.297029702970297,0.6039603960396039,0.4158415841584158,0.46534653465346537,-0.15841584158415842,0.7128712871287128,0.0,0.8613861386138614,0.09900990099009901,1.0,0.1485148514851485,0.49504950495049505,-0.19801980198019803,0.693069306930693,0.04950495049504951,0.5841584158415841,0.1782178217821782,0.48514851485148514,0.19801980198019803,0.5148514851485149,-0.19801980198019803,0.693069306930693,0.0297029702970297,0.594059405940594,0.13861386138613863,0.504950495049505,0.13861386138613863,0.5346534653465347,-0.1782178217821782,0.6534653465346535,0.0,0.6039603960396039,0.0891089108910891,0.5445544554455446,0.0891089108910891
q,0.0,0.0,0.10101010101010101,0.12121212121212122,0.31313131313131315,0.21212121212121213,0.5050505050505051,0.30303030303030304,0.6060606060606061,0.42424242424242425,0.46464646464646464,-0.15151515151515152,0.7171717171717171,0.0,0.8686868686868687,0.10101010101010101,1.0,0.1414141414141414,0.5050505050505051,-0.20202020202020202,0.696969696969697,0.050505050505050504,0.5959595959595959,0.18181818181818182,0.494949494949495,0.1919191919191919,0.5151515151515151,-0.1919191919191919,0.696969696969697,0.030303030303030304,0.5959595959595959,0.1414141414141414,0.5050505050505051,0.1414141414141414,0.5252525252525253,-0.18181818181818182,0.6565656565656566,-0.010101010101010102,0.6060606060606061,0.09090909090909091,0.5454545454545454,0.09090909090909091
q,0.0,0.0,0.09090909090909091,0.12121212121212122,0.31313131313131315,0.2222222222222222,0.5050505050505051,0.31313131313131315,0.6060606060606061,0.43434343434343436,0.46464646464646464,-0.15151515151515152,0.7171717171717171,0.010101010101010102,0.8686868686868687,0.10101010101010101,1.0,0.15151515151515152,0.5050505050505051,-0.20202020202020202,0.696969696969697,0.06060606060606061,0.5858585858585859,0.1919191919191919,0.48484848484848486,0.21212121212121213,0.5252525252525253,-0.1919191919191919,0.6868686868686869,0.030303030303030304,0.5959595959595959,0.15151515151515152,0.5050505050505051,0.15151515151515152,0.5353535353535354,-0.18181818181818182,0.6464646464646465,0.0,0.5959595959595959,0.10101010101010101,0.5353535353535354,0.10101010101010101
q,0.0,0.0,0.09090909090909091,0.13131313131313133,0.32323232323232326,0.2222222222222222,0.5151515151515151,0.31313131313131315,0.6161616161616161,0.42424242424242425,0.46464646464646464,-0.16161616161616163,0.7171717171717171,0.0,0.8686868686868687,0.10101010101010101,1.0,0.1414141414141414,0.5050505050505051,-0.21212121212121213,0.696969696969697,0.050505050505050504,0.5959595959595959,0.18181818181818182,0.494949494949495,0.20202020202020202,0.5252525252525253,-0.21212121212121213,0.696969696969697,0.030303030303030304,0.5959595959595959,0.1414141414141414,0.5050505050505051,0.1414141414141414,0.5454545454545454,-0.1919191919191919,0.6565656565656566,-0.010101010101010102,0.6060606060606061,0.09090909090909091,0.5454545454545454,0.09090909090909091
q,0.0,0.0,0.0707070707070707,0.13131313131313133,0.30303030303030304,0.23232323232323232,0.494949494949495,0.32323232323232326,0.6161616161616161,0.4444444444444444,0.45454545454545453,-0.1414141414141414,0.7070707070707071,0.020202020202020204,0.8585858585858586,0.1111111111111111,1.0,0.16161616161616163,0.5050505050505051,-0.1919191919191919,0.6868686868686869,0.08080808080808081,0.5757575757575758,0.21212121212121213,0.47474747474747475,0.2222222222222222,0.5353535353535354,-0.1919191919191919,0.6868686868686869,0.050505050505050504,0.5757575757575758,0.16161616161616163,0.48484848484848486,0.16161616161616163,0.5454545454545454,-0.1717171717171717,0.6565656565656566,0.020202020202020204,0.5858585858585859,0.1111111111111111,0.5252525252525253,0.1111111111111111
r,0.0,0.0,-0.17801047120418848,-0.06806282722513089,-0.2879581151832461,-0.27225130890052357,-0.24083769633507854,-0.44502617801047123,-0.13612565445026178,-0.5445026178010471,-0.25654450261780104,-0.5392670157068062,-0.2513089005235602,-0.743455497382199,-0.24083769633507854,-0.8638743455497382,-0.23036649214659685,-0.9790575916230366,-0.13612565445026178,-0.5549738219895288,-0.193717277486911,-0.7853403141361257,-0.2356020942408377,-0.9057591623036649,-0.2670157068062827,-1.0,-0.015706806282722512,-0.518324607329843,-0.010471204188481676,-0.7329842931937173,-0.05235602094240838,-0.6230366492146597,-0.08376963350785341,-0.5130890052356021,0.11518324607329843,-0.44502617801047123,0.09424083769633508,-0.5497382198952879,0.05235602094240838,-0.4397905759162304,0.031413612565445025,-0.3298429319371728
r,0.0,0.0,-0.18947368421052632,-0.05789473684210526,-0.32105263157894737,-0.2578947368421053,-0.29473684210526313,-0.45263157894736844,-0.18421052631578946,-0.5631578947368421,-0.29473684210526313,-0.5263157894736842,-0.3105263157894737,-0.7421052631578947,-0.3105263157894737,-0.8631578947368421,-0.30526315789473685,-0.9789473684210527,-0.17894736842105263,-0.5473684210526316,-0.24736842105263157,-0.7947368421052632,-0.3,-0.9052631578947369,-0.3368421052631579,-1.0,-0.05789473684210526,-0.5210526315789473,-0.06315789473684211,-0.7473684210526316,-0.11052631578947368,-0.631578947368421,-0.1368421052631579,-0.5157894736842106,0.07368421052631578,-0.45263157894736844,0.042105263157894736,-0.5578947368421052,0.0,-0.4473684210526316,-0.010526315789473684,-0.3368421052631579
r,0.0,0.0,-0.18421052631578946,-0.05263157894736842,-0.32105263157894737,-0.25263157894736843,-0.3,-0.45263157894736844,-0.19473684210526315,-0.5631578947368421,-0.30526315789473685,-0.5263157894736842,-0.32105263157894737,-0.7421052631578947,-0.3263157894736842,-0.868421052631579,-0.32105263157894737,-0.9842105263157894,-0.18421052631578946,-0.5526315789473685,-0.2631578947368421,-0.7947368421052632,-0.3105263157894737,-0.9052631578947369,-0.3473684210526316,-1.0,-0.06315789473684211,-0.5263157894736842,-0.07368421052631578,-0.7473684210526316,-0.11052631578947368,-0.631578947368421,-0.1368421052631579,-0.5210526315789473,0.06842105263157895,-0.4631578947368421,0.03684210526315789,-0.5631578947368421,0.0,-0.45263157894736844,-0.010526315789473684,-0.3473684210526316
r,0.0,0.0,-0.19148936170212766,-0.05319148936170213,-0.324468085106383,-0.25,-0.31382978723404253,-0.44680851063829785,-0.2127659574468085,-0.5585106382978723,-0.31382978723404253,-0.5212765957446809,-0.3351063829787234,-0.7393617021276596,-0.3351063829787234,-0.8617021276595744,-0.3351063829787234,-0.9787234042553191,-0.19680851063829788,-0.5531914893617021,-0.2765957446808511,-0.7925531914893617,-0.32978723404255317,-0.9042553191489362,-0.3617021276595745,-1.0,-0.07446808510638298,-0.526595744680851,-0.0851063829787234,-0.75,-0.12234042553191489,-0.6329787234042553,-0.14893617021276595,-0.5212765957446809,0.06382978723404255,-0.4627659574468085,0.031914893617021274,-0.5638297872340425,-0.005319148936170213,-0.4521276595744681,-0.015957446808510637,-0.34574468085106386
r,0.0,0.0,-0.18617021276595744,-0.047872340425531915,-0.324468085106383,-0.25,-0.30851063829787234,-0.44148936170212766,-0.2074468085106383,-0.5531914893617021,-0.31382978723404253,-0.5372340425531915,-0.3351063829787234,-0.7446808510638298,-0.3351063829787234,-0.8670212765957447,-0.32978723404255317,-0.9840425531914894,-0.20212765957446807,-0.5585106382978723,-0.28191489361702127,-0.7978723404255319,-0.3351063829787234,-0.9095744680851063,-0.3670212765957447,-1.0,-0.0797872340425532,-0.5319148936170213,-0.09042553191489362,-0.7606382978723404,-0.11702127659574468,-0.6382978723404256,-0.13297872340425532,-0.5159574468085106,0.05851063829787234,-0.4627659574468085,0.031914893617021274,-0.5638297872340425,-0.005319148936170213,-0.4521276595744681,-0.015957446808510637,-0.3404255319148936
r,0.0,0.0,-0.1925133689839572,-0.0481283422459893,-0.3315508021390374,-0.25133689839572193,-0.31016042780748665,-0.44919786096256686,-0.20855614973262032,-0.5668449197860963,-0.32085561497326204,-0.5294117647058824,-0.33689839572192515,-0.7433155080213903,-0.33689839572192515,-0.8663101604278075,-0.3315508021390374,-0.983957219251337,-0.19786096256684493,-0.5614973262032086,-0.2887700534759358,-0.8021390374331551,-0.33689839572192515,-0.9090909090909091,-0.3689839572192513,-1.0,-0.0748663101604278,-0.5347593582887701,-0.09090909090909091,-0.7593582887700535,-0.12299465240641712,-0.6363636363636364,-0.1443850267379679,-0.5187165775401069,0.06417112299465241,-0.47058823529411764,0.026737967914438502,-0.5668449197860963,-0.0053475935828877,-0.45454545454545453,-0.016042780748663103,-0.34759358288770054
r,0.0,0.0,-0.18716577540106952,-0.0481283422459893,-0.32085561497326204,-0.25133689839572193,-0.31016042780748665,-0.44385026737967914,-0.21390374331550802,-0.5614973262032086,-0.3155080213903743,-0.5347593582887701,-0.3315508021390374,-0.7433155080213903,-0.3315508021390374,-0.8663101604278075,-0.32620320855614976,-0.9786096256684492,-0.19786096256684493,-0.5561497326203209,-0.28342245989304815,-0.7967914438502673,-0.32620320855614976,-0.9090909090909091,-0.3582887700534759,-1.0,-0.0748663101604278,-0.5294117647058824,-0.08021390374331551,-0.7593582887700535,-0.11229946524064172,-0.6417112299465241,-0.13368983957219252,-0.5240641711229946,0.06417112299465241,-0.46524064171123,0.0427807486631016,-0.5668449197860963,0.0,-0.45454545454545453,-0.016042780748663103,-0.3422459893048128
r,0.0,0.0,-0.20105820105820105,-0.07936507936507936,-0.31746031746031744,-0.2751322751322751,-0.2804232804232804,-0.4656084656084656,-0.17989417989417988,-0.5714285714285714,-0.25396825396825395,-0.5079365079365079,-0.2698412698412698,-0.7195767195767195,-0.2751322751322751,-0.8412698412698413,-0.2751322751322751,-0.9523809523809523,-0.13756613756613756,-0.5396825396825397,-0.19576719576719576,-0.7566137566137566,-0.25396825396825395,-0.8994708994708994,-0.2962962962962963,-1.0,-0.015873015873015872,-0.5185185185185185,-0.031746031746031744,-0.7195767195767195,-0.06878306878306878,-0.7037037037037037,-0.10052910052910052,-0.6243386243386243,0.1111111111111111,-0.4708994708994709,0.09523809523809523,-0.6190476190476191,0.06878306878306878,-0.6402116402116402,0.047619047619047616,-0.5925925925925926
r,0.0,0.0,-0.18232044198895028,-0.06629834254143646,-0.30939226519337015,-0.2596685082872928,-0.2983425414364641,-0.430939226519337,-0.19337016574585636,-0.5303867403314917,-0.27624309392265195,-0.5082872928176796,-0.287292817679558,-0.7182320441988951,-0.287292817679558,-0.8453038674033149,-0.287292817679558,-0.9723756906077348,-0.15469613259668508,-0.5303867403314917,-0.2154696132596685,-0.7679558011049724,-0.27624309392265195,-0.8895027624309392,-0.3259668508287293,-1.0,-0.027624309392265192,-0.5027624309392266,-0.04419889502762431,-0.7182320441988951,-0.09392265193370165,-0.585635359116022,-0.1270718232044199,-0.46408839779005523,0.11049723756906077,-0.43646408839779005,0.06077348066298342,-0.5248618784530387,0.0,-0.40331491712707185,-0.016574585635359115,-0.287292817679558
r,0.0,0.0,-0.17204301075268819,-0.053763440860215055,-0.2956989247311828,-0.23118279569892472,-0.25806451612903225,-0.4032258064516129,-0.15053763440860216,-0.5161290322580645,-0.27419354838709675,-0.5053763440860215,-0.2849462365591398,-0.7096774193548387,-0.2849462365591398,-0.8387096774193549,-0.2903225806451613,-0.956989247311828,-0.15591397849462366,-0.532258064516129,-0.21505376344086022,-0.7688172043010753,-0.27419354838709675,-0.8978494623655914,-0.3279569892473118,-1.0,-0.03763440860215054,-0.5053763440860215,-0.053763440860215055,-0.7365591397849462,-0.08602150537634409,-0.6774193548387096,-0.10752688172043011,-0.5967741935483871,0.0913978494623656,-0.44086021505376344,0.053763440860215055,-0.5376344086021505,0.016129032258064516,-0.43548387096774194,0.0,-0.3172043010752688
r,0.0,0.0,-0.1774193548387097,-0.05913978494623656,-0.2956989247311828,-0.24731182795698925,-0.24193548387096775,-0.41935483870967744,-0.11827956989247312,-0.510752688172043,-0.27419354838709675,-0.4946236559139785,-0.2956989247311828,-0.7043010752688172,-0.2956989247311828,-0.8279569892473119,-0.3010752688172043,-0.9516129032258065,-0.16129032258064516,-0.521505376344086,-0.23118279569892472,-0.7634408602150538,-0.2903225806451613,-0.8924731182795699,-0.34408602150537637,-1.0,-0.03763440860215054,-0.5,-0.05913978494623656,-0.7311827956989247,-0.10752688172043011,-0.6344086021505376,-0.13978494623655913,-0.543010752688172,0.0913978494623656,-0.43548387096774194,0.03763440860215054,-0.532258064516129,-0.005376344086021506,-0.41935483870967744,-0.016129032258064516,-0.3064516129032258
r,0.0,0.0,-0.19101123595505617,-0.07303370786516854,-0.3202247191011236,-0.29775280898876405,-0.2752808988764045,-0.4887640449438202,-0.15730337078651685,-0.5842696629213483,-0.28651685393258425,-0.5168539325842697,-0.3089887640449438,-0.7247191011235955,-0.3258426966292135,-0.8539325842696629,-0.33146067415730335,-0.9719101123595506,-0.16853932584269662,-0.5393258426966292,-0.24719101123595505,-0.7808988764044944,-0.3202247191011236,-0.898876404494382,-0.3707865168539326,-1.0,-0.033707865168539325,-0.5112359550561798,-0.06741573033707865,-0.7303370786516854,-0.12359550561797752,-0.5842696629213483,-0.14606741573033707,-0.46629213483146065,0.10674157303370786,-0.449438202247191,0.05056179775280899,-0.5393258426966292,-0.0056179775280898875,-0.4101123595505618,-0.016853932584269662,-0.29775280898876405
r,0.0,0.0,-0.19767441860465115,-0.06976744186046512,-0.32558139534883723,-0.3081395348837209,-0.27906976744186046,-0.5058139534883721,-0.1511627906976744,-0.6046511627906976,-0.3023255813953488,-0.5174418604651163,-0.3313953488372093,-0.7267441860465116,-0.3488372093023256,-0.8488372093023255,-0.36627906976744184,-0.9651162790697675,-0.18023255813953487,-0.5523255813953488,-0.26744186046511625,-0.7906976744186046,-0.3488372093023256,-0.9011627906976745,-0.4069767441860465,-1.0,-0.046511627906976744,-0.5290697674418605,-0.08139534883720931,-0.75,-0.13372093023255813,-0.5872093023255814,-0.1511627906976744,-0.45930232558139533,0.11046511627906977,-0.47093023255813954,0.03488372093023256,-0.5523255813953488,-0.01744186046511628,-0.4069767441860465,-0.011627906976744186,-0.29651162790697677
r,0.0,0.0,-0.19883040935672514,-0.08187134502923976,-0.3333333333333333,-0.29239766081871343,-0.30409356725146197,-0.47953216374269003,-0.19298245614035087,-0.5789473684210527,-0.30994152046783624,-0.5146198830409356,-0.34502923976608185,-0.7309941520467836,-0.3742690058479532,-0.847953216374269,-0.39766081871345027,-0.9649122807017544,-0.19298245614035087,-0.5497076023391813,-0.27485380116959063,-0.783625730994152,-0.3567251461988304,-0.9005847953216374,-0.4269005847953216,-1.0,-0.05847953216374269,-0.5321637426900585,-0.1111111111111111,-0.7543859649122807,-0.16374269005847952,-0.6081871345029239,-0.1871345029239766,-0.47953216374269003,0.0935672514619883,-0.47953216374269003,0.03508771929824561,-0.5847953216374269,-0.017543859649122806,-0.4619883040935672,-0.029239766081871343,-0.34502923976608185
r,0.0,0.0,-0.20224719101123595,-0.056179775280898875,-0.34269662921348315,-0.23595505617977527,-0.33146067415730335,-0.4044943820224719,-0.24157303370786518,-0.5,-0.30337078651685395,-0.5,-0.33146067415730335,-0.7134831460674157,-0.34831460674157305,-0.8426966292134831,-0.3595505617977528,-0.9550561797752809,-0.1853932584269663,-0.5337078651685393,-0.25842696629213485,-0.7696629213483146,-0.33707865168539325,-0.898876404494382,-0.398876404494382,-1.0,-0.056179775280898875,-0.5168539325842697,-0.0898876404494382,-0.7528089887640449,-0.12359550561797752,-0.6685393258426966,-0.14606741573033707,-0.5561797752808989,0.0898876404494382,-0.46629213483146065,0.06179775280898876,-0.6123595505617978,0.028089887640449437,-0.5730337078651685,0.0056179775280898875,-0.5
r,0.0,0.0,-0.19444444444444445,-0.05,-0.3333333333333333,-0.2388888888888889,-0.31666666666666665,-0.4222222222222222,-0.2,-0.5055555555555555,-0.2833333333333333,-0.5,-0.3055555555555556,-0.7111111111111111,-0.31666666666666665,-0.8333333333333334,-0.3277777777777778,-0.9555555555555556,-0.16666666666666666,-0.5277777777777778,-0.2388888888888889,-0.7666666666666667,-0.3111111111111111,-0.8944444444444445,-0.36666666666666664,-1.0,-0.03888888888888889,-0.5111111111111111,-0.07222222222222222,-0.7555555555555555,-0.1111111111111111,-0.65,-0.1388888888888889,-0.5277777777777778,0.1111111111111111,-0.46111111111111114,0.07777777777777778,-0.6166666666666667,0.027777777777777776,-0.5388888888888889,0.0,-0.43333333333333335
r,0.0,0.0,-0.2,-0.05142857142857143,-0.33714285714285713,-0.24571428571428572,-0.3028571428571429,-0.4228571428571429,-0.2,-0.52,-0.3028571428571429,-0.5028571428571429,-0.32571428571428573,-0.7028571428571428,-0.3314285714285714,-0.8285714285714286,-0.34285714285714286,-0.9485714285714286,-0.17714285714285713,-0.5371428571428571,-0.26285714285714284,-0.7714285714285715,-0.3314285714285714,-0.8914285714285715,-0.3942857142857143,-1.0,-0.05142857142857143,-0.52,-0.08,-0.7542857142857143,-0.11428571428571428,-0.6342857142857142,-0.13714285714285715,-0.5142857142857142,0.09714285714285714,-0.45714285714285713,0.045714285714285714,-0.5657142857142857,0.0,-0.4514285714285714,-0.005714285714285714,-0.33714285714285713
r,0.0,0.0,-0.20588235294117646,-0.058823529411764705,-0.35294117647058826,-0.27647058823529413,-0.31176470588235294,-0.47058823529411764,-0.18235294117647058,-0.5588235294117647,-0.3058823529411765,-0.5,-0.3352941176470588,-0.7176470588235294,-0.35294117647058826,-0.8352941176470589,-0.37058823529411766,-0.9588235294117647,-0.18235294117647058,-0.5352941176470588,-0.27058823529411763,-0.788235294117647,-0.34705882352941175,-0.9,-0.4,-1.0,-0.047058823529411764,-0.5176470588235295,-0.08235294117647059,-0.7764705882352941,-0.12941176470588237,-0.6352941176470588,-0.14705882352941177,-0.5117647058823529,0.1,-0.4647058823529412,0.047058823529411764,-0.5705882352941176,0.0,-0.43529411764705883,-0.011764705882352941,-0.31176470588235294
r,0.0,0.0,-0.21965317919075145,-0.06358381502890173,-0.3699421965317919,-0.24277456647398843,-0.3583815028901734,-0.4277456647398844,-0.2543352601156069,-0.5144508670520231,-0.3063583815028902,-0.49710982658959535,-0.34104046242774566,-0.7109826589595376,-0.35260115606936415,-0.838150289017341,-0.3699421965317919,-0.9653179190751445,-0.18497109826589594,-0.5317919075144508,-0.27167630057803466,-0.7745664739884393,-0.3468208092485549,-0.9017341040462428,-0.4046242774566474,-1.0,-0.057803468208092484,-0.5144508670520231,-0.09248554913294797,-0.7687861271676301,-0.1329479768786127,-0.6705202312138728,-0.15606936416184972,-0.5491329479768786,0.09248554913294797,-0.4682080924855491,0.06358381502890173,-0.6127167630057804,0.011560693641618497,-0.5433526011560693,-0.017341040462427744,-0.4393063583815029
r,0.0,0.0,-0.21787709497206703,-0.055865921787709494,-0.3854748603351955,-0.21787709497206703,-0.44692737430167595,-0.39664804469273746,-0.3463687150837989,-0.5139664804469274,-0.29608938547486036,-0.49162011173184356,-0.3240223463687151,-0.7150837988826816,-0.3463687150837989,-0.8379888268156425,-0.35195530726256985,-0.9553072625698324,-0.1787709497206704,-0.5307262569832403,-0.2569832402234637,-0.776536312849162,-0.329608938547486,-0.8994413407821229,-0.3854748603351955,-1.0,-0.05027932960893855,-0.5139664804469274,-0.08379888268156424,-0.7653631284916201,-0.12290502793296089,-0.6759776536312849,-0.13966480446927373,-0.5642458100558659,0.1005586592178771,-0.46368715083798884,0.0782122905027933,-0.6256983240223464,0.03910614525139665,-0.5810055865921788,0.0223463687150838,-0.49162011173184356
s,0.0,0.0,-0.2956521739130435,-0.2,-0.46956521739130436,-0.5217391304347826,-0.43478260869565216,-0.808695652173913,-0.24347826086956523,-0.9130434782608695,-0.2608695652173913,-0.8260869565217391,-0.34782608695652173,-1.0,-0.3739130434782609,-0.7652173913043478,-0.30434782608695654,-0.6956521739130435,-0.08695652173913043,-0.8173913043478261,-0.19130434782608696,-0.9652173913043478,-0.22608695652173913,-0.6695652173913044,-0.14782608695652175,-0.6347826086956522,0.08695652173913043,-0.7652173913043478,-0.008695652173913044,-0.9043478260869565,-0.08695652173913043,-0.6260869565217392,-0.008695652173913044,-0.5826086956521739,0.26956521739130435,-0.6782608695652174,0.1565217391304348,-0.808695652173913,0.06956521739130435,-0.6260869565217392,0.11304347826086956,-0.5739130434782609
s,0.0,0.0,-0.30973451327433627,-0.21238938053097345,-0.48672566371681414,-0.5221238938053098,-0.45132743362831856,-0.8141592920353983,-0.25663716814159293,-0.9203539823008849,-0.3008849557522124,-0.8141592920353983,-0.3805309734513274,-1.0,-0.3893805309734513,-0.7699115044247787,-0.3274336283185841,-0.6991150442477876,-0.11504424778761062,-0.8053097345132744,-0.21238938053097345,-0.9734513274336283,-0.24778761061946902,-0.672566371681416,-0.17699115044247787,-0.6371681415929203,0.061946902654867256,-0.7610619469026548,-0.02654867256637168,-0.9203539823008849,-0.09734513274336283,-0.6460176991150443,-0.035398230088495575,-0.5929203539823009,0.25663716814159293,-0.6814159292035398,0.1415929203539823,-0.8141592920353983,0.05309734513274336,-0.6283185840707964,0.09734513274336283,-0.5752212389380531
s,0.0,0.0,-0.2982456140350877,-0.20175438596491227,-0.47368421052631576,-0.5263157894736842,-0.43859649122807015,-0.8070175438596491,-0.23684210526315788,-0.9122807017543859,-0.2719298245614035,-0.8157894736842105,-0.3684210526315789,-1.0,-0.37719298245614036,-0.7719298245614035,-0.30701754385964913,-0.7017543859649122,-0.09649122807017543,-0.8070175438596491,-0.20175438596491227,-0.9649122807017544,-0.23684210526315788,-0.6754385964912281,-0.15789473684210525,-0.6403508771929824,0.07894736842105263,-0.7543859649122807,-0.008771929824561403,-0.9210526315789473,-0.08771929824561403,-0.6403508771929824,-0.017543859649122806,-0.5877192982456141,0.2631578947368421,-0.6754385964912281,0.15789473684210525,-0.8157894736842105,0.07017543859649122,-0.631578947368421,0.11403508771929824,-0.5789473684210527
s,0.0,0.0,-0.2982456140350877,-0.19298245614035087,-0.47368421052631576,-0.5175438596491229,-0.43859649122807015,-0.8070175438596491,-0.24561403508771928,-0.9122807017543859,-0.2807017543859649,-0.8157894736842105,-0.3684210526315789,-1.0,-0.37719298245614036,-0.7631578947368421,-0.30701754385964913,-0.6929824561403509,-0.10526315789473684,-0.8070175438596491,-0.20175438596491227,-0.9649122807017544,-0.23684210526315788,-0.6666666666666666,-0.15789473684210525,-0.6403508771929824,0.07017543859649122,-0.7543859649122807,-0.008771929824561403,-0.9035087719298246,-0.08771929824561403,-0.6228070175438597,-0.017543859649122806,-0.5789473684210527,0.2631578947368421,-0.6754385964912281,0.15789473684210525,-0.7982456140350878,0.07017543859649122,-0.6140350877192983,0.11403508771929824,-0.5701754385964912
s,0.0,0.0,-0.2956521739130435,-0.20869565217391303,-0.4782608695652174,-0.5217391304347826,-0.4434782608695652,-0.808695652173913,-0.25217391304347825,-0.9130434782608695,-0.2782608695652174,-0.808695652173913,-0.3652173913043478,-1.0,-0.3826086956521739,-0.7652173913043478,-0.3130434782608696,-0.6869565217391305,-0.09565217391304348,-0.8,-0.20869565217391303,-0.9652173913043478,-0.23478260869565218,-0.6695652173913044,-0.1565217391304348,-0.6347826086956522,0.06956521739130435,-0.7565217391304347,-0.02608695652173913,-0.9130434782608695,-0.09565217391304348,-0.6347826086956522,-0.02608695652173913,-0.5826086956521739,0.25217391304347825,-0.6782608695652174,0.1391304347826087,-0.808695652173913,0.06086956521739131,-0.6260869565217392,0.10434782608695652,-0.5739130434782609
s,0.0,0.0,-0.3008849557522124,-0.20353982300884957,-0.4778761061946903,-0.5132743362831859,-0.4424778761061947,-0.7964601769911505,-0.25663716814159293,-0.911504424778761,-0.2743362831858407,-0.8053097345132744,-0.36283185840707965,-1.0,-0.3805309734513274,-0.7610619469026548,-0.30973451327433627,-0.6902654867256637,-0.09734513274336283,-0.7964601769911505,-0.20353982300884957,-0.9646017699115044,-0.23893805309734514,-0.672566371681416,-0.1592920353982301,-0.6371681415929203,0.07964601769911504,-0.7522123893805309,-0.017699115044247787,-0.911504424778761,-0.08849557522123894,-0.6283185840707964,-0.017699115044247787,-0.584070796460177,0.26548672566371684,-0.672566371681416,0.1504424778761062,-0.8053097345132744,0.061946902654867256,-0.6194690265486725,0.10619469026548672,-0.5663716814159292
s,0.0,0.0,-0.2956521739130435,-0.20869565217391303,-0.4782608695652174,-0.5304347826086957,-0.4434782608695652,-0.8173913043478261,-0.25217391304347825,-0.9217391304347826,-0.2782608695652174,-0.8260869565217391,-0.3565217391304348,-1.0,-0.3739130434782609,-0.7739130434782608,-0.3130434782608696,-0.7043478260869566,-0.10434782608695652,-0.8173913043478261,-0.2,-0.9652173913043478,-0.23478260869565218,-0.6695652173913044,-0.16521739130434782,-0.6434782608695652,0.0782608695652174,-0.7739130434782608,-0.017391304347826087,-0.9217391304347826,-0.08695652173913043,-0.6434782608695652,-0.02608695652173913,-0.591304347826087,0.2608695652173913,-0.6869565217391305,0.1565217391304348,-0.8260869565217391,0.0782608695652174,-0.6434782608695652,0.12173913043478261,-0.5826086956521739
s,0.0,0.0,-0.2894736842105263,-0.21052631578947367,-0.47368421052631576,-0.5263157894736842,-0.43859649122807015,-0.8070175438596491,-0.24561403508771928,-0.9122807017543859,-0.2807017543859649,-0.8157894736842105,-0.3684210526315789,-1.0,-0.37719298245614036,-0.7631578947368421,-0.3157894736842105,-0.6929824561403509,-0.09649122807017543,-0.8070175438596491,-0.20175438596491227,-0.9649122807017544,-0.23684210526315788,-0.6754385964912281,-0.16666666666666666,-0.6403508771929824,0.07894736842105263,-0.7631578947368421,-0.017543859649122806,-0.9210526315789473,-0.08771929824561403,-0.6403508771929824,-0.02631578947368421,-0.5877192982456141,0.2719298245614035,-0.6754385964912281,0.14912280701754385,-0.8070175438596491,0.07017543859649122,-0.631578947368421,0.11403508771929824,-0.5701754385964912
s,0.0,0.0,-0.3063063063063063,-0.1891891891891892,-0.4954954954954955,-0.5225225225225225,-0.45045045045045046,-0.8198198198198198,-0.26126126126126126,-0.9279279279279279,-0.2882882882882883,-0.8198198198198198,-0.3783783783783784,-1.0,-0.38738738738738737,-0.7567567567567568,-0.3153153153153153,-0.6936936936936937,-0.10810810810810811,-0.8108108108108109,-0.2072072072072072,-0.972972972972973,-0.24324324324324326,-0.6666666666666666,-0.16216216216216217,-0.6486486486486487,0.07207207207207207,-0.7657657657657657,-0.018018018018018018,-0.918918918918919,-0.09009009009009009,-0.6396396396396397,-0.018018018018018018,-0.5945945945945946,0.2702702702702703,-0.6756756756756757,0.15315315315315314,-0.8108108108108109,0.07207207207207207,-0.6306306306306306,0.10810810810810811,-0.5765765765765766
s,0.0,0.0,-0.3008849557522124,-0.19469026548672566,-0.48672566371681414,-0.5221238938053098,-0.45132743362831856,-0.8141592920353983,-0.25663716814159293,-0.9203539823008849,-0.2920353982300885,-0.8230088495575221,-0.37168141592920356,-1.0,-0.3805309734513274,-0.7610619469026548,-0.3185840707964602,-0.6991150442477876,-0.10619469026548672,-0.8053097345132744,-0.21238938053097345,-0.9734513274336283,-0.23893805309734514,-0.6637168141592921,-0.1592920353982301,-0.6460176991150443,0.07079646017699115,-0.7610619469026548,-0.02654867256637168,-0.9203539823008849,-0.08849557522123894,-0.6371681415929203,-0.017699115044247787,-0.5929203539823009,0.25663716814159293,-0.6814159292035398,0.1504424778761062,-0.8141592920353983,0.07079646017699115,-0.6371681415929203,0.11504424778761062,-0.584070796460177
s,0.0,0.0,-0.28695652173913044,-0.20869565217391303,-0.4608695652173913,-0.5304347826086957,-0.43478260869565216,-0.8173913043478261,-0.24347826086956523,-0.9217391304347826,-0.2782608695652174,-0.808695652173913,-0.3565217391304348,-1.0,-0.3652173913043478,-0.7652173913043478,-0.30434782608695654,-0.6869565217391305,-0.09565217391304348,-0.7913043478260869,-0.2,-0.9652173913043478,-0.22608695652173913,-0.6695652173913044,-0.1565217391304348,-0.6434782608695652,0.0782608695652174,-0.7478260869565218,-0.008695652173913044,-0.9217391304347826,-0.0782608695652174,-0.6434782608695652,-0.008695652173913044,-0.591304347826087,0.26956521739130435,-0.6695652173913044,0.16521739130434782,-0.808695652173913,0.08695652173913043,-0.6347826086956522,0.12173913043478261,-0.5826086956521739
s,0.0,0.0,-0.2982456140350877,-0.20175438596491227,-0.47368421052631576,-0.5263157894736842,-0.43859649122807015,-0.8157894736842105,-0.23684210526315788,-0.9210526315789473,-0.2807017543859649,-0.8157894736842105,-0.35964912280701755,-1.0,-0.37719298245614036,-0.7631578947368421,-0.30701754385964913,-0.7017543859649122,-0.10526315789473684,-0.8070175438596491,-0.20175438596491227,-0.9649122807017544,-0.23684210526315788,-0.6754385964912281,-0.15789473684210525,-0.6491228070175439,0.07017543859649122,-0.7631578947368421,-0.008771929824561403,-0.9210526315789473,-0.08771929824561403,-0.6491228070175439,-0.017543859649122806,-0.5964912280701754,0.2631578947368421,-0.6754385964912281,0.15789473684210525,-0.8157894736842105,0.07017543859649122,-0.631578947368421,0.11403508771929824,-0.5877192982456141
s,0.0,0.0,-0.2956521739130435,-0.19130434782608696,-0.4782608695652174,-0.5217391304347826,-0.43478260869565216,-0.8173913043478261,-0.24347826086956523,-0.9217391304347826,-0.2956521739130435,-0.808695652173913,-0.3652173913043478,-1.0,-0.3739130434782609,-0.7652173913043478,-0.3130434782608696,-0.6956521739130435,-0.11304347826086956,-0.7913043478260869,-0.20869565217391303,-0.9565217391304348,-0.23478260869565218,-0.6695652173913044,-0.1565217391304348,-0.6434782608695652,0.06956521739130435,-0.7478260869565218,-0.008695652173913044,-0.9217391304347826,-0.08695652173913043,-0.6434782608695652,-0.017391304347826087,-0.591304347826087,0.2608695652173913,-0.6695652173913044,0.1565217391304348,-0.808695652173913,0.0782608695652174,-0.6260869565217392,0.11304347826086956,-0.5739130434782609
s,0.0,0.0,-0.2920353982300885,-0.20353982300884957,-0.4778761061946903,-0.5221238938053098,-0.4336283185840708,-0.8141592920353983,-0.23008849557522124,-0.9203539823008849,-0.2920353982300885,-0.8053097345132744,-0.37168141592920356,-1.0,-0.37168141592920356,-0.7699115044247787,-0.30973451327433627,-0.6991150442477876,-0.10619469026548672,-0.7964601769911505,-0.19469026548672566,-0.9646017699115044,-0.23008849557522124,-0.672566371681416,-0.1592920353982301,-0.6371681415929203,0.07964601769911504,-0.7522123893805309,0.0,-0.9203539823008849,-0.07964601769911504,-0.6371681415929203,-0.017699115044247787,-0.584070796460177,0.26548672566371684,-0.6637168141592921,0.168141592920354,-0.8053097345132744,0.07964601769911504,-0.6283185840707964,0.11504424778761062,-0.5752212389380531
s,0.0,0.0,-0.30701754385964913,-0.20175438596491227,-0.4824561403508772,-0.5263157894736842,-0.4473684210526316,-0.8157894736842105,-0.24561403508771928,-0.9298245614035088,-0.2982456140350877,-0.8070175438596491,-0.3684210526315789,-1.0,-0.38596491228070173,-0.7631578947368421,-0.3157894736842105,-0.6929824561403509,-0.11403508771929824,-0.7982456140350878,-0.21052631578947367,-0.9649122807017544,-0.24561403508771928,-0.6666666666666666,-0.16666666666666666,-0.6403508771929824,0.06140350877192982,-0.7543859649122807,-0.017543859649122806,-0.9210526315789473,-0.09649122807017543,-0.6403508771929824,-0.02631578947368421,-0.5877192982456141,0.2543859649122807,-0.6754385964912281,0.14912280701754385,-0.8157894736842105,0.06140350877192982,-0.631578947368421,0.10526315789473684,-0.5789473684210527
s,0.0,0.0,-0.29914529914529914,-0.20512820512820512,-0.4700854700854701,-0.5299145299145299,-0.4444444444444444,-0.8205128205128205,-0.26495726495726496,-0.9230769230769231,-0.27350427350427353,-0.811965811965812,-0.36752136752136755,-1.0,-0.38461538461538464,-0.7606837606837606,-0.3162393162393162,-0.6923076923076923,-0.10256410256410256,-0.7948717948717948,-0.21367521367521367,-0.9658119658119658,-0.24786324786324787,-0.6752136752136753,-0.17094017094017094,-0.6410256410256411,0.06837606837606838,-0.7521367521367521,-0.02564102564102564,-0.9230769230769231,-0.09401709401709402,-0.6495726495726496,-0.03418803418803419,-0.5897435897435898,0.2564102564102564,-0.6666666666666666,0.13675213675213677,-0.8205128205128205,0.05982905982905983,-0.6410256410256411,0.10256410256410256,-0.5811965811965812
s,0.0,0.0,-0.29310344827586204,-0.21551724137931033,-0.46551724137931033,-0.5344827586206896,-0.4396551724137931,-0.8275862068965517,-0.25862068965517243,-0.9310344827586207,-0.25862068965517243,-0.8189655172413793,-0.35344827586206895,-1.0,-0.3706896551724138,-0.7672413793103449,-0.3017241379310345,-0.6982758620689655,-0.08620689655172414,-0.8017241379310345,-0.19827586206896552,-0.9741379310344828,-0.2413793103448276,-0.6810344827586207,-0.15517241379310345,-0.6551724137931034,0.07758620689655173,-0.7586206896551724,-0.017241379310344827,-0.9224137931034483,-0.09482758620689655,-0.6551724137931034,-0.017241379310344827,-0.603448275862069,0.25862068965517243,-0.6810344827586207,0.14655172413793102,-0.8275862068965517,0.06896551724137931,-0.646551724137931,0.11206896551724138,-0.5948275862068966
s,0.0,0.0,-0.2982456140350877,-0.21052631578947367,-0.47368421052631576,-0.5263157894736842,-0.4473684210526316,-0.8157894736842105,-0.2631578947368421,-0.9210526315789473,-0.2807017543859649,-0.8157894736842105,-0.3508771929824561,-1.0,-0.3684210526315789,-0.7631578947368421,-0.3157894736842105,-0.6929824561403509,-0.09649122807017543,-0.7982456140350878,-0.19298245614035087,-0.9649122807017544,-0.23684210526315788,-0.6666666666666666,-0.16666666666666666,-0.6403508771929824,0.07894736842105263,-0.7543859649122807,0.0,-0.9122807017543859,-0.07894736842105263,-0.6403508771929824,-0.02631578947368421,-0.5877192982456141,0.2631578947368421,-0.6666666666666666,0.16666666666666666,-0.8070175438596491,0.07894736842105263,-0.631578947368421,0.11403508771929824,-0.5789473684210527
s,0.0,0.0,-0.28448275862068967,-0.21551724137931033,-0.46551724137931033,-0.5344827586206896,-0.43103448275862066,-0.8275862068965517,-0.25,-0.9310344827586207,-0.25862068965517243,-0.8189655172413793,-0.35344827586206895,-1.0,-0.3793103448275862,-0.7672413793103449,-0.3017241379310345,-0.6982758620689655,-0.08620689655172414,-0.8103448275862069,-0.19827586206896552,-0.9741379310344828,-0.23275862068965517,-0.6810344827586207,-0.16379310344827586,-0.646551724137931,0.08620689655172414,-0.7672413793103449,-0.017241379310344827,-0.9224137931034483,-0.08620689655172414,-0.646551724137931,-0.017241379310344827,-0.5948275862068966,0.2672413793103448,-0.6810344827586207,0.14655172413793102,-0.8189655172413793,0.06896551724137931,-0.6379310344827587,0.1206896551724138,-0.5862068965517241
s,0.0,0.0,-0.28448275862068967,-0.20689655172413793,-0.46551724137931033,-0.5258620689655172,-0.43103448275862066,-0.8103448275862069,-0.25,-0.9137931034482759,-0.2672413793103448,-0.8103448275862069,-0.3448275862068966,-1.0,-0.3620689655172414,-0.7586206896551724,-0.3017241379310345,-0.6896551724137931,-0.09482758620689655,-0.7931034482758621,-0.1896551724137931,-0.9568965517241379,-0.22413793103448276,-0.6637931034482759,-0.15517241379310345,-0.6293103448275862,0.08620689655172414,-0.75,0.0,-0.9051724137931034,-0.07758620689655173,-0.6293103448275862,-0.017241379310344827,-0.5775862068965517,0.2672413793103448,-0.6637931034482759,0.16379310344827586,-0.8017241379310345,0.07758620689655173,-0.6206896551724138,0.11206896551724138,-0.5689655172413793
t,0.0,0.0,-0.2,-0.22758620689655173,-0.2620689655172414,-0.5586206896551724,-0.20689655172413793,-0.8,-0.16551724137931034,-0.993103448275862,-0.1793103448275862,-0.7655172413793103,-0.2206896551724138,-0.9793103448275862,-0.2482758620689655,-0.7655172413793103,-0.25517241379310346,-0.6068965517241379,0.0,-0.7379310344827587,-0.013793103448275862,-1.0,-0.0896551724137931,-0.7172413793103448,-0.10344827586206896,-0.5793103448275863,0.1724137931034483,-0.6689655172413793,0.16551724137931034,-0.8413793103448276,0.06206896551724138,-0.5793103448275863,0.041379310344827586,-0.4827586206896552,0.3310344827586207,-0.5655172413793104,0.32413793103448274,-0.7103448275862069,0.2206896551724138,-0.5586206896551724,0.19310344827586207,-0.4896551724137931
t,0.0,0.0,-0.20689655172413793,-0.22758620689655173,-0.27586206896551724,-0.5586206896551724,-0.23448275862068965,-0.8068965517241379,-0.18620689655172415,-1.0,-0.20689655172413793,-0.7655172413793103,-0.2620689655172414,-0.9793103448275862,-0.27586206896551724,-0.7724137931034483,-0.2689655172413793,-0.6206896551724138,-0.027586206896551724,-0.7448275862068966,-0.041379310344827586,-1.0,-0.1103448275862069,-0.7172413793103448,-0.11724137931034483,-0.5724137931034483,0.14482758620689656,-0.6758620689655173,0.13793103448275862,-0.8482758620689655,0.041379310344827586,-0.5862068965517241,0.020689655172413793,-0.4827586206896552,0.3103448275862069,-0.5793103448275863,0.296551724137931,-0.7241379310344828,0.2,-0.5655172413793104,0.1724137931034483,-0.496551724137931
t,0.0,0.0,-0.21379310344827587,-0.22758620689655173,-0.27586206896551724,-0.5517241379310345,-0.2206896551724138,-0.8068965517241379,-0.1793103448275862,-1.0,-0.19310344827586207,-0.7517241379310344,-0.2482758620689655,-0.9655172413793104,-0.2689655172413793,-0.7517241379310344,-0.2689655172413793,-0.6,-0.020689655172413793,-0.7310344827586207,-0.041379310344827586,-0.9862068965517241,-0.1103448275862069,-0.7172413793103448,-0.12413793103448276,-0.5793103448275863,0.14482758620689656,-0.6689655172413793,0.1310344827586207,-0.8344827586206897,0.034482758620689655,-0.5793103448275863,0.020689655172413793,-0.4827586206896552,0.30344827586206896,-0.5655172413793104,0.2896551724137931,-0.7103448275862069,0.19310344827586207,-0.5586206896551724,0.16551724137931034,-0.4896551724137931
t,0.0,0.0,-0.21768707482993196,-0.21768707482993196,-0.2585034013605442,-0.5510204081632653,-0.19047619047619047,-0.8027210884353742,-0.1360544217687075,-1.0,-0.19047619047619047,-0.7346938775510204,-0.24489795918367346,-0.9387755102040817,-0.2585034013605442,-0.7278911564625851,-0.25170068027210885,-0.5782312925170068,-0.02040816326530612,-0.7142857142857143,-0.034013605442176874,-0.9659863945578231,-0.10204081632653061,-0.6938775510204082,-0.11564625850340136,-0.564625850340136,0.14285714285714285,-0.6462585034013606,0.14285714285714285,-0.8163265306122449,0.04081632653061224,-0.564625850340136,0.034013605442176874,-0.46938775510204084,0.29931972789115646,-0.54421768707483,0.2925170068027211,-0.6938775510204082,0.19727891156462585,-0.5374149659863946,0.17687074829931973,-0.47619047619047616
t,0.0,0.0,-0.21379310344827587,-0.2206896551724138,-0.27586206896551724,-0.5517241379310345,-0.22758620689655173,-0.8,-0.1793103448275862,-1.0,-0.2,-0.7586206896551724,-0.25517241379310346,-0.9724137931034482,-0.2689655172413793,-0.7517241379310344,-0.2689655172413793,-0.6,-0.027586206896551724,-0.7379310344827587,-0.041379310344827586,-0.993103448275862,-0.1103448275862069,-0.7172413793103448,-0.12413793103448276,-0.5862068965517241,0.14482758620689656,-0.6689655172413793,0.13793103448275862,-0.8344827586206897,0.034482758620689655,-0.5793103448275863,0.020689655172413793,-0.4827586206896552,0.30344827586206896,-0.5655172413793104,0.296551724137931,-0.7103448275862069,0.19310344827586207,-0.5586206896551724,0.16551724137931034,-0.4896551724137931
t,0.0,0.0,-0.21232876712328766,-0.21232876712328766,-0.2671232876712329,-0.547945205479452,-0.21232876712328766,-0.8013698630136986,-0.1643835616438356,-1.0,-0.19863013698630136,-0.7465753424657534,-0.2465753424657534,-0.9452054794520548,-0.2602739726027397,-0.7397260273972602,-0.2602739726027397,-0.5821917808219178,-0.02054794520547945,-0.726027397260274,-0.03424657534246575,-0.9794520547945206,-0.1095890410958904,-0.6986301369863014,-0.11643835616438356,-0.5616438356164384,0.14383561643835616,-0.6575342465753424,0.136986301369863,-0.821917808219178,0.03424657534246575,-0.5684931506849316,0.02054794520547945,-0.4657534246575342,0.3082191780821918,-0.5547945205479452,0.2945205479452055,-0.7054794520547946,0.1917808219178082,-0.547945205479452,0.1643835616438356,-0.4794520547945205
t,0.0,0.0,-0.21621621621621623,-0.20270270270270271,-0.25675675675675674,-0.5405405405405406,-0.18243243243243243,-0.7972972972972973,-0.13513513513513514,-1.0,-0.1891891891891892,-0.7162162162162162,-0.24324324324324326,-0.9256756756756757,-0.25675675675675674,-0.7162162162162162,-0.25,-0.5608108108108109,-0.02027027027027027,-0.6959459459459459,-0.02702702702702703,-0.9459459459459459,-0.10810810810810811,-0.6824324324324325,-0.10810810810810811,-0.5472972972972973,0.14189189189189189,-0.6351351351351351,0.14189189189189189,-0.7972972972972973,0.033783783783783786,-0.5472972972972973,0.02702702702702703,-0.4527027027027027,0.2972972972972973,-0.5337837837837838,0.2972972972972973,-0.6756756756756757,0.1891891891891892,-0.527027027027027,0.16891891891891891,-0.46621621621621623
t,0.0,0.0,-0.21333333333333335,-0.20666666666666667,-0.25333333333333335,-0.54,-0.18666666666666668,-0.8,-0.14666666666666667,-1.0,-0.18666666666666668,-0.72,-0.24,-0.9266666666666666,-0.25333333333333335,-0.72,-0.25333333333333335,-0.5666666666666667,-0.02,-0.7,-0.03333333333333333,-0.9466666666666667,-0.10666666666666667,-0.6733333333333333,-0.11333333333333333,-0.5466666666666666,0.14,-0.6333333333333333,0.14,-0.7933333333333333,0.04,-0.5466666666666666,0.02666666666666667,-0.4533333333333333,0.29333333333333333,-0.5333333333333333,0.29333333333333333,-0.6733333333333333,0.19333333333333333,-0.5266666666666666,0.16666666666666666,-0.4666666666666667
t,0.0,0.0,-0.21333333333333335,-0.20666666666666667,-0.26,-0.5466666666666666,-0.2,-0.8,-0.15333333333333332,-1.0,-0.18666666666666668,-0.72,-0.24,-0.9266666666666666,-0.25333333333333335,-0.72,-0.24666666666666667,-0.5733333333333334,-0.02,-0.7,-0.03333333333333333,-0.9533333333333334,-0.10666666666666667,-0.6866666666666666,-0.11333333333333333,-0.5533333333333333,0.14,-0.6333333333333333,0.13333333333333333,-0.8066666666666666,0.04,-0.5533333333333333,0.02666666666666667,-0.46,0.29333333333333333,-0.5333333333333333,0.2866666666666667,-0.68,0.19333333333333333,-0.5333333333333333,0.17333333333333334,-0.47333333333333333
t,0.0,0.0,-0.21052631578947367,-0.21052631578947367,-0.2565789473684211,-0.5460526315789473,-0.18421052631578946,-0.8026315789473685,-0.14473684210526316,-1.0,-0.17763157894736842,-0.7236842105263158,-0.23684210526315788,-0.9276315789473685,-0.25,-0.7236842105263158,-0.24342105263157895,-0.5723684210526315,-0.019736842105263157,-0.7039473684210527,-0.039473684210526314,-0.9473684210526315,-0.10526315789473684,-0.6842105263157895,-0.1118421052631579,-0.5526315789473685,0.13815789473684212,-0.6381578947368421,0.13157894736842105,-0.8026315789473685,0.03289473684210526,-0.5657894736842105,0.02631578947368421,-0.46710526315789475,0.2894736842105263,-0.5394736842105263,0.28289473684210525,-0.6842105263157895,0.18421052631578946,-0.5394736842105263,0.16447368421052633,-0.46710526315789475
t,0.0,0.0,-0.2185430463576159,-0.2119205298013245,-0.26490066225165565,-0.5496688741721855,-0.1986754966887417,-0.8013245033112583,-0.152317880794702,-1.0,-0.19205298013245034,-0.7218543046357616,-0.25165562913907286,-0.9205298013245033,-0.26490066225165565,-0.7218543046357616,-0.2582781456953642,-0.5761589403973509,-0.033112582781456956,-0.7019867549668874,-0.046357615894039736,-0.9470198675496688,-0.11920529801324503,-0.6887417218543046,-0.12582781456953643,-0.5562913907284768,0.13245033112582782,-0.6357615894039735,0.12582781456953643,-0.8013245033112583,0.026490066225165563,-0.5562913907284768,0.019867549668874173,-0.46357615894039733,0.2781456953642384,-0.5364238410596026,0.2781456953642384,-0.6821192052980133,0.17880794701986755,-0.5364238410596026,0.15894039735099338,-0.47019867549668876
t,0.0,0.0,-0.22,-0.20666666666666667,-0.26,-0.5466666666666666,-0.19333333333333333,-0.8,-0.14666666666666667,-1.0,-0.19333333333333333,-0.72,-0.24666666666666667,-0.92,-0.25333333333333335,-0.72,-0.24666666666666667,-0.5733333333333334,-0.02666666666666667,-0.7,-0.04,-0.9466666666666667,-0.10666666666666667,-0.68,-0.12,-0.5466666666666666,0.13333333333333333,-0.64,0.13333333333333333,-0.8,0.03333333333333333,-0.5533333333333333,0.02,-0.46,0.2866666666666667,-0.54,0.2866666666666667,-0.68,0.18666666666666668,-0.5333333333333333,0.16666666666666666,-0.4666666666666667
t,0.0,0.0,-0.21333333333333335,-0.21333333333333335,-0.26666666666666666,-0.5466666666666666,-0.20666666666666667,-0.8066666666666666,-0.16666666666666666,-1.0,-0.18,-0.7333333333333333,-0.24,-0.9333333333333333,-0.26,-0.7266666666666667,-0.25333333333333335,-0.58,-0.013333333333333334,-0.7066666666666667,-0.04,-0.9466666666666667,-0.11333333333333333,-0.68,-0.11333333333333333,-0.5533333333333333,0.14666666666666667,-0.64,0.12666666666666668,-0.8,0.02666666666666667,-0.5533333333333333,0.02666666666666667,-0.46,0.3,-0.54,0.2866666666666667,-0.68,0.18666666666666668,-0.54,0.16666666666666666,-0.47333333333333333
t,0.0,0.0,-0.21333333333333335,-0.22,-0.26666666666666666,-0.5533333333333333,-0.22,-0.8066666666666666,-0.18,-1.0,-0.18,-0.74,-0.23333333333333334,-0.9466666666666667,-0.25333333333333335,-0.7333333333333333,-0.25333333333333335,-0.5866666666666667,-0.013333333333333334,-0.7133333333333334,-0.03333333333333333,-0.96,-0.11333333333333333,-0.6933333333333334,-0.12,-0.5666666666666667,0.14666666666666667,-0.6466666666666666,0.13333333333333333,-0.8133333333333334,0.03333333333333333,-0.5666666666666667,0.02,-0.47333333333333333,0.29333333333333333,-0.5466666666666666,0.2866666666666667,-0.6933333333333334,0.18666666666666668,-0.5466666666666666,0.16,-0.48
t,0.0,0.0,-0.21052631578947367,-0.21710526315789475,-0.2565789473684211,-0.5460526315789473,-0.19078947368421054,-0.8026315789473685,-0.1513157894736842,-1.0,-0.17763157894736842,-0.7171052631578947,-0.23684210526315788,-0.9210526315789473,-0.2565789473684211,-0.7171052631578947,-0.25,-0.5657894736842105,-0.019736842105263157,-0.6973684210526315,-0.039473684210526314,-0.9407894736842105,-0.1118421052631579,-0.6776315789473685,-0.1118421052631579,-0.5460526315789473,0.13815789473684212,-0.631578947368421,0.125,-0.7960526315789473,0.03289473684210526,-0.5592105263157895,0.02631578947368421,-0.4605263157894737,0.2894736842105263,-0.5328947368421053,0.28289473684210525,-0.6776315789473685,0.18421052631578946,-0.5328947368421053,0.16447368421052633,-0.46710526315789475
t,0.0,0.0,-0.20945945945945946,-0.21621621621621623,-0.2702702702702703,-0.5472972972972973,-0.21621621621621623,-0.8040540540540541,-0.16891891891891891,-1.0,-0.18243243243243243,-0.7364864864864865,-0.25,-0.9459459459459459,-0.2702702702702703,-0.7364864864864865,-0.2702702702702703,-0.5878378378378378,-0.013513513513513514,-0.7162162162162162,-0.04054054054054054,-0.9662162162162162,-0.11486486486486487,-0.6959459459459459,-0.12162162162162163,-0.5608108108108109,0.14864864864864866,-0.6486486486486487,0.13513513513513514,-0.8108108108108109,0.02702702702702703,-0.5675675675675675,0.02027027027027027,-0.46621621621621623,0.30405405405405406,-0.5472972972972973,0.2905405405405405,-0.6959459459459459,0.1891891891891892,-0.5472972972972973,0.16216216216216217,-0.4797297297297297
t,0.0,0.0,-0.20408163265306123,-0.23129251700680273,-0.2789115646258503,-0.5578231292517006,-0.23809523809523808,-0.8027210884353742,-0.19047619047619047,-1.0,-0.1836734693877551,-0.7619047619047619,-0.24489795918367346,-0.9727891156462585,-0.2653061224489796,-0.7687074829931972,-0.2653061224489796,-0.6122448979591837,-0.013605442176870748,-0.7346938775510204,-0.04081632653061224,-0.9931972789115646,-0.11564625850340136,-0.7210884353741497,-0.12244897959183673,-0.5782312925170068,0.14965986394557823,-0.673469387755102,0.1292517006802721,-0.8435374149659864,0.034013605442176874,-0.5918367346938775,0.02040816326530612,-0.48299319727891155,0.3129251700680272,-0.5714285714285714,0.2925170068027211,-0.7210884353741497,0.19727891156462585,-0.5714285714285714,0.17006802721088435,-0.4965986394557823
t,0.0,0.0,-0.20666666666666667,-0.22,-0.26,-0.5466666666666666,-0.21333333333333335,-0.8,-0.17333333333333334,-1.0,-0.16,-0.74,-0.23333333333333334,-0.94,-0.26,-0.7266666666666667,-0.25333333333333335,-0.58,0.0,-0.7133333333333334,-0.03333333333333333,-0.9533333333333334,-0.10666666666666667,-0.6866666666666666,-0.10666666666666667,-0.5533333333333333,0.16,-0.6466666666666666,0.13333333333333333,-0.8066666666666666,0.03333333333333333,-0.56,0.03333333333333333,-0.46,0.30666666666666664,-0.5466666666666666,0.29333333333333333,-0.6933333333333334,0.19333333333333333,-0.5466666666666666,0.17333333333333334,-0.48
t,0.0,0.0,-0.2222222222222222,-0.2222222222222222,-0.26143790849673204,-0.5555555555555556,-0.20261437908496732,-0.803921568627451,-0.16339869281045752,-1.0,-0.19607843137254902,-0.7254901960784313,-0.24836601307189543,-0.9215686274509803,-0.26143790849673204,-0.7320261437908496,-0.26143790849673204,-0.5816993464052288,-0.0392156862745098,-0.7058823529411765,-0.05228758169934641,-0.9477124183006536,-0.11764705882352941,-0.6928104575163399,-0.13071895424836602,-0.5555555555555556,0.12418300653594772,-0.6470588235294118,0.1111111111111111,-0.8104575163398693,0.026143790849673203,-0.5686274509803921,0.013071895424836602,-0.46405228758169936,0.27450980392156865,-0.5424836601307189,0.26143790849673204,-0.6928104575163399,0.16993464052287582,-0.5424836601307189,0.1568627450980392,-0.47058823529411764
t,0.0,0.0,-0.2214765100671141,-0.2080536912751678,-0.2751677852348993,-0.5503355704697986,-0.2214765100671141,-0.7986577181208053,-0.174496644295302,-1.0,-0.20134228187919462,-0.7248322147651006,-0.2550335570469799,-0.9328859060402684,-0.2684563758389262,-0.7315436241610739,-0.2684563758389262,-0.5838926174496645,-0.040268456375838924,-0.697986577181208,-0.04697986577181208,-0.959731543624161,-0.11409395973154363,-0.6912751677852349,-0.12751677852348994,-0.5503355704697986,0.12751677852348994,-0.6375838926174496,0.12080536912751678,-0.8120805369127517,0.026845637583892617,-0.5637583892617449,0.020134228187919462,-0.46308724832214765,0.28187919463087246,-0.5369127516778524,0.2751677852348993,-0.6912751677852349,0.18120805369127516,-0.5369127516778524,0.16778523489932887,-0.4697986577181208
u,0.0,0.0,-0.09482758620689655,-0.11206896551724138,-0.13793103448275862,-0.2629310344827586,-0.05172413793103448,-0.40086206896551724,0.05603448275862069,-0.4870689655172414,-0.1939655172413793,-0.5043103448275862,-0.2025862068965517,-0.6982758620689655,-0.2025862068965517,-0.8060344827586207,-0.1853448275862069,-0.9094827586206896,-0.06896551724137931,-0.5301724137931034,-0.10344827586206896,-0.7672413793103449,-0.10775862068965517,-0.8922413793103449,-0.11206896551724138,-1.0,0.04310344827586207,-0.5,0.05172413793103448,-0.7155172413793104,0.03879310344827586,-0.6206896551724138,0.017241379310344827,-0.5344827586206896,0.14224137931034483,-0.4267241379310345,0.14655172413793102,-0.5603448275862069,0.12931034482758622,-0.4956896551724138,0.11206896551724138,-0.41810344827586204
u,0.0,0.0,-0.1095890410958904,-0.1050228310502283,-0.1415525114155251,-0.2648401826484018,-0.045662100456621,-0.3881278538812785,0.0639269406392694,-0.45662100456621,-0.2009132420091324,-0.4840182648401826,-0.2054794520547945,-0.6712328767123288,-0.2054794520547945,-0.7853881278538812,-0.1963470319634703,-0.8904109589041096,-0.0867579908675799,-0.5114155251141552,-0.1232876712328767,-0.7442922374429224,-0.1324200913242009,-0.8812785388127854,-0.1324200913242009,-1.0,0.0228310502283105,-0.4840182648401826,0.0502283105022831,-0.6666666666666666,0.0182648401826484,-0.5525114155251142,-0.0045662100456621,-0.4611872146118721,0.1278538812785388,-0.4155251141552511,0.1278538812785388,-0.5159817351598174,0.0867579908675799,-0.4246575342465753,0.0593607305936073,-0.3470319634703196
u,0.0,0.0,-0.15207373271889402,-0.09216589861751152,-0.2350230414746544,-0.2672811059907834,-0.15668202764976957,-0.4055299539170507,-0.03225806451612903,-0.4608294930875576,-0.2350230414746544,-0.4976958525345622,-0.24423963133640553,-0.6912442396313364,-0.24423963133640553,-0.8018433179723502,-0.2350230414746544,-0.9078341013824884,-0.11981566820276497,-0.5253456221198156,-0.16129032258064516,-0.7603686635944701,-0.18433179723502305,-0.8847926267281107,-0.1935483870967742,-1.0,-0.009216589861751152,-0.4976958525345622,-0.009216589861751152,-0.7004608294930875,-0.05069124423963134,-0.5990783410138248,-0.07834101382488479,-0.5069124423963134,0.10138248847926268,-0.43317972350230416,0.055299539170506916,-0.5161290322580645,0.0,-0.4377880184331797,-0.027649769585253458,-0.3548387096774194
u,0.0,0.0,-0.16055045871559634,-0.06880733944954129,-0.24770642201834864,-0.23853211009174313,-0.16972477064220184,-0.3853211009174312,-0.05963302752293578,-0.4724770642201835,-0.26146788990825687,-0.48623853211009177,-0.2706422018348624,-0.6926605504587156,-0.2706422018348624,-0.8119266055045872,-0.2706422018348624,-0.9220183486238532,-0.14220183486238533,-0.5137614678899083,-0.16972477064220184,-0.7614678899082569,-0.18807339449541285,-0.8899082568807339,-0.2018348623853211,-1.0,-0.03211009174311927,-0.48623853211009177,-0.022935779816513763,-0.6972477064220184,-0.05963302752293578,-0.591743119266055,-0.0871559633027523,-0.4954128440366973,0.0779816513761468,-0.42201834862385323,0.05045871559633028,-0.5137614678899083,0.009174311926605505,-0.42201834862385323,-0.0045871559633027525,-0.3302752293577982
u,0.0,0.0,-0.16363636363636364,-0.06818181818181818,-0.25,-0.23636363636363636,-0.17727272727272728,-0.38636363636363635,-0.07272727272727272,-0.4772727272727273,-0.2590909090909091,-0.4863636363636364,-0.2772727272727273,-0.6909090909090909,-0.2772727272727273,-0.8045454545454546,-0.2772727272727273,-0.9136363636363637,-0.1409090909090909,-0.5136363636363637,-0.17272727272727273,-0.759090909090909,-0.19090909090909092,-0.8863636363636364,-0.20454545454545456,-1.0,-0.02727272727272727,-0.4863636363636364,-0.031818181818181815,-0.6954545454545454,-0.07272727272727272,-0.5818181818181818,-0.09545454545454546,-0.4818181818181818,0.08181818181818182,-0.42272727272727273,0.04090909090909091,-0.5181818181818182,0.0,-0.41818181818181815,-0.00909090909090909,-0.32272727272727275
u,0.0,0.0,-0.1590909090909091,-0.06363636363636363,-0.25,-0.22727272727272727,-0.17272727272727273,-0.37272727272727274,-0.06818181818181818,-0.4636363636363636,-0.2590909090909091,-0.4863636363636364,-0.2727272727272727,-0.6909090909090909,-0.2727272727272727,-0.8090909090909091,-0.2727272727272727,-0.9227272727272727,-0.1409090909090909,-0.509090909090909,-0.16818181818181818,-0.75,-0.19090909090909092,-0.8818181818181818,-0.21363636363636362,-1.0,-0.02727272727272727,-0.4818181818181818,-0.02727272727272727,-0.6909090909090909,-0.07727272727272727,-0.5863636363636363,-0.10454545454545454,-0.4954545454545455,0.08636363636363636,-0.41363636363636364,0.04090909090909091,-0.5136363636363637,-0.004545454545454545,-0.41363636363636364,-0.013636363636363636,-0.3181818181818182
u,0.0,0.0,-0.16666666666666666,-0.06756756756756757,-0.24774774774774774,-0.22972972972972974,-0.17117117117117117,-0.3738738738738739,-0.06306306306306306,-0.46396396396396394,-0.26126126126126126,-0.4864864864864865,-0.2747747747747748,-0.6936936936936937,-0.2747747747747748,-0.8108108108108109,-0.2747747747747748,-0.9234234234234234,-0.14414414414414414,-0.5135135135135135,-0.17567567567567569,-0.7522522522522522,-0.19369369369369369,-0.8828828828828829,-0.2072072072072072,-1.0,-0.03153153153153153,-0.481981981981982,-0.03153153153153153,-0.6891891891891891,-0.06756756756756757,-0.5765765765765766,-0.09009009009009009,-0.481981981981982,0.07657657657657657,-0.4144144144144144,0.04504504504504504,-0.5180180180180181,0.0045045045045045045,-0.4189189189189189,-0.0045045045045045045,-0.32432432432432434
u,0.0,0.0,-0.16591928251121077,-0.06726457399103139,-0.25112107623318386,-0.23318385650224216,-0.17040358744394618,-0.3811659192825112,-0.05829596412556054,-0.47085201793721976,-0.2600896860986547,-0.49327354260089684,-0.26905829596412556,-0.6995515695067265,-0.273542600896861,-0.8161434977578476,-0.26905829596412556,-0.9237668161434978,-0.13901345291479822,-0.515695067264574,-0.17040358744394618,-0.757847533632287,-0.18834080717488788,-0.8878923766816144,-0.19730941704035873,-1.0,-0.026905829596412557,-0.48878923766816146,-0.026905829596412557,-0.6905829596412556,-0.06278026905829596,-0.5695067264573991,-0.08071748878923767,-0.47085201793721976,0.08071748878923767,-0.4170403587443946,0.04932735426008968,-0.515695067264574,0.008968609865470852,-0.4170403587443946,0.0,-0.3273542600896861
u,0.0,0.0,-0.16371681415929204,-0.07079646017699115,-0.252212389380531,-0.23008849557522124,-0.17256637168141592,-0.3805309734513274,-0.061946902654867256,-0.4690265486725664,-0.2610619469026549,-0.49557522123893805,-0.2743362831858407,-0.6991150442477876,-0.26991150442477874,-0.8141592920353983,-0.26991150442477874,-0.9247787610619469,-0.14601769911504425,-0.5176991150442478,-0.17256637168141592,-0.7566371681415929,-0.1902654867256637,-0.8849557522123894,-0.20353982300884957,-1.0,-0.035398230088495575,-0.48672566371681414,-0.030973451327433628,-0.6946902654867256,-0.07079646017699115,-0.5796460176991151,-0.08849557522123894,-0.4823008849557522,0.0752212389380531,-0.415929203539823,0.04424778761061947,-0.5221238938053098,0.004424778761061947,-0.42920353982300885,-0.004424778761061947,-0.3407079646017699
u,0.0,0.0,-0.16517857142857142,-0.0625,-0.25,-0.21875,-0.16964285714285715,-0.36607142857142855,-0.06696428571428571,-0.45535714285714285,-0.26339285714285715,-0.48660714285714285,-0.2767857142857143,-0.6919642857142857,-0.2767857142857143,-0.8080357142857143,-0.2767857142857143,-0.9196428571428571,-0.14285714285714285,-0.5133928571428571,-0.17410714285714285,-0.7544642857142857,-0.19196428571428573,-0.8839285714285714,-0.20535714285714285,-1.0,-0.03125,-0.48214285714285715,-0.03571428571428571,-0.6875,-0.07142857142857142,-0.5714285714285714,-0.09375,-0.47767857142857145,0.07589285714285714,-0.41517857142857145,0.049107142857142856,-0.5223214285714286,0.008928571428571428,-0.42857142857142855,-0.004464285714285714,-0.33482142857142855
u,0.0,0.0,-0.16591928251121077,-0.06278026905829596,-0.24663677130044842,-0.2242152466367713,-0.17040358744394618,-0.37668161434977576,-0.05829596412556054,-0.4618834080717489,-0.2645739910313901,-0.49327354260089684,-0.27802690582959644,-0.6995515695067265,-0.27802690582959644,-0.8161434977578476,-0.27802690582959644,-0.9237668161434978,-0.14798206278026907,-0.515695067264574,-0.17937219730941703,-0.7533632286995515,-0.19282511210762332,-0.8834080717488789,-0.2062780269058296,-1.0,-0.03587443946188341,-0.48878923766816146,-0.03139013452914798,-0.695067264573991,-0.06726457399103139,-0.57847533632287,-0.08520179372197309,-0.484304932735426,0.07174887892376682,-0.42152466367713004,0.04932735426008968,-0.5336322869955157,0.013452914798206279,-0.4349775784753363,0.0,-0.3452914798206278
u,0.0,0.0,-0.16143497757847533,-0.06278026905829596,-0.24663677130044842,-0.21973094170403587,-0.15695067264573992,-0.36771300448430494,-0.04484304932735426,-0.452914798206278,-0.2556053811659193,-0.48878923766816146,-0.2645739910313901,-0.6905829596412556,-0.2600896860986547,-0.8116591928251121,-0.2600896860986547,-0.9192825112107623,-0.13452914798206278,-0.515695067264574,-0.16591928251121077,-0.7488789237668162,-0.18385650224215247,-0.8789237668161435,-0.19282511210762332,-1.0,-0.026905829596412557,-0.484304932735426,-0.02242152466367713,-0.6905829596412556,-0.053811659192825115,-0.5695067264573991,-0.07174887892376682,-0.4663677130044843,0.08520179372197309,-0.4125560538116592,0.05829596412556054,-0.5291479820627802,0.026905829596412557,-0.4349775784753363,0.013452914798206279,-0.3452914798206278
u,0.0,0.0,-0.16,-0.06666666666666667,-0.24,-0.22666666666666666,-0.15555555555555556,-0.37333333333333335,-0.044444444444444446,-0.4622222222222222,-0.25333333333333335,-0.4888888888888889,-0.26222222222222225,-0.6933333333333334,-0.26222222222222225,-0.8088888888888889,-0.2577777777777778,-0.92,-0.13333333333333333,-0.5111111111111111,-0.16444444444444445,-0.7511111111111111,-0.17777777777777778,-0.88,-0.18666666666666668,-1.0,-0.02666666666666667,-0.48444444444444446,-0.017777777777777778,-0.6888888888888889,-0.04888888888888889,-0.5688888888888889,-0.07111111111111111,-0.4711111111111111,0.08,-0.41333333333333333,0.057777777777777775,-0.5288888888888889,0.02666666666666667,-0.43555555555555553,0.013333333333333334,-0.3466666666666667
u,0.0,0.0,-0.15859030837004406,-0.07048458149779736,-0.23788546255506607,-0.23348017621145375,-0.15418502202643172,-0.3788546255506608,-0.048458149779735685,-0.46255506607929514,-0.24669603524229075,-0.4889867841409692,-0.2599118942731278,-0.6916299559471366,-0.2599118942731278,-0.8061674008810573,-0.2555066079295154,-0.9162995594713657,-0.13215859030837004,-0.5154185022026432,-0.15859030837004406,-0.7533039647577092,-0.16740088105726872,-0.8854625550660793,-0.17180616740088106,-1.0,-0.022026431718061675,-0.4889867841409692,-0.013215859030837005,-0.6872246696035242,-0.039647577092511016,-0.5726872246696035,-0.06167400881057269,-0.47577092511013214,0.08370044052863436,-0.4185022026431718,0.06607929515418502,-0.5198237885462555,0.02643171806167401,-0.42731277533039647,0.013215859030837005,-0.3436123348017621
u,0.0,0.0,-0.16371681415929204,-0.0752212389380531,-0.24336283185840707,-0.23008849557522124,-0.1592920353982301,-0.37610619469026546,-0.05752212389380531,-0.4690265486725664,-0.25663716814159293,-0.4911504424778761,-0.26991150442477874,-0.6991150442477876,-0.26991150442477874,-0.8141592920353983,-0.26991150442477874,-0.9247787610619469,-0.13716814159292035,-0.5176991150442478,-0.168141592920354,-0.7566371681415929,-0.18141592920353983,-0.8849557522123894,-0.19469026548672566,-1.0,-0.030973451327433628,-0.48672566371681414,-0.030973451327433628,-0.6902654867256637,-0.05752212389380531,-0.5707964601769911,-0.0752212389380531,-0.47345132743362833,0.0752212389380531,-0.415929203539823,0.048672566371681415,-0.5265486725663717,0.01327433628318584,-0.42920353982300885,0.004424778761061947,-0.3407079646017699
u,0.0,0.0,-0.16071428571428573,-0.0625,-0.24107142857142858,-0.22767857142857142,-0.15625,-0.3794642857142857,-0.044642857142857144,-0.45982142857142855,-0.25,-0.49107142857142855,-0.26339285714285715,-0.6919642857142857,-0.25892857142857145,-0.8125,-0.25892857142857145,-0.9196428571428571,-0.13392857142857142,-0.5178571428571429,-0.16517857142857142,-0.75,-0.17857142857142858,-0.8839285714285714,-0.1875,-1.0,-0.022321428571428572,-0.48660714285714285,-0.013392857142857142,-0.6919642857142857,-0.044642857142857144,-0.5669642857142857,-0.06696428571428571,-0.46875,0.08482142857142858,-0.41964285714285715,0.0625,-0.5267857142857143,0.026785714285714284,-0.42857142857142855,0.017857142857142856,-0.34375
u,0.0,0.0,-0.15859030837004406,-0.07048458149779736,-0.2422907488986784,-0.22026431718061673,-0.16299559471365638,-0.3700440528634361,-0.05726872246696035,-0.4581497797356828,-0.2555066079295154,-0.4845814977973568,-0.2687224669603524,-0.6916299559471366,-0.2687224669603524,-0.8105726872246696,-0.2643171806167401,-0.920704845814978,-0.13656387665198239,-0.5110132158590308,-0.16740088105726872,-0.7533039647577092,-0.18061674008810572,-0.8854625550660793,-0.1894273127753304,-1.0,-0.02643171806167401,-0.4845814977973568,-0.02643171806167401,-0.6828193832599119,-0.05286343612334802,-0.5638766519823789,-0.07048458149779736,-0.4669603524229075,0.07929515418502203,-0.41409691629955947,0.05726872246696035,-0.5286343612334802,0.02643171806167401,-0.43612334801762115,0.013215859030837005,-0.34801762114537443
u,0.0,0.0,-0.16,-0.07111111111111111,-0.24444444444444444,-0.22666666666666666,-0.16,-0.36444444444444446,-0.04888888888888889,-0.4533333333333333,-0.25333333333333335,-0.48444444444444446,-0.26666666666666666,-0.6888888888888889,-0.26666666666666666,-0.8088888888888889,-0.26222222222222225,-0.9244444444444444,-0.13333333333333333,-0.5111111111111111,-0.1688888888888889,-0.7511111111111111,-0.18222222222222223,-0.88,-0.19555555555555557,-1.0,-0.022222222222222223,-0.48444444444444446,-0.017777777777777778,-0.6888888888888889,-0.044444444444444446,-0.5644444444444444,-0.06222222222222222,-0.4666666666666667,0.08444444444444445,-0.41333333333333333,0.057777777777777775,-0.5244444444444445,0.02666666666666667,-0.4266666666666667,0.013333333333333334,-0.3377777777777778
u,0.0,0.0,-0.16,-0.07111111111111111,-0.24,-0.22666666666666666,-0.15555555555555556,-0.37333333333333335,-0.04888888888888889,-0.4622222222222222,-0.24888888888888888,-0.4888888888888889,-0.26222222222222225,-0.6933333333333334,-0.26666666666666666,-0.8133333333333334,-0.26222222222222225,-0.9244444444444444,-0.13333333333333333,-0.5155555555555555,-0.16444444444444445,-0.7511111111111111,-0.17777777777777778,-0.8844444444444445,-0.19111111111111112,-1.0,-0.022222222222222223,-0.48444444444444446,-0.013333333333333334,-0.6844444444444444,-0.044444444444444446,-0.5688888888888889,-0.06222222222222222,-0.4711111111111111,0.08444444444444445,-0.4177777777777778,0.057777777777777775,-0.5244444444444445,0.022222222222222223,-0.4311111111111111,0.008888888888888889,-0.3422222222222222
u,0.0,0.0,-0.16371681415929204,-0.07079646017699115,-0.24336283185840707,-0.22123893805309736,-0.168141592920354,-0.3672566371681416,-0.05752212389380531,-0.4557522123893805,-0.25663716814159293,-0.4823008849557522,-0.26991150442477874,-0.6902654867256637,-0.2743362831858407,-0.8097345132743363,-0.26991150442477874,-0.9247787610619469,-0.1415929203539823,-0.5088495575221239,-0.17256637168141592,-0.7477876106194691,-0.18584070796460178,-0.8805309734513275,-0.19911504424778761,-1.0,-0.030973451327433628,-0.4823008849557522,-0.02654867256637168,-0.6814159292035398,-0.05309734513274336,-0.5619469026548672,-0.07079646017699115,-0.4690265486725664,0.0752212389380531,-0.41150442477876104,0.05309734513274336,-0.5265486725663717,0.017699115044247787,-0.4336283185840708,0.0,-0.34513274336283184
v,0.0,0.0,-0.16243654822335024,-0.01015228426395939,-0.26903553299492383,-0.1218274111675127,-0.20812182741116753,-0.24873096446700507,-0.1065989847715736,-0.3553299492385787,-0.3299492385786802,-0.4365482233502538,-0.4517766497461929,-0.6091370558375635,-0.5279187817258884,-0.7208121827411168,-0.583756345177665,-0.817258883248731,-0.19289340101522842,-0.47715736040609136,-0.19796954314720813,-0.7106598984771574,-0.19796954314720813,-0.868020304568528,-0.19289340101522842,-1.0,-0.07614213197969544,-0.4467005076142132,-0.06598984771573604,-0.6091370558375635,-0.1116751269035533,-0.48223350253807107,-0.1319796954314721,-0.38071065989847713,0.04060913705583756,-0.38071065989847713,0.01015228426395939,-0.43147208121827413,-0.030456852791878174,-0.3147208121827411,-0.04568527918781726,-0.2182741116751269
v,0.0,0.0,-0.15625,0.015625,-0.2708333333333333,-0.08333333333333333,-0.21354166666666666,-0.22395833333333334,-0.11458333333333333,-0.3489583333333333,-0.390625,-0.4114583333333333,-0.5364583333333334,-0.5833333333333334,-0.6302083333333334,-0.6875,-0.6875,-0.78125,-0.2552083333333333,-0.4739583333333333,-0.3072916666666667,-0.7135416666666666,-0.3333333333333333,-0.8645833333333334,-0.3489583333333333,-1.0,-0.125,-0.4635416666666667,-0.13020833333333334,-0.6354166666666666,-0.140625,-0.4895833333333333,-0.14583333333333334,-0.3802083333333333,0.005208333333333333,-0.40625,-0.015625,-0.46875,-0.026041666666666668,-0.34375,-0.026041666666666668,-0.23958333333333334
v,0.0,0.0,-0.15816326530612246,0.0,-0.2602040816326531,-0.10714285714285714,-0.1989795918367347,-0.23979591836734693,-0.10204081632653061,-0.3520408163265306,-0.35714285714285715,-0.42857142857142855,-0.49489795918367346,-0.5969387755102041,-0.5714285714285714,-0.7040816326530612,-0.6275510204081632,-0.8061224489795918,-0.22448979591836735,-0.4846938775510204,-0.2755102040816326,-0.7244897959183674,-0.29081632653061223,-0.8673469387755102,-0.29591836734693877,-1.0,-0.09693877551020408,-0.46938775510204084,-0.09183673469387756,-0.6377551020408163,-0.10714285714285714,-0.5,-0.11734693877551021,-0.3979591836734694,0.025510204081632654,-0.40816326530612246,0.0,-0.4387755102040816,-0.01020408163265306,-0.32142857142857145,-0.01020408163265306,-0.23469387755102042
v,0.0,0.0,-0.1497584541062802,-0.03864734299516908,-0.22705314009661837,-0.1642512077294686,-0.13526570048309178,-0.28502415458937197,-0.024154589371980676,-0.3671497584541063,-0.2608695652173913,-0.463768115942029,-0.36231884057971014,-0.6473429951690821,-0.42028985507246375,-0.7681159420289855,-0.45893719806763283,-0.8647342995169082,-0.12560386473429952,-0.4927536231884058,-0.13043478260869565,-0.7294685990338164,-0.12560386473429952,-0.8743961352657005,-0.11594202898550725,-1.0,-0.00966183574879227,-0.45893719806763283,0.01932367149758454,-0.6231884057971014,-0.01932367149758454,-0.5024154589371981,-0.043478260869565216,-0.40096618357487923,0.09178743961352658,-0.37681159420289856,0.07729468599033816,-0.42995169082125606,0.04830917874396135,-0.3333333333333333,0.043478260869565216,-0.25120772946859904
v,0.0,0.0,-0.14354066985645933,-0.05263157894736842,-0.21052631578947367,-0.18660287081339713,-0.11004784688995216,-0.291866028708134,0.0,-0.37320574162679426,-0.22488038277511962,-0.48325358851674644,-0.31100478468899523,-0.6650717703349283,-0.35406698564593303,-0.7799043062200957,-0.3827751196172249,-0.8803827751196173,-0.09090909090909091,-0.5023923444976076,-0.07655502392344497,-0.7368421052631579,-0.05741626794258373,-0.8755980861244019,-0.03349282296650718,-1.0,0.023923444976076555,-0.45933014354066987,0.06220095693779904,-0.6172248803827751,0.023923444976076555,-0.49760765550239233,0.0,-0.39712918660287083,0.12440191387559808,-0.3684210526315789,0.12440191387559808,-0.430622009569378,0.0861244019138756,-0.3349282296650718,0.06698564593301436,-0.2535885167464115
v,0.0,0.0,-0.14622641509433962,-0.05660377358490566,-0.20754716981132076,-0.19339622641509435,-0.10377358490566038,-0.29245283018867924,0.018867924528301886,-0.36792452830188677,-0.2028301886792453,-0.49056603773584906,-0.27358490566037735,-0.6745283018867925,-0.3113207547169811,-0.7924528301886793,-0.330188679245283,-0.8962264150943396,-0.0660377358490566,-0.5047169811320755,-0.03773584905660377,-0.7405660377358491,-0.0047169811320754715,-0.8820754716981132,0.02830188679245283,-1.0,0.04716981132075472,-0.4528301886792453,0.08962264150943396,-0.6132075471698113,0.04245283018867924,-0.49056603773584906,0.014150943396226415,-0.3915094339622642,0.14150943396226415,-0.3584905660377358,0.14150943396226415,-0.4339622641509434,0.09905660377358491,-0.33490566037735847,0.07547169811320754,-0.25
v,0.0,0.0,-0.14761904761904762,-0.06190476190476191,-0.20476190476190476,-0.2,-0.09047619047619047,-0.3047619047619048,0.03333333333333333,-0.3761904761904762,-0.19047619047619047,-0.5,-0.2619047619047619,-0.6904761904761905,-0.29523809523809524,-0.8142857142857143,-0.3142857142857143,-0.9142857142857143,-0.05238095238095238,-0.5095238095238095,-0.01904761904761905,-0.7428571428571429,0.009523809523809525,-0.8809523809523809,0.047619047619047616,-1.0,0.06190476190476191,-0.45714285714285713,0.11428571428571428,-0.6190476190476191,0.05714285714285714,-0.49523809523809526,0.023809523809523808,-0.4,0.1523809523809524,-0.35714285714285715,0.1523809523809524,-0.43333333333333335,0.10476190476190476,-0.3380952380952381,0.08095238095238096,-0.2523809523809524
v,0.0,0.0,-0.14218009478672985,-0.061611374407582936,-0.1990521327014218,-0.2132701421800948,-0.07582938388625593,-0.3127962085308057,0.052132701421800945,-0.38388625592417064,-0.17535545023696683,-0.5071090047393365,-0.23696682464454977,-0.6966824644549763,-0.27014218009478674,-0.8199052132701422,-0.2843601895734597,-0.9241706161137441,-0.03317535545023697,-0.5165876777251185,0.004739336492890996,-0.7488151658767772,0.04265402843601896,-0.8862559241706162,0.08056872037914692,-1.0,0.07582938388625593,-0.4597156398104265,0.12796208530805686,-0.6208530805687204,0.06635071090047394,-0.4976303317535545,0.03317535545023697,-0.4028436018957346,0.16587677725118483,-0.35545023696682465,0.16587677725118483,-0.44075829383886256,0.11374407582938388,-0.3459715639810427,0.08530805687203792,-0.26066350710900477
v,0.0,0.0,-0.14218009478672985,-0.07109004739336493,-0.1895734597156398,-0.22274881516587677,-0.07582938388625593,-0.3222748815165877,0.04739336492890995,-0.3886255924170616,-0.17061611374407584,-0.5118483412322274,-0.22274881516587677,-0.7061611374407583,-0.25118483412322273,-0.8293838862559242,-0.26540284360189575,-0.9289099526066351,-0.02843601895734597,-0.5165876777251185,0.023696682464454975,-0.7488151658767772,0.05687203791469194,-0.8862559241706162,0.0947867298578199,-1.0,0.08056872037914692,-0.4597156398104265,0.14218009478672985,-0.6161137440758294,0.07582938388625593,-0.5023696682464455,0.02843601895734597,-0.4075829383886256,0.17061611374407584,-0.35545023696682465,0.17535545023696683,-0.43601895734597157,0.11848341232227488,-0.3459715639810427,0.08530805687203792,-0.26066350710900477
v,0.0,0.0,-0.14691943127962084,-0.07582938388625593,-0.1943127962085308,-0.21800947867298578,-0.07582938388625593,-0.3222748815165877,0.04739336492890995,-0.3886255924170616,-0.16587677725118483,-0.5165876777251185,-0.21800947867298578,-0.7109004739336493,-0.24644549763033174,-0.8341232227488151,-0.26066350710900477,-0.933649289099526,-0.023696682464454975,-0.5213270142180095,0.02843601895734597,-0.7488151658767772,0.061611374407582936,-0.8909952606635071,0.0995260663507109,-1.0,0.08530805687203792,-0.4597156398104265,0.15165876777251186,-0.6208530805687204,0.08056872037914692,-0.5118483412322274,0.02843601895734597,-0.4218009478672986,0.17061611374407584,-0.36018957345971564,0.18009478672985782,-0.44075829383886256,0.11848341232227488,-0.35071090047393366,0.08530805687203792,-0.26540284360189575
v,0.0,0.0,-0.14553990610328638,-0.07511737089201878,-0.19248826291079812,-0.22535211267605634,-0.07042253521126761,-0.3286384976525822,0.056338028169014086,-0.39436619718309857,-0.1643192488262911,-0.5164319248826291,-0.22065727699530516,-0.7089201877934272,-0.24413145539906103,-0.8309859154929577,-0.25821596244131456,-0.9389671361502347,-0.023474178403755867,-0.5211267605633803,0.028169014084507043,-0.7511737089201878,0.06103286384976526,-0.8873239436619719,0.09859154929577464,-1.0,0.07981220657276995,-0.4647887323943662,0.15023474178403756,-0.6244131455399061,0.07981220657276995,-0.5164319248826291,0.028169014084507043,-0.4225352112676056,0.16901408450704225,-0.36619718309859156,0.17370892018779344,-0.4413145539906103,0.11737089201877934,-0.3568075117370892,0.0892018779342723,-0.27230046948356806
v,0.0,0.0,-0.14218009478672985,-0.07582938388625593,-0.1895734597156398,-0.22748815165876776,-0.06635071090047394,-0.32701421800947866,0.061611374407582936,-0.3886255924170616,-0.16587677725118483,-0.5118483412322274,-0.2132701421800948,-0.7061611374407583,-0.24170616113744076,-0.8246445497630331,-0.25118483412322273,-0.9289099526066351,-0.018957345971563982,-0.5165876777251185,0.03317535545023697,-0.7488151658767772,0.06635071090047394,-0.8862559241706162,0.0995260663507109,-1.0,0.09004739336492891,-0.4597156398104265,0.16113744075829384,-0.6208530805687204,0.08530805687203792,-0.5071090047393365,0.03317535545023697,-0.41232227488151657,0.18009478672985782,-0.36492890995260663,0.18009478672985782,-0.4312796208530806,0.11848341232227488,-0.3459715639810427,0.09004739336492891,-0.26540284360189575
v,0.0,0.0,-0.14218009478672985,-0.07109004739336493,-0.1895734597156398,-0.22274881516587677,-0.06635071090047394,-0.32701421800947866,0.061611374407582936,-0.3886255924170616,-0.16113744075829384,-0.5118483412322274,-0.2132701421800948,-0.7061611374407583,-0.24170616113744076,-0.8293838862559242,-0.2559241706161137,-0.933649289099526,-0.018957345971563982,-0.5165876777251185,0.02843601895734597,-0.7488151658767772,0.061611374407582936,-0.8862559241706162,0.0995260663507109,-1.0,0.09004739336492891,-0.4597156398104265,0.15639810426540285,-0.6208530805687204,0.08056872037914692,-0.5118483412322274,0.02843601895734597,-0.4218009478672986,0.18009478672985782,-0.36018957345971564,0.18009478672985782,-0.44075829383886256,0.12322274881516587,-0.35071090047393366,0.0947867298578199,-0.27014218009478674
v,0.0,0.0,-0.14084507042253522,-0.07511737089201878,-0.18779342723004694,-0.22535211267605634,-0.07042253521126761,-0.3286384976525822,0.056338028169014086,-0.39436619718309857,-0.1643192488262911,-0.5164319248826291,-0.22065727699530516,-0.7089201877934272,-0.24882629107981222,-0.8309859154929577,-0.26291079812206575,-0.9389671361502347,-0.028169014084507043,-0.5211267605633803,0.023474178403755867,-0.7511737089201878,0.056338028169014086,-0.8873239436619719,0.0892018779342723,-1.0,0.07981220657276995,-0.4647887323943662,0.14553990610328638,-0.6244131455399061,0.07981220657276995,-0.5070422535211268,0.03286384976525822,-0.4131455399061033,0.16901408450704225,-0.36619718309859156,0.16901408450704225,-0.4413145539906103,0.11267605633802817,-0.3474178403755869,0.0892018779342723,-0.26291079812206575
v,0.0,0.0,-0.14218009478672985,-0.07582938388625593,-0.1895734597156398,-0.22274881516587677,-0.06635071090047394,-0.3222748815165877,0.061611374407582936,-0.3886255924170616,-0.17061611374407584,-0.5118483412322274,-0.22274881516587677,-0.7061611374407583,-0.25118483412322273,-0.8246445497630331,-0.26540284360189575,-0.933649289099526,-0.02843601895734597,-0.5213270142180095,0.018957345971563982,-0.7488151658767772,0.052132701421800945,-0.8862559241706162,0.08530805687203792,-1.0,0.08056872037914692,-0.4597156398104265,0.14691943127962084,-0.6208530805687204,0.08056872037914692,-0.5118483412322274,0.03317535545023697,-0.41706161137440756,0.16587677725118483,-0.36018957345971564,0.17061611374407584,-0.4312796208530806,0.11848341232227488,-0.3459715639810427,0.09004739336492891,-0.27014218009478674
v,0.0,0.0,-0.14084507042253522,-0.07042253521126761,-0.18309859154929578,-0.22065727699530516,-0.06103286384976526,-0.323943661971831,0.06572769953051644,-0.38967136150234744,-0.16901408450704225,-0.5070422535211268,-0.22065727699530516,-0.704225352112676,-0.24413145539906103,-0.8215962441314554,-0.25821596244131456,-0.9248826291079812,-0.028169014084507043,-0.5164319248826291,0.014084507042253521,-0.7511737089201878,0.04225352112676056,-0.8873239436619719,0.07042253521126761,-1.0,0.08450704225352113,-0.4647887323943662,0.14553990610328638,-0.6338028169014085,0.07981220657276995,-0.5164319248826291,0.03755868544600939,-0.4225352112676056,0.17370892018779344,-0.36619718309859156,0.17370892018779344,-0.4460093896713615,0.12206572769953052,-0.3568075117370892,0.09389671361502347,-0.27699530516431925
v,0.0,0.0,-0.1380952380952381,-0.06666666666666667,-0.18095238095238095,-0.20952380952380953,-0.05714285714285714,-0.30952380952380953,0.07142857142857142,-0.37142857142857144,-0.17142857142857143,-0.5,-0.21904761904761905,-0.6952380952380952,-0.24285714285714285,-0.8142857142857143,-0.2571428571428571,-0.919047619047619,-0.02857142857142857,-0.5142857142857142,0.004761904761904762,-0.7476190476190476,0.02857142857142857,-0.8857142857142857,0.05714285714285714,-1.0,0.08571428571428572,-0.46190476190476193,0.14761904761904762,-0.638095238095238,0.09047619047619047,-0.5333333333333333,0.04285714285714286,-0.44285714285714284,0.1761904761904762,-0.3619047619047619,0.18571428571428572,-0.44761904761904764,0.1380952380952381,-0.3619047619047619,0.10952380952380952,-0.28095238095238095
v,0.0,0.0,-0.13679245283018868,-0.07075471698113207,-0.17452830188679244,-0.20754716981132076,-0.05188679245283019,-0.30660377358490565,0.08018867924528301,-0.37264150943396224,-0.1650943396226415,-0.49056603773584906,-0.2169811320754717,-0.6839622641509434,-0.24056603773584906,-0.8018867924528302,-0.25471698113207547,-0.9056603773584906,-0.02830188679245283,-0.5047169811320755,-0.009433962264150943,-0.7405660377358491,0.018867924528301886,-0.8820754716981132,0.04245283018867924,-1.0,0.08018867924528301,-0.4528301886792453,0.14622641509433962,-0.6367924528301887,0.10849056603773585,-0.5660377358490566,0.07075471698113207,-0.49056603773584906,0.17452830188679244,-0.35377358490566035,0.19339622641509435,-0.45754716981132076,0.14622641509433962,-0.38207547169811323,0.10377358490566038,-0.3018867924528302
v,0.0,0.0,-0.13145539906103287,-0.07511737089201878,-0.16901408450704225,-0.22065727699530516,-0.03755868544600939,-0.3192488262910798,0.09389671361502347,-0.38967136150234744,-0.1643192488262911,-0.5023474178403756,-0.2112676056338028,-0.6901408450704225,-0.23943661971830985,-0.8028169014084507,-0.25821596244131456,-0.9061032863849765,-0.028169014084507043,-0.5164319248826291,-0.004694835680751174,-0.7464788732394366,0.023474178403755867,-0.8873239436619719,0.046948356807511735,-1.0,0.07981220657276995,-0.4647887323943662,0.15492957746478872,-0.6431924882629108,0.1267605633802817,-0.5774647887323944,0.09389671361502347,-0.5117370892018779,0.16901408450704225,-0.36619718309859156,0.19718309859154928,-0.460093896713615,0.15023474178403756,-0.38967136150234744,0.107981220657277,-0.30985915492957744
v,0.0,0.0,-0.13679245283018868,-0.06132075471698113,-0.18396226415094338,-0.20754716981132076,-0.05660377358490566,-0.30660377358490565,0.07547169811320754,-0.38207547169811323,-0.17452830188679244,-0.49528301886792453,-0.2358490566037736,-0.6792452830188679,-0.2641509433962264,-0.8018867924528302,-0.2783018867924528,-0.910377358490566,-0.03773584905660377,-0.5047169811320755,-0.0330188679245283,-0.7358490566037735,-0.009433962264150943,-0.8726415094339622,0.009433962264150943,-1.0,0.07075471698113207,-0.45754716981132076,0.10849056603773585,-0.5801886792452831,0.13679245283018868,-0.6273584905660378,0.16981132075471697,-0.6886792452830188,0.16981132075471697,-0.36792452830188677,0.16981132075471697,-0.4528301886792453,0.12264150943396226,-0.38207547169811323,0.08018867924528301,-0.3113207547169811
w,0.0,0.0,-0.11196911196911197,-0.0888030888030888,-0.13513513513513514,-0.23938223938223938,-0.04247104247104247,-0.3359073359073359,0.06177606177606178,-0.4015444015444015,-0.1583011583011583,-0.5173745173745173,-0.20077220077220076,-0.694980694980695,-0.2277992277992278,-0.7992277992277992,-0.2471042471042471,-0.8957528957528957,-0.03861003861003861,-0.5482625482625483,-0.04633204633204633,-0.7644787644787645,-0.05019305019305019,-0.8841698841698842,-0.04633204633204633,-1.0,0.06563706563706563,-0.5173745173745173,0.11583011583011583,-0.6911196911196911,0.14285714285714285,-0.7915057915057915,0.16988416988416988,-0.9034749034749034,0.1583011583011583,-0.4362934362934363,0.138996138996139,-0.4942084942084942,0.08108108108108109,-0.42084942084942084,0.03474903474903475,-0.35135135135135137
w,0.0,0.0,-0.14285714285714285,-0.04081632653061224,-0.21224489795918366,-0.17551020408163265,-0.12244897959183673,-0.27346938775510204,-0.004081632653061225,-0.34285714285714286,-0.24081632653061225,-0.46122448979591835,-0.3142857142857143,-0.6489795918367347,-0.34285714285714286,-0.763265306122449,-0.37142857142857144,-0.8775510204081632,-0.11428571428571428,-0.5061224489795918,-0.12653061224489795,-0.7387755102040816,-0.1306122448979592,-0.8693877551020408,-0.13877551020408163,-1.0,0.004081632653061225,-0.4816326530612245,0.036734693877551024,-0.6571428571428571,0.061224489795918366,-0.7795918367346939,0.08163265306122448,-0.9061224489795918,0.10612244897959183,-0.40408163265306124,0.08571428571428572,-0.4530612244897959,0.04897959183673469,-0.363265306122449,0.0326530612244898,-0.27755102040816326
w,0.0,0.0,-0.1522633744855967,-0.01646090534979424,-0.26337448559670784,-0.13991769547325103,-0.19753086419753085,-0.26337448559670784,-0.0823045267489712,-0.35802469135802467,-0.2880658436213992,-0.45267489711934156,-0.3662551440329218,-0.6419753086419753,-0.40329218106995884,-0.757201646090535,-0.43621399176954734,-0.8683127572016461,-0.16049382716049382,-0.49794238683127573,-0.1934156378600823,-0.7242798353909465,-0.205761316872428,-0.8641975308641975,-0.2222222222222222,-1.0,-0.0411522633744856,-0.48148148148148145,-0.024691358024691357,-0.6502057613168725,-0.012345679012345678,-0.7736625514403292,0.0,-0.897119341563786,0.06995884773662552,-0.4074074074074074,0.024691358024691357,-0.46502057613168724,-0.00823045267489712,-0.3662551440329218,-0.012345679012345678,-0.2674897119341564
w,0.0,0.0,-0.15384615384615385,-0.020242914979757085,-0.26720647773279355,-0.145748987854251,-0.20242914979757085,-0.26720647773279355,-0.08906882591093117,-0.3643724696356275,-0.29554655870445345,-0.4534412955465587,-0.38461538461538464,-0.6396761133603239,-0.42105263157894735,-0.757085020242915,-0.4534412955465587,-0.8704453441295547,-0.1700404858299595,-0.5020242914979757,-0.20647773279352227,-0.728744939271255,-0.22672064777327935,-0.8663967611336032,-0.24696356275303644,-1.0,-0.05263157894736842,-0.4817813765182186,-0.04048582995951417,-0.6518218623481782,-0.03643724696356275,-0.7732793522267206,-0.02834008097165992,-0.902834008097166,0.05668016194331984,-0.41295546558704455,0.012145748987854251,-0.4777327935222672,-0.020242914979757085,-0.3765182186234818,-0.02834008097165992,-0.2793522267206478
w,0.0,0.0,-0.1446280991735537,-0.03305785123966942,-0.23140495867768596,-0.15702479338842976,-0.16115702479338842,-0.2644628099173554,-0.049586776859504134,-0.3512396694214876,-0.2727272727272727,-0.45454545454545453,-0.3512396694214876,-0.6487603305785123,-0.3925619834710744,-0.7644628099173554,-0.4256198347107438,-0.8760330578512396,-0.1487603305785124,-0.49586776859504134,-0.1859504132231405,-0.7231404958677686,-0.19834710743801653,-0.8636363636363636,-0.21074380165289255,-1.0,-0.024793388429752067,-0.47520661157024796,-0.012396694214876033,-0.6487603305785123,-0.004132231404958678,-0.7768595041322314,0.008264462809917356,-0.9132231404958677,0.08677685950413223,-0.39669421487603307,0.045454545454545456,-0.4462809917355372,0.012396694214876033,-0.3512396694214876,0.008264462809917356,-0.2603305785123967
w,0.0,0.0,-0.132,-0.048,-0.192,-0.192,-0.1,-0.296,0.028,-0.364,-0.224,-0.468,-0.292,-0.66,-0.32,-0.776,-0.344,-0.888,-0.1,-0.508,-0.116,-0.74,-0.12,-0.872,-0.128,-1.0,0.012,-0.484,0.04,-0.648,0.064,-0.772,0.088,-0.908,0.108,-0.404,0.096,-0.468,0.056,-0.38,0.036,-0.288
w,0.0,0.0,-0.12698412698412698,-0.05555555555555555,-0.1865079365079365,-0.1984126984126984,-0.0873015873015873,-0.3134920634920635,0.04365079365079365,-0.3968253968253968,-0.20634920634920634,-0.48412698412698413,-0.2698412698412698,-0.6666666666666666,-0.2976190476190476,-0.7817460317460317,-0.3253968253968254,-0.9007936507936508,-0.08333333333333333,-0.5277777777777778,-0.10317460317460317,-0.746031746031746,-0.10317460317460317,-0.8690476190476191,-0.1111111111111111,-1.0,0.027777777777777776,-0.503968253968254,0.051587301587301584,-0.6666666666666666,0.07936507936507936,-0.7777777777777778,0.10317460317460317,-0.9007936507936508,0.12301587301587301,-0.43253968253968256,0.1111111111111111,-0.5079365079365079,0.07539682539682539,-0.42063492063492064,0.05555555555555555,-0.3373015873015873
w,0.0,0.0,-0.12648221343873517,-0.05138339920948617,-0.1857707509881423,-0.18972332015810275,-0.08695652173913043,-0.30434782608695654,0.04743083003952569,-0.391304347826087,-0.20553359683794467,-0.4743083003952569,-0.26877470355731226,-0.6561264822134387,-0.2964426877470356,-0.7707509881422925,-0.3201581027667984,-0.8893280632411067,-0.08300395256916997,-0.5217391304347826,-0.10276679841897234,-0.7430830039525692,-0.1067193675889328,-0.8695652173913043,-0.11462450592885376,-1.0,0.02766798418972332,-0.5019762845849802,0.05533596837944664,-0.6640316205533597,0.07905138339920949,-0.7747035573122529,0.1067193675889328,-0.9011857707509882,0.1225296442687747,-0.4308300395256917,0.11067193675889328,-0.5098814229249012,0.08300395256916997,-0.42292490118577075,0.06719367588932806,-0.3359683794466403
w,0.0,0.0,-0.12992125984251968,-0.051181102362204724,-0.1889763779527559,-0.18503937007874016,-0.09055118110236221,-0.3031496062992126,0.04330708661417323,-0.3937007874015748,-0.20866141732283464,-0.4763779527559055,-0.27165354330708663,-0.65748031496063,-0.3031496062992126,-0.7716535433070866,-0.33070866141732286,-0.889763779527559,-0.08661417322834646,-0.5236220472440944,-0.11023622047244094,-0.7440944881889764,-0.11811023622047244,-0.8700787401574803,-0.1220472440944882,-1.0,0.023622047244094488,-0.5039370078740157,0.047244094488188976,-0.6653543307086615,0.07480314960629922,-0.7716535433070866,0.0984251968503937,-0.8976377952755905,0.11811023622047244,-0.4330708661417323,0.1062992125984252,-0.5078740157480315,0.07874015748031496,-0.41732283464566927,0.06299212598425197,-0.33070866141732286
w,0.0,0.0,-0.12598425196850394,-0.051181102362204724,-0.18503937007874016,-0.19291338582677164,-0.08661417322834646,-0.30708661417322836,0.047244094488188976,-0.38976377952755903,-0.2047244094488189,-0.4763779527559055,-0.2677165354330709,-0.6614173228346457,-0.2952755905511811,-0.7716535433070866,-0.3188976377952756,-0.8858267716535433,-0.08267716535433071,-0.515748031496063,-0.1062992125984252,-0.7440944881889764,-0.11023622047244094,-0.8661417322834646,-0.1141732283464567,-1.0,0.027559055118110236,-0.49606299212598426,0.051181102362204724,-0.6692913385826772,0.07874015748031496,-0.7795275590551181,0.11023622047244094,-0.9094488188976378,0.1220472440944882,-0.421259842519685,0.1141732283464567,-0.5196850393700787,0.08661417322834646,-0.42913385826771655,0.07086614173228346,-0.3425196850393701
w,0.0,0.0,-0.12549019607843137,-0.050980392156862744,-0.1843137254901961,-0.1803921568627451,-0.09019607843137255,-0.2980392156862745,0.03529411764705882,-0.39215686274509803,-0.21176470588235294,-0.47843137254901963,-0.2784313725490196,-0.6588235294117647,-0.3058823529411765,-0.7725490196078432,-0.3333333333333333,-0.8862745098039215,-0.09019607843137255,-0.5215686274509804,-0.11372549019607843,-0.7450980392156863,-0.11764705882352941,-0.8666666666666667,-0.12156862745098039,-1.0,0.0196078431372549,-0.5058823529411764,0.043137254901960784,-0.6627450980392157,0.07450980392156863,-0.7725490196078432,0.10196078431372549,-0.8980392156862745,0.11372549019607843,-0.43529411764705883,0.10588235294117647,-0.5137254901960784,0.0784313725490196,-0.4235294117647059,0.06274509803921569,-0.3333333333333333
w,0.0,0.0,-0.12648221343873517,-0.05138339920948617,-0.18181818181818182,-0.1857707509881423,-0.08300395256916997,-0.30039525691699603,0.043478260869565216,-0.3952569169960474,-0.20948616600790515,-0.4743083003952569,-0.2727272727272727,-0.6521739130434783,-0.30434782608695654,-0.766798418972332,-0.33201581027667987,-0.8853754940711462,-0.08695652173913043,-0.5177865612648221,-0.1067193675889328,-0.7391304347826086,-0.11462450592885376,-0.8656126482213439,-0.11857707509881422,-1.0,0.023715415019762844,-0.5019762845849802,0.05138339920948617,-0.6600790513833992,0.07905138339920949,-0.7707509881422925,0.1067193675889328,-0.8972332015810277,0.11857707509881422,-0.4308300395256917,0.1067193675889328,-0.5059288537549407,0.07509881422924901,-0.4189723320158103,0.05533596837944664,-0.33201581027667987
w,0.0,0.0,-0.12156862745098039,-0.054901960784313725,-0.17647058823529413,-0.19215686274509805,-0.07450980392156863,-0.30980392156862746,0.050980392156862744,-0.4,-0.20392156862745098,-0.47843137254901963,-0.27058823529411763,-0.6588235294117647,-0.2980392156862745,-0.7725490196078432,-0.3254901960784314,-0.8901960784313725,-0.08627450980392157,-0.5215686274509804,-0.10588235294117647,-0.7450980392156863,-0.10980392156862745,-0.8705882352941177,-0.11764705882352941,-1.0,0.023529411764705882,-0.5019607843137255,0.054901960784313725,-0.6627450980392157,0.08235294117647059,-0.7725490196078432,0.10588235294117647,-0.8980392156862745,0.11764705882352941,-0.43137254901960786,0.10980392156862745,-0.5137254901960784,0.0784313725490196,-0.42745098039215684,0.06274509803921569,-0.3411764705882353
w,0.0,0.0,-0.1220472440944882,-0.047244094488188976,-0.18503937007874016,-0.18110236220472442,-0.09055118110236221,-0.2992125984251969,0.03937007874015748,-0.3937007874015748,-0.2125984251968504,-0.4763779527559055,-0.2755905511811024,-0.65748031496063,-0.30708661417322836,-0.7716535433070866,-0.3346456692913386,-0.889763779527559,-0.09055118110236221,-0.5236220472440944,-0.1141732283464567,-0.7440944881889764,-0.11811023622047244,-0.8700787401574803,-0.12598425196850394,-1.0,0.01968503937007874,-0.5039370078740157,0.047244094488188976,-0.6653543307086615,0.07480314960629922,-0.7716535433070866,0.1062992125984252,-0.8976377952755905,0.1141732283464567,-0.4330708661417323,0.1062992125984252,-0.515748031496063,0.07480314960629922,-0.4251968503937008,0.05905511811023622,-0.33858267716535434
w,0.0,0.0,-0.12156862745098039,-0.050980392156862744,-0.17647058823529413,-0.19215686274509805,-0.0784313725490196,-0.30980392156862746,0.050980392156862744,-0.403921568627451,-0.20784313725490197,-0.47843137254901963,-0.27058823529411763,-0.6588235294117647,-0.30196078431372547,-0.7725490196078432,-0.32941176470588235,-0.8901960784313725,-0.08627450980392157,-0.5215686274509804,-0.10980392156862745,-0.7450980392156863,-0.11764705882352941,-0.8666666666666667,-0.12941176470588237,-1.0,0.023529411764705882,-0.5019607843137255,0.047058823529411764,-0.6627450980392157,0.07450980392156863,-0.7725490196078432,0.09803921568627451,-0.8980392156862745,0.11764705882352941,-0.43137254901960786,0.10588235294117647,-0.5137254901960784,0.07450980392156863,-0.42745098039215684,0.058823529411764705,-0.34509803921568627
w,0.0,0.0,-0.12109375,-0.05078125,-0.1796875,-0.1875,-0.08203125,-0.3046875,0.046875,-0.39453125,-0.20703125,-0.4765625,-0.26953125,-0.65625,-0.30078125,-0.76953125,-0.328125,-0.88671875,-0.0859375,-0.5234375,-0.10546875,-0.7421875,-0.11328125,-0.8671875,-0.12109375,-1.0,0.02734375,-0.50390625,0.05078125,-0.66015625,0.078125,-0.765625,0.10546875,-0.890625,0.125,-0.43359375,0.11328125,-0.5078125,0.08203125,-0.41796875,0.06640625,-0.3359375
w,0.0,0.0,-0.1225296442687747,-0.04743083003952569,-0.17786561264822134,-0.18181818181818182,-0.08300395256916997,-0.2964426877470356,0.04743083003952569,-0.3952569169960474,-0.20553359683794467,-0.4782608695652174,-0.2727272727272727,-0.6600790513833992,-0.30434782608695654,-0.7747035573122529,-0.33201581027667987,-0.8893280632411067,-0.08300395256916997,-0.525691699604743,-0.11067193675889328,-0.7430830039525692,-0.11857707509881422,-0.8656126482213439,-0.1225296442687747,-1.0,0.02766798418972332,-0.5059288537549407,0.05138339920948617,-0.6640316205533597,0.07905138339920949,-0.766798418972332,0.1067193675889328,-0.8932806324110671,0.1225296442687747,-0.43873517786561267,0.11857707509881422,-0.5138339920948617,0.08300395256916997,-0.4189723320158103,0.06719367588932806,-0.33201581027667987
w,0.0,0.0,-0.12598425196850394,-0.047244094488188976,-0.18110236220472442,-0.18503937007874016,-0.07874015748031496,-0.30708661417322836,0.047244094488188976,-0.39763779527559057,-0.20866141732283464,-0.4763779527559055,-0.2755905511811024,-0.65748031496063,-0.3031496062992126,-0.7716535433070866,-0.33070866141732286,-0.889763779527559,-0.09055118110236221,-0.5196850393700787,-0.11023622047244094,-0.7440944881889764,-0.11811023622047244,-0.8700787401574803,-0.1220472440944882,-1.0,0.01968503937007874,-0.5,0.047244094488188976,-0.6653543307086615,0.07480314960629922,-0.7755905511811023,0.1062992125984252,-0.9015748031496063,0.11811023622047244,-0.4330708661417323,0.11023622047244094,-0.5236220472440944,0.08267716535433071,-0.43700787401574803,0.06692913385826772,-0.3543307086614173
w,0.0,0.0,-0.12549019607843137,-0.050980392156862744,-0.1843137254901961,-0.19215686274509805,-0.09019607843137255,-0.30980392156862746,0.043137254901960784,-0.4,-0.20784313725490197,-0.4745098039215686,-0.27450980392156865,-0.6549019607843137,-0.30196078431372547,-0.7686274509803922,-0.3333333333333333,-0.8823529411764706,-0.09019607843137255,-0.5176470588235295,-0.11372549019607843,-0.7411764705882353,-0.12156862745098039,-0.8666666666666667,-0.13333333333333333,-1.0,0.0196078431372549,-0.5019607843137255,0.043137254901960784,-0.6627450980392157,0.07058823529411765,-0.7686274509803922,0.09411764705882353,-0.8980392156862745,0.11372549019607843,-0.43529411764705883,0.10588235294117647,-0.5215686274509804,0.0784313725490196,-0.43137254901960786,0.06274509803921569,-0.34509803921568627
w,0.0,0.0,-0.12698412698412698,-0.047619047619047616,-0.18253968253968253,-0.1865079365079365,-0.09126984126984126,-0.3134920634920635,0.04365079365079365,-0.40476190476190477,-0.21428571428571427,-0.4722222222222222,-0.2857142857142857,-0.6547619047619048,-0.31746031746031744,-0.7698412698412699,-0.34523809523809523,-0.8888888888888888,-0.09523809523809523,-0.5198412698412699,-0.12301587301587301,-0.7420634920634921,-0.13095238095238096,-0.8690476190476191,-0.14285714285714285,-1.0,0.011904761904761904,-0.5079365079365079,0.03571428571428571,-0.6666666666666666,0.06746031746031746,-0.7777777777777778,0.09126984126984126,-0.9087301587301587,0.10714285714285714,-0.44047619047619047,0.10714285714285714,-0.5317460317460317,0.07936507936507936,-0.44047619047619047,0.06349206349206349,-0.3492063492063492
x,0.0,0.0,0.2517985611510791,-0.1510791366906475,0.35251798561151076,-0.34532374100719426,0.43884892086330934,-0.4748201438848921,0.4892086330935252,-0.5611510791366906,0.10071942446043165,-0.6330935251798561,0.14388489208633093,-0.8705035971223022,0.2805755395683453,-0.9640287769784173,0.38848920863309355,-1.0,0.05755395683453238,-0.5899280575539568,0.4244604316546763,-0.6258992805755396,0.4172661870503597,-0.4748201438848921,0.34532374100719426,-0.4172661870503597,0.07194244604316546,-0.49640287769784175,0.4244604316546763,-0.4676258992805755,0.39568345323741005,-0.34532374100719426,0.302158273381295,-0.3237410071942446,0.11510791366906475,-0.381294964028777,0.38848920863309355,-0.3237410071942446,0.3597122302158273,-0.22302158273381295,0.2733812949640288,-0.2158273381294964
x,0.0,0.0,0.25333333333333335,-0.1,0.36666666666666664,-0.28,0.44666666666666666,-0.42,0.5,-0.5133333333333333,0.12,-0.64,0.15333333333333332,-0.86,0.26666666666666666,-0.9666666666666667,0.38,-1.0,0.04666666666666667,-0.62,0.4066666666666667,-0.6333333333333333,0.4,-0.46,0.31333333333333335,-0.4066666666666667,0.02666666666666667,-0.54,0.38,-0.4666666666666667,0.35333333333333333,-0.32666666666666666,0.26,-0.31333333333333335,0.04,-0.42,0.32,-0.32666666666666666,0.29333333333333333,-0.21333333333333335,0.19333333333333333,-0.20666666666666667
x,0.0,0.0,0.2894736842105263,-0.09868421052631579,0.42105263157894735,-0.28289473684210525,0.506578947368421,-0.4144736842105263,0.5592105263157895,-0.506578947368421,0.18421052631578946,-0.6644736842105263,0.2236842105263158,-0.9013157894736842,0.35526315789473684,-0.9868421052631579,0.48026315789473684,-1.0,0.09868421052631579,-0.6447368421052632,0.47368421052631576,-0.6381578947368421,0.45394736842105265,-0.4605263157894737,0.375,-0.39473684210526316,0.07236842105263158,-0.5592105263157895,0.4276315789473684,-0.46710526315789475,0.39473684210526316,-0.3223684210526316,0.3026315789473684,-0.3092105263157895,0.07236842105263158,-0.4342105263157895,0.3618421052631579,-0.3223684210526316,0.32894736842105265,-0.21052631578947367,0.2236842105263158,-0.21052631578947367
x,0.0,0.0,0.3081761006289308,-0.1069182389937107,0.44654088050314467,-0.27044025157232704,0.5220125786163522,-0.389937106918239,0.5849056603773585,-0.48427672955974843,0.20754716981132076,-0.660377358490566,0.27044025157232704,-0.8616352201257862,0.3710691823899371,-0.9559748427672956,0.48427672955974843,-1.0,0.1320754716981132,-0.6352201257861635,0.4968553459119497,-0.610062893081761,0.4716981132075472,-0.44654088050314467,0.39622641509433965,-0.389937106918239,0.10062893081761007,-0.5471698113207547,0.44025157232704404,-0.44654088050314467,0.4025157232704403,-0.3081761006289308,0.32075471698113206,-0.3018867924528302,0.09433962264150944,-0.42138364779874216,0.36477987421383645,-0.32075471698113206,0.3333333333333333,-0.22012578616352202,0.23270440251572327,-0.22012578616352202
x,0.0,0.0,0.3051948051948052,-0.09090909090909091,0.44805194805194803,-0.2597402597402597,0.5324675324675324,-0.38311688311688313,0.5974025974025974,-0.487012987012987,0.2077922077922078,-0.6558441558441559,0.2727272727272727,-0.8766233766233766,0.4025974025974026,-0.961038961038961,0.5194805194805194,-1.0,0.12337662337662338,-0.6428571428571429,0.4935064935064935,-0.6168831168831169,0.474025974025974,-0.43506493506493504,0.3961038961038961,-0.38311688311688313,0.09090909090909091,-0.5584415584415584,0.44155844155844154,-0.45454545454545453,0.4025974025974026,-0.3051948051948052,0.3116883116883117,-0.3051948051948052,0.08441558441558442,-0.42857142857142855,0.35714285714285715,-0.3181818181818182,0.3181818181818182,-0.2077922077922078,0.21428571428571427,-0.22727272727272727
x,0.0,0.0,0.30128205128205127,-0.10256410256410256,0.44871794871794873,-0.27564102564102566,0.5384615384615384,-0.40384615384615385,0.6025641025641025,-0.5128205128205128,0.22435897435897437,-0.6538461538461539,0.28846153846153844,-0.8653846153846154,0.41025641025641024,-0.9551282051282052,0.5256410256410257,-1.0,0.14743589743589744,-0.6474358974358975,0.5064102564102564,-0.6282051282051282,0.4807692307692308,-0.4551282051282051,0.40384615384615385,-0.3974358974358974,0.11538461538461539,-0.5641025641025641,0.46153846153846156,-0.46794871794871795,0.4230769230769231,-0.32051282051282054,0.3333333333333333,-0.3141025641025641,0.11538461538461539,-0.4423076923076923,0.391025641025641,-0.3269230769230769,0.3525641025641026,-0.22435897435897437,0.2564102564102564,-0.23076923076923078
x,0.0,0.0,0.28104575163398693,-0.0915032679738562,0.41830065359477125,-0.2679738562091503,0.5098039215686274,-0.40522875816993464,0.5620915032679739,-0.5098039215686274,0.20915032679738563,-0.6535947712418301,0.26143790849673204,-0.869281045751634,0.38562091503267976,-0.9607843137254902,0.49673202614379086,-1.0,0.12418300653594772,-0.6535947712418301,0.49019607843137253,-0.6209150326797386,0.45751633986928103,-0.4444444444444444,0.3790849673202614,-0.39215686274509803,0.0915032679738562,-0.5686274509803921,0.4444444444444444,-0.47058823529411764,0.39869281045751637,-0.3202614379084967,0.30718954248366015,-0.3202614379084967,0.0915032679738562,-0.45098039215686275,0.3660130718954248,-0.32679738562091504,0.3333333333333333,-0.21568627450980393,0.22875816993464052,-0.23529411764705882
x,0.0,0.0,0.2866666666666667,-0.09333333333333334,0.43333333333333335,-0.26666666666666666,0.5333333333333333,-0.4,0.5733333333333334,-0.52,0.20666666666666667,-0.6533333333333333,0.26666666666666666,-0.88,0.3933333333333333,-0.9666666666666667,0.5133333333333333,-1.0,0.12666666666666668,-0.6466666666666666,0.49333333333333335,-0.6333333333333333,0.46,-0.44666666666666666,0.38,-0.3933333333333333,0.1,-0.5733333333333334,0.44666666666666666,-0.48,0.4,-0.32,0.30666666666666664,-0.31333333333333335,0.09333333333333334,-0.46,0.37333333333333335,-0.3466666666666667,0.3333333333333333,-0.23333333333333334,0.23333333333333334,-0.24
x,0.0,0.0,0.28187919463087246,-0.09395973154362416,0.436241610738255,-0.28187919463087246,0.5369127516778524,-0.4161073825503356,0.5637583892617449,-0.5369127516778524,0.20134228187919462,-0.6577181208053692,0.26174496644295303,-0.8859060402684564,0.38926174496644295,-0.9664429530201343,0.5033557046979866,-1.0,0.11409395973154363,-0.6577181208053692,0.4697986577181208,-0.6510067114093959,0.44966442953020136,-0.46308724832214765,0.37583892617449666,-0.40939597315436244,0.08053691275167785,-0.5838926174496645,0.42953020134228187,-0.5033557046979866,0.38926174496644295,-0.33557046979865773,0.2953020134228188,-0.33557046979865773,0.0738255033557047,-0.4697986577181208,0.348993288590604,-0.3691275167785235,0.31543624161073824,-0.2550335570469799,0.2214765100671141,-0.26174496644295303
x,0.0,0.0,0.2620689655172414,-0.0896551724137931,0.4068965517241379,-0.27586206896551724,0.5103448275862069,-0.41379310344827586,0.5379310344827586,-0.5379310344827586,0.1793103448275862,-0.6620689655172414,0.22758620689655173,-0.896551724137931,0.36551724137931035,-0.9793103448275862,0.4827586206896552,-1.0,0.0896551724137931,-0.6620689655172414,0.4482758620689655,-0.6551724137931034,0.42758620689655175,-0.4689655172413793,0.35172413793103446,-0.4068965517241379,0.05517241379310345,-0.593103448275862,0.4,-0.5172413793103449,0.3724137931034483,-0.35172413793103446,0.2827586206896552,-0.3310344827586207,0.041379310344827586,-0.4827586206896552,0.32413793103448274,-0.38620689655172413,0.30344827586206896,-0.2620689655172414,0.20689655172413793,-0.25517241379310346
x,0.0,0.0,0.2517482517482518,-0.0979020979020979,0.38461538461538464,-0.2727272727272727,0.4965034965034965,-0.40559440559440557,0.5384615384615384,-0.5314685314685315,0.16083916083916083,-0.6573426573426573,0.20279720279720279,-0.8951048951048951,0.3356643356643357,-0.9790209790209791,0.44755244755244755,-1.0,0.07692307692307693,-0.6643356643356644,0.42657342657342656,-0.6643356643356644,0.4125874125874126,-0.4755244755244755,0.32867132867132864,-0.4195804195804196,0.04195804195804196,-0.6013986013986014,0.38461538461538464,-0.5174825174825175,0.34965034965034963,-0.35664335664335667,0.25874125874125875,-0.34265734265734266,0.027972027972027972,-0.4965034965034965,0.3006993006993007,-0.3986013986013986,0.2727272727272727,-0.27972027972027974,0.16783216783216784,-0.27972027972027974
x,0.0,0.0,0.2517482517482518,-0.1048951048951049,0.38461538461538464,-0.27972027972027974,0.4965034965034965,-0.40559440559440557,0.5244755244755245,-0.5314685314685315,0.15384615384615385,-0.6573426573426573,0.1958041958041958,-0.8881118881118881,0.32167832167832167,-0.9790209790209791,0.43356643356643354,-1.0,0.06993006993006994,-0.6573426573426573,0.4195804195804196,-0.6643356643356644,0.40559440559440557,-0.4825174825174825,0.32167832167832167,-0.42657342657342656,0.03496503496503497,-0.6013986013986014,0.3706293706293706,-0.5244755244755245,0.34265734265734266,-0.36363636363636365,0.2517482517482518,-0.35664335664335667,0.02097902097902098,-0.4965034965034965,0.2937062937062937,-0.40559440559440557,0.2727272727272727,-0.2937062937062937,0.16783216783216784,-0.2867132867132867
x,0.0,0.0,0.24113475177304963,-0.10638297872340426,0.375886524822695,-0.2907801418439716,0.48936170212765956,-0.41134751773049644,0.524822695035461,-0.5390070921985816,0.14184397163120568,-0.6666666666666666,0.1773049645390071,-0.900709219858156,0.3191489361702128,-0.9858156028368794,0.4326241134751773,-1.0,0.06382978723404255,-0.6666666666666666,0.41843971631205673,-0.6737588652482269,0.40425531914893614,-0.48226950354609927,0.3120567375886525,-0.4326241134751773,0.028368794326241134,-0.6099290780141844,0.36879432624113473,-0.5390070921985816,0.3404255319148936,-0.3829787234042553,0.24113475177304963,-0.375886524822695,0.02127659574468085,-0.5035460992907801,0.2978723404255319,-0.41843971631205673,0.2695035460992908,-0.2978723404255319,0.15602836879432624,-0.3049645390070922
x,0.0,0.0,0.25874125874125875,-0.11888111888111888,0.40559440559440557,-0.2937062937062937,0.5244755244755245,-0.4195804195804196,0.5314685314685315,-0.5454545454545454,0.16083916083916083,-0.6643356643356644,0.20279720279720279,-0.9020979020979021,0.34265734265734266,-0.9790209790209791,0.44755244755244755,-1.0,0.07692307692307693,-0.6643356643356644,0.43356643356643354,-0.6783216783216783,0.4125874125874126,-0.4965034965034965,0.32167832167832167,-0.44755244755244755,0.04195804195804196,-0.6153846153846154,0.38461538461538464,-0.5384615384615384,0.34965034965034963,-0.38461538461538464,0.25874125874125875,-0.3706293706293706,0.03496503496503497,-0.5174825174825175,0.3146853146853147,-0.42657342657342656,0.27972027972027974,-0.3076923076923077,0.18181818181818182,-0.3006993006993007
x,0.0,0.0,0.2553191489361702,-0.11347517730496454,0.41134751773049644,-0.28368794326241137,0.5319148936170213,-0.41843971631205673,0.5390070921985816,-0.5531914893617021,0.1773049645390071,-0.6737588652482269,0.20567375886524822,-0.9078014184397163,0.3475177304964539,-0.9858156028368794,0.46099290780141844,-1.0,0.09219858156028368,-0.6737588652482269,0.4326241134751773,-0.6879432624113475,0.425531914893617,-0.49645390070921985,0.3404255319148936,-0.4397163120567376,0.04964539007092199,-0.6170212765957447,0.375886524822695,-0.5531914893617021,0.3546099290780142,-0.3971631205673759,0.2624113475177305,-0.375886524822695,0.0425531914893617,-0.5177304964539007,0.3120567375886525,-0.4397163120567376,0.2907801418439716,-0.3191489361702128,0.19148936170212766,-0.2978723404255319
x,0.0,0.0,0.2535211267605634,-0.1267605633802817,0.3873239436619718,-0.30985915492957744,0.4859154929577465,-0.4507042253521127,0.4859154929577465,-0.5704225352112676,0.13380281690140844,-0.676056338028169,0.1619718309859155,-0.9014084507042254,0.3028169014084507,-0.9859154929577465,0.4154929577464789,-1.0,0.04929577464788732,-0.6690140845070423,0.39436619718309857,-0.704225352112676,0.39436619718309857,-0.5070422535211268,0.30985915492957744,-0.45774647887323944,0.014084507042253521,-0.6126760563380281,0.34507042253521125,-0.5633802816901409,0.33098591549295775,-0.4084507042253521,0.23943661971830985,-0.39436619718309857,0.014084507042253521,-0.5140845070422535,0.2887323943661972,-0.4507042253521127,0.2746478873239437,-0.33098591549295775,0.16901408450704225,-0.323943661971831
x,0.0,0.0,0.2714285714285714,-0.12857142857142856,0.40714285714285714,-0.30714285714285716,0.5142857142857142,-0.44285714285714284,0.5357142857142857,-0.5642857142857143,0.16428571428571428,-0.6857142857142857,0.19285714285714287,-0.9142857142857143,0.34285714285714286,-0.9928571428571429,0.45714285714285713,-1.0,0.07857142857142857,-0.6785714285714286,0.4357142857142857,-0.7,0.42857142857142855,-0.5071428571428571,0.34285714285714286,-0.45,0.05,-0.6214285714285714,0.37857142857142856,-0.5642857142857143,0.35714285714285715,-0.40714285714285714,0.2642857142857143,-0.38571428571428573,0.04285714285714286,-0.5285714285714286,0.3142857142857143,-0.45,0.3,-0.32857142857142857,0.2,-0.32142857142857145
x,0.0,0.0,0.2695035460992908,-0.12056737588652482,0.41843971631205673,-0.2978723404255319,0.5390070921985816,-0.425531914893617,0.5531914893617021,-0.5531914893617021,0.1773049645390071,-0.6737588652482269,0.2198581560283688,-0.900709219858156,0.3617021276595745,-0.9787234042553191,0.46808510638297873,-1.0,0.09219858156028368,-0.6666666666666666,0.44680851063829785,-0.6950354609929078,0.4326241134751773,-0.5035460992907801,0.3475177304964539,-0.44680851063829785,0.05673758865248227,-0.6170212765957447,0.3900709219858156,-0.5602836879432624,0.36879432624113473,-0.40425531914893614,0.2695035460992908,-0.3829787234042553,0.04964539007092199,-0.524822695035461,0.3262411347517731,-0.45390070921985815,0.3049645390070922,-0.3333333333333333,0.19858156028368795,-0.3191489361702128
x,0.0,0.0,0.2446043165467626,-0.1223021582733813,0.381294964028777,-0.30935251798561153,0.4892086330935252,-0.4460431654676259,0.5035971223021583,-0.5611510791366906,0.14388489208633093,-0.6762589928057554,0.17266187050359713,-0.9136690647482014,0.31654676258992803,-0.9856115107913669,0.4244604316546763,-1.0,0.05755395683453238,-0.6690647482014388,0.4028776978417266,-0.7050359712230215,0.4028776978417266,-0.5107913669064749,0.31654676258992803,-0.45323741007194246,0.02158273381294964,-0.6187050359712231,0.35251798561151076,-0.5683453237410072,0.33093525179856115,-0.41007194244604317,0.2446043165467626,-0.38848920863309355,0.014388489208633094,-0.5251798561151079,0.28776978417266186,-0.460431654676259,0.2733812949640288,-0.3381294964028777,0.17266187050359713,-0.3237410071942446
x,0.0,0.0,0.24647887323943662,-0.1267605633802817,0.38028169014084506,-0.31690140845070425,0.4859154929577465,-0.4507042253521127,0.4788732394366197,-0.5633802816901409,0.1267605633802817,-0.6690140845070423,0.1619718309859155,-0.8943661971830986,0.29577464788732394,-0.9788732394366197,0.4014084507042254,-1.0,0.04225352112676056,-0.6690140845070423,0.3873239436619718,-0.6971830985915493,0.38028169014084506,-0.5070422535211268,0.29577464788732394,-0.4507042253521127,0.014084507042253521,-0.6197183098591549,0.34507042253521125,-0.5704225352112676,0.31690140845070425,-0.4084507042253521,0.22535211267605634,-0.3873239436619718,0.007042253521126761,-0.5352112676056338,0.28169014084507044,-0.47183098591549294,0.2676056338028169,-0.34507042253521125,0.1619718309859155,-0.323943661971831
y,0.0,0.0,0.2706766917293233,-0.045112781954887216,0.5112781954887218,-0.2781954887218045,0.6616541353383458,-0.45112781954887216,0.7969924812030075,-0.5338345864661654,0.3458646616541353,-0.5037593984962406,0.40601503759398494,-0.6616541353383458,0.3609022556390977,-0.5112781954887218,0.3233082706766917,-0.3609022556390977,0.19548872180451127,-0.5338345864661654,0.2631578947368421,-0.6766917293233082,0.24060150375939848,-0.47368421052631576,0.21804511278195488,-0.3082706766917293,0.05263157894736842,-0.556390977443609,0.09022556390977443,-0.7593984962406015,0.14285714285714285,-0.631578947368421,0.18796992481203006,-0.5112781954887218,-0.08270676691729323,-0.5639097744360902,-0.10526315789473684,-0.7819548872180451,-0.11278195488721804,-0.8947368421052632,-0.09774436090225563,-1.0
y,0.0,0.0,0.25,-0.022058823529411766,0.5073529411764706,-0.19117647058823528,0.6838235294117647,-0.3235294117647059,0.8235294117647058,-0.3602941176470588,0.4117647058823529,-0.4411764705882353,0.5,-0.5808823529411765,0.4338235294117647,-0.4338235294117647,0.36764705882352944,-0.2867647058823529,0.27205882352941174,-0.49264705882352944,0.375,-0.6029411764705882,0.3088235294117647,-0.4117647058823529,0.25,-0.25735294117647056,0.1323529411764706,-0.5441176470588235,0.21323529411764705,-0.7205882352941176,0.23529411764705882,-0.5661764705882353,0.25,-0.41911764705882354,-0.007352941176470588,-0.5808823529411765,0.007352941176470588,-0.7941176470588235,0.022058823529411766,-0.8970588235294118,0.058823529411764705,-1.0
y,0.0,0.0,0.25757575757575757,0.007575757575757576,0.5227272727272727,-0.15151515151515152,0.7045454545454546,-0.2803030303030303,0.8484848484848485,-0.3106060606060606,0.44696969696969696,-0.4166666666666667,0.5454545454545454,-0.5454545454545454,0.45454545454545453,-0.4015151515151515,0.3712121212121212,-0.25757575757575757,0.30303030303030304,-0.48484848484848486,0.4015151515151515,-0.5909090909090909,0.32575757575757575,-0.38636363636363635,0.25757575757575757,-0.23484848484848486,0.16666666666666666,-0.5378787878787878,0.25757575757575757,-0.7121212121212122,0.26515151515151514,-0.5303030303030303,0.2727272727272727,-0.3787878787878788,0.022727272727272728,-0.5757575757575758,0.05303030303030303,-0.7954545454545454,0.07575757575757576,-0.9015151515151515,0.11363636363636363,-1.0
y,0.0,0.0,0.25757575757575757,0.007575757575757576,0.5303030303030303,-0.15151515151515152,0.7121212121212122,-0.2727272727272727,0.8636363636363636,-0.30303030303030304,0.44696969696969696,-0.4166666666666667,0.5454545454545454,-0.5454545454545454,0.4621212121212121,-0.4015151515151515,0.3787878787878788,-0.26515151515151514,0.3106060606060606,-0.48484848484848486,0.4090909090909091,-0.5833333333333334,0.3181818181818182,-0.38636363636363635,0.25,-0.23484848484848486,0.16666666666666666,-0.5454545454545454,0.25757575757575757,-0.7045454545454546,0.26515151515151514,-0.5303030303030303,0.26515151515151514,-0.3787878787878788,0.022727272727272728,-0.5757575757575758,0.05303030303030303,-0.7954545454545454,0.08333333333333333,-0.9015151515151515,0.12121212121212122,-1.0
y,0.0,0.0,0.2537313432835821,0.0,0.5074626865671642,-0.15671641791044777,0.6865671641791045,-0.2835820895522388,0.8208955223880597,-0.3208955223880597,0.417910447761194,-0.417910447761194,0.5074626865671642,-0.5522388059701493,0.44029850746268656,-0.41044776119402987,0.373134328358209,-0.26865671641791045,0.2835820895522388,-0.47761194029850745,0.3805970149253731,-0.5895522388059702,0.31343283582089554,-0.39552238805970147,0.2537313432835821,-0.2537313432835821,0.1417910447761194,-0.5373134328358209,0.23134328358208955,-0.7089552238805971,0.2462686567164179,-0.5373134328358209,0.2537313432835821,-0.3805970149253731,0.007462686567164179,-0.5671641791044776,0.029850746268656716,-0.7835820895522388,0.05223880597014925,-0.8955223880597015,0.08955223880597014,-1.0
y,0.0,0.0,0.25,0.0,0.5227272727272727,-0.1590909090909091,0.7045454545454546,-0.2878787878787879,0.8484848484848485,-0.3181818181818182,0.4318181818181818,-0.4166666666666667,0.5227272727272727,-0.553030303030303,0.45454545454545453,-0.4090909090909091,0.3787878787878788,-0.26515151515151514,0.29545454545454547,-0.48484848484848486,0.3939393939393939,-0.5909090909090909,0.3181818181818182,-0.3939393939393939,0.25,-0.24242424242424243,0.15151515151515152,-0.5378787878787878,0.24242424242424243,-0.7045454545454546,0.25,-0.5303030303030303,0.25,-0.3787878787878788,0.007575757575757576,-0.5757575757575758,0.03787878787878788,-0.7878787878787878,0.06060606060606061,-0.9015151515151515,0.09090909090909091,-1.0
y,0.0,0.0,0.25757575757575757,0.0,0.5227272727272727,-0.1590909090909091,0.696969696969697,-0.2803030303030303,0.8409090909090909,-0.3181818181818182,0.4318181818181818,-0.4166666666666667,0.5227272727272727,-0.5606060606060606,0.45454545454545453,-0.4166666666666667,0.3787878787878788,-0.2727272727272727,0.29545454545454547,-0.4772727272727273,0.3939393939393939,-0.5909090909090909,0.3181818181818182,-0.3939393939393939,0.25,-0.24242424242424243,0.15151515151515152,-0.5378787878787878,0.24242424242424243,-0.7045454545454546,0.25757575757575757,-0.5378787878787878,0.25757575757575757,-0.38636363636363635,0.007575757575757576,-0.5757575757575758,0.030303030303030304,-0.7878787878787878,0.06060606060606061,-0.9015151515151515,0.09090909090909091,-1.0
y,0.0,0.0,0.24812030075187969,0.0,0.5112781954887218,-0.15789473684210525,0.6842105263157895,-0.2857142857142857,0.8270676691729323,-0.3233082706766917,0.42105263157894735,-0.41353383458646614,0.5112781954887218,-0.556390977443609,0.44360902255639095,-0.41353383458646614,0.3684210526315789,-0.2706766917293233,0.2781954887218045,-0.48120300751879697,0.37593984962406013,-0.5864661654135338,0.3082706766917293,-0.39097744360902253,0.24060150375939848,-0.24812030075187969,0.14285714285714285,-0.5338345864661654,0.23308270676691728,-0.706766917293233,0.24812030075187969,-0.5338345864661654,0.24812030075187969,-0.38345864661654133,0.0,-0.5714285714285714,0.022556390977443608,-0.7894736842105263,0.05263157894736842,-0.9022556390977443,0.09022556390977443,-1.0
y,0.0,0.0,0.24812030075187969,-0.007518796992481203,0.5112781954887218,-0.16541353383458646,0.6842105263157895,-0.2857142857142857,0.8195488721804511,-0.3233082706766917,0.42105263157894735,-0.42105263157894735,0.5112781954887218,-0.556390977443609,0.43609022556390975,-0.41353383458646614,0.3609022556390977,-0.2706766917293233,0.2857142857142857,-0.48120300751879697,0.37593984962406013,-0.5939849624060151,0.3082706766917293,-0.39849624060150374,0.24060150375939848,-0.24812030075187969,0.14285714285714285,-0.5413533834586466,0.22556390977443608,-0.6992481203007519,0.24060150375939848,-0.5338345864661654,0.24812030075187969,-0.37593984962406013,0.0,-0.5714285714285714,0.022556390977443608,-0.7894736842105263,0.045112781954887216,-0.9022556390977443,0.08270676691729323,-1.0
y,0.0,0.0,0.25757575757575757,0.0,0.5227272727272727,-0.16666666666666666,0.7045454545454546,-0.29545454545454547,0.8484848484848485,-0.3333333333333333,0.4318181818181818,-0.42424242424242425,0.5227272727272727,-0.5606060606060606,0.44696969696969696,-0.4166666666666667,0.3712121212121212,-0.2727272727272727,0.2878787878787879,-0.48484848484848486,0.3787878787878788,-0.5909090909090909,0.30303030303030304,-0.3939393939393939,0.24242424242424243,-0.24242424242424243,0.15151515151515152,-0.5378787878787878,0.22727272727272727,-0.696969696969697,0.24242424242424243,-0.5303030303030303,0.25,-0.3787878787878788,0.007575757575757576,-0.5681818181818182,0.022727272727272728,-0.7878787878787878,0.045454545454545456,-0.8939393939393939,0.07575757575757576,-1.0
y,0.0,0.0,0.25757575757575757,-0.015151515151515152,0.5151515151515151,-0.19696969696969696,0.696969696969697,-0.3181818181818182,0.8409090909090909,-0.3484848484848485,0.4015151515151515,-0.4318181818181818,0.48484848484848486,-0.5833333333333334,0.42424242424242425,-0.4393939393939394,0.3560606060606061,-0.29545454545454547,0.26515151515151514,-0.48484848484848486,0.3560606060606061,-0.6060606060606061,0.2878787878787879,-0.4090909090909091,0.23484848484848486,-0.25757575757575757,0.12121212121212122,-0.5378787878787878,0.1893939393939394,-0.696969696969697,0.21212121212121213,-0.5303030303030303,0.23484848484848486,-0.38636363636363635,-0.015151515151515152,-0.5681818181818182,-0.015151515151515152,-0.7878787878787878,0.0,-0.8939393939393939,0.030303030303030304,-1.0
y,0.0,0.0,0.2556390977443609,-0.045112781954887216,0.48120300751879697,-0.22556390977443608,0.6466165413533834,-0.3533834586466165,0.7894736842105263,-0.41353383458646614,0.3533834586466165,-0.46616541353383456,0.41353383458646614,-0.631578947368421,0.37593984962406013,-0.48872180451127817,0.3233082706766917,-0.3458646616541353,0.21052631578947367,-0.5037593984962406,0.2781954887218045,-0.631578947368421,0.2556390977443609,-0.45112781954887216,0.21052631578947367,-0.3007518796992481,0.07518796992481203,-0.5413533834586466,0.12030075187969924,-0.7142857142857143,0.16541353383458646,-0.556390977443609,0.19548872180451127,-0.41353383458646614,-0.06766917293233082,-0.5639097744360902,-0.08270676691729323,-0.7744360902255639,-0.07518796992481203,-0.8947368421052632,-0.05263157894736842,-1.0
y,0.0,0.0,0.2595419847328244,-0.07633587786259542,0.48854961832061067,-0.3053435114503817,0.648854961832061,-0.4580152671755725,0.7862595419847328,-0.5267175572519084,0.33587786259541985,-0.5190839694656488,0.3816793893129771,-0.6793893129770993,0.35877862595419846,-0.5419847328244275,0.3282442748091603,-0.4122137404580153,0.19083969465648856,-0.5343511450381679,0.24427480916030533,-0.6641221374045801,0.2366412213740458,-0.48854961832061067,0.21374045801526717,-0.3435114503816794,0.04580152671755725,-0.549618320610687,0.061068702290076333,-0.7099236641221374,0.1297709923664122,-0.5725190839694656,0.183206106870229,-0.44274809160305345,-0.09923664122137404,-0.549618320610687,-0.13740458015267176,-0.7709923664122137,-0.1450381679389313,-0.8931297709923665,-0.1450381679389313,-1.0
y,0.0,0.0,0.2558139534883721,-0.12403100775193798,0.4728682170542636,-0.3643410852713178,0.627906976744186,-0.5426356589147286,0.7596899224806202,-0.6434108527131783,0.2868217054263566,-0.5658914728682171,0.29457364341085274,-0.7364341085271318,0.27906976744186046,-0.5813953488372093,0.2558139534883721,-0.4186046511627907,0.13178294573643412,-0.5736434108527132,0.16279069767441862,-0.7131782945736435,0.17054263565891473,-0.5193798449612403,0.17054263565891473,-0.35658914728682173,-0.023255813953488372,-0.5736434108527132,-0.023255813953488372,-0.7674418604651163,0.046511627906976744,-0.6356589147286822,0.10852713178294573,-0.5193798449612403,-0.17054263565891473,-0.5503875968992248,-0.24806201550387597,-0.7674418604651163,-0.2868217054263566,-0.8837209302325582,-0.29457364341085274,-1.0
y,0.0,0.0,0.2857142857142857,-0.1349206349206349,0.49206349206349204,-0.40476190476190477,0.6349206349206349,-0.5952380952380952,0.7619047619047619,-0.7222222222222222,0.2698412698412698,-0.5873015873015873,0.2777777777777778,-0.7698412698412699,0.2619047619047619,-0.6031746031746031,0.2619047619047619,-0.4365079365079365,0.09523809523809523,-0.5793650793650794,0.1349206349206349,-0.7380952380952381,0.15873015873015872,-0.5396825396825397,0.1746031746031746,-0.36507936507936506,-0.06349206349206349,-0.5793650793650794,-0.07142857142857142,-0.7857142857142857,0.0,-0.6587301587301587,0.07936507936507936,-0.5396825396825397,-0.1984126984126984,-0.5555555555555556,-0.30158730158730157,-0.7777777777777778,-0.3412698412698413,-0.8968253968253969,-0.35714285714285715,-1.0
y,0.0,0.0,0.28225806451612906,-0.14516129032258066,0.47580645161290325,-0.43548387096774194,0.6048387096774194,-0.6451612903225806,0.7338709677419355,-0.7741935483870968,0.25,-0.6048387096774194,0.23387096774193547,-0.8064516129032258,0.23387096774193547,-0.6290322580645161,0.25,-0.45161290322580644,0.07258064516129033,-0.5967741935483871,0.0967741935483871,-0.7580645161290323,0.12903225806451613,-0.5483870967741935,0.1532258064516129,-0.3709677419354839,-0.0967741935483871,-0.5806451612903226,-0.11290322580645161,-0.7983870967741935,-0.03225806451612903,-0.6774193548387096,0.056451612903225805,-0.5725806451612904,-0.23387096774193547,-0.5483870967741935,-0.3548387096774194,-0.7741935483870968,-0.4032258064516129,-0.8951612903225806,-0.41935483870967744,-1.0
y,0.0,0.0,0.2845528455284553,-0.14634146341463414,0.4796747967479675,-0.43902439024390244,0.6097560975609756,-0.6504065040650406,0.7398373983739838,-0.7804878048780488,0.23577235772357724,-0.6178861788617886,0.23577235772357724,-0.8048780487804879,0.23577235772357724,-0.6260162601626016,0.24390243902439024,-0.43902439024390244,0.056910569105691054,-0.6016260162601627,0.08943089430894309,-0.7642276422764228,0.13008130081300814,-0.5528455284552846,0.16260162601626016,-0.37398373983739835,-0.0975609756097561,-0.5853658536585366,-0.12195121951219512,-0.7967479674796748,-0.032520325203252036,-0.6747967479674797,0.056910569105691054,-0.5528455284552846,-0.24390243902439024,-0.5528455284552846,-0.35772357723577236,-0.7804878048780488,-0.4065040650406504,-0.8943089430894309,-0.4146341463414634,-1.0
y,0.0,0.0,0.28225806451612906,-0.14516129032258066,0.46774193548387094,-0.4274193548387097,0.5967741935483871,-0.6370967741935484,0.717741935483871,-0.7580645161290323,0.24193548387096775,-0.6048387096774194,0.24193548387096775,-0.7903225806451613,0.24193548387096775,-0.6209677419354839,0.25,-0.4435483870967742,0.06451612903225806,-0.5887096774193549,0.0967741935483871,-0.75,0.12903225806451613,-0.5483870967741935,0.16129032258064516,-0.3709677419354839,-0.0967741935483871,-0.5806451612903226,-0.12096774193548387,-0.7903225806451613,-0.03225806451612903,-0.6693548387096774,0.06451612903225806,-0.5483870967741935,-0.24193548387096775,-0.5483870967741935,-0.3548387096774194,-0.7741935483870968,-0.4032258064516129,-0.8951612903225806,-0.4112903225806452,-1.0
y,0.0,0.0,0.2903225806451613,-0.14516129032258066,0.47580645161290325,-0.4274193548387097,0.6129032258064516,-0.6290322580645161,0.7419354838709677,-0.7580645161290323,0.25806451612903225,-0.5967741935483871,0.25,-0.7903225806451613,0.25,-0.6209677419354839,0.25806451612903225,-0.4435483870967742,0.08064516129032258,-0.5887096774193549,0.12096774193548387,-0.75,0.14516129032258066,-0.5483870967741935,0.1774193548387097,-0.3629032258064516,-0.08064516129032258,-0.5806451612903226,-0.0967741935483871,-0.7903225806451613,-0.008064516129032258,-0.6693548387096774,0.08064516129032258,-0.5483870967741935,-0.22580645161290322,-0.5483870967741935,-0.33064516129032256,-0.7741935483870968,-0.3709677419354839,-0.8951612903225806,-0.3870967741935484,-1.0
y,0.0,0.0,0.272,-0.136,0.464,-0.424,0.592,-0.632,0.72,-0.76,0.232,-0.6,0.232,-0.784,0.232,-0.608,0.248,-0.44,0.064,-0.584,0.096,-0.752,0.128,-0.536,0.16,-0.36,-0.096,-0.576,-0.12,-0.792,-0.024,-0.656,0.064,-0.544,-0.24,-0.544,-0.352,-0.776,-0.392,-0.888,-0.408,-1.0
z,0.0,0.0,0.11475409836065574,-0.21311475409836064,0.319672131147541,-0.319672131147541,0.5163934426229508,-0.2786885245901639,0.6065573770491803,-0.1885245901639344,0.4344262295081967,-0.4098360655737705,0.6885245901639344,-0.3114754098360656,0.6311475409836066,-0.22950819672131148,0.5409836065573771,-0.21311475409836064,0.47540983606557374,-0.27049180327868855,0.7459016393442623,-0.1885245901639344,0.6721311475409836,-0.12295081967213115,0.5737704918032787,-0.12295081967213115,0.5,-0.11475409836065574,0.7377049180327869,-0.06557377049180328,0.6639344262295082,-0.00819672131147541,0.5655737704918032,-0.00819672131147541,0.5081967213114754,0.03278688524590164,0.7377049180327869,0.04918032786885246,0.8770491803278688,0.06557377049180328,1.0,0.07377049180327869
z,0.0,0.0,0.08403361344537816,-0.226890756302521,0.2605042016806723,-0.3697478991596639,0.453781512605042,-0.37815126050420167,0.5546218487394958,-0.31092436974789917,0.3865546218487395,-0.47058823529411764,0.6470588235294118,-0.40336134453781514,0.6050420168067226,-0.31932773109243695,0.5294117647058824,-0.29411764705882354,0.4369747899159664,-0.33613445378151263,0.7142857142857143,-0.2857142857142857,0.6470588235294118,-0.20168067226890757,0.5546218487394958,-0.19327731092436976,0.47058823529411764,-0.17647058823529413,0.7394957983193278,-0.16806722689075632,0.6722689075630253,-0.09243697478991597,0.5798319327731093,-0.08403361344537816,0.4957983193277311,-0.025210084033613446,0.7394957983193278,-0.03361344537815126,0.8739495798319328,-0.03361344537815126,1.0,-0.04201680672268908
z,0.0,0.0,0.07692307692307693,-0.23076923076923078,0.2564102564102564,-0.39316239316239315,0.4444444444444444,-0.42735042735042733,0.5470085470085471,-0.38461538461538464,0.39316239316239315,-0.47863247863247865,0.6495726495726496,-0.41025641025641024,0.6068376068376068,-0.3162393162393162,0.5213675213675214,-0.29914529914529914,0.4444444444444444,-0.3418803418803419,0.717948717948718,-0.2905982905982906,0.6495726495726496,-0.20512820512820512,0.5470085470085471,-0.20512820512820512,0.47863247863247865,-0.1794871794871795,0.7350427350427351,-0.1623931623931624,0.6581196581196581,-0.09401709401709402,0.5641025641025641,-0.07692307692307693,0.5042735042735043,-0.02564102564102564,0.7350427350427351,-0.042735042735042736,0.8803418803418803,-0.03418803418803419,1.0,-0.05128205128205128
z,0.0,0.0,0.08547008547008547,-0.2222222222222222,0.2564102564102564,-0.37606837606837606,0.4444444444444444,-0.38461538461538464,0.5470085470085471,-0.3076923076923077,0.39316239316239315,-0.4700854700854701,0.6495726495726496,-0.39316239316239315,0.5982905982905983,-0.3076923076923077,0.5128205128205128,-0.2905982905982906,0.4444444444444444,-0.3333333333333333,0.717948717948718,-0.28205128205128205,0.6410256410256411,-0.19658119658119658,0.5470085470085471,-0.18803418803418803,0.47863247863247865,-0.17094017094017094,0.7264957264957265,-0.15384615384615385,0.6495726495726496,-0.07692307692307693,0.5555555555555556,-0.05982905982905983,0.5042735042735043,-0.017094017094017096,0.7350427350427351,-0.03418803418803419,0.8717948717948718,-0.02564102564102564,1.0,-0.042735042735042736
z,0.0,0.0,0.09401709401709402,-0.2222222222222222,0.27350427350427353,-0.36752136752136755,0.46153846153846156,-0.358974358974359,0.5555555555555556,-0.27350427350427353,0.4017094017094017,-0.4700854700854701,0.6666666666666666,-0.38461538461538464,0.6068376068376068,-0.29914529914529914,0.5299145299145299,-0.27350427350427353,0.4444444444444444,-0.3333333333333333,0.717948717948718,-0.26495726495726496,0.6410256410256411,-0.18803418803418803,0.5470085470085471,-0.1794871794871795,0.47863247863247865,-0.17094017094017094,0.7264957264957265,-0.13675213675213677,0.6495726495726496,-0.05982905982905983,0.5555555555555556,-0.05128205128205128,0.5042735042735043,-0.008547008547008548,0.7350427350427351,-0.02564102564102564,0.8717948717948718,-0.02564102564102564,1.0,-0.03418803418803419
z,0.0,0.0,0.08620689655172414,-0.23275862068965517,0.25862068965517243,-0.39655172413793105,0.45689655172413796,-0.43103448275862066,0.5603448275862069,-0.3793103448275862,0.4051724137931034,-0.47413793103448276,0.6551724137931034,-0.4051724137931034,0.603448275862069,-0.31896551724137934,0.5258620689655172,-0.29310344827586204,0.4482758620689655,-0.33620689655172414,0.7241379310344828,-0.28448275862068967,0.646551724137931,-0.19827586206896552,0.5431034482758621,-0.19827586206896552,0.4827586206896552,-0.1724137931034483,0.7241379310344828,-0.15517241379310345,0.646551724137931,-0.07758620689655173,0.5517241379310345,-0.06896551724137931,0.5,-0.017241379310344827,0.7327586206896551,-0.034482758620689655,0.8793103448275862,-0.034482758620689655,1.0,-0.05172413793103448
z,0.0,0.0,0.0847457627118644,-0.22033898305084745,0.2711864406779661,-0.3728813559322034,0.4745762711864407,-0.3813559322033898,0.576271186440678,-0.3050847457627119,0.3983050847457627,-0.4745762711864407,0.652542372881356,-0.3983050847457627,0.6101694915254238,-0.3050847457627119,0.5338983050847458,-0.288135593220339,0.4491525423728814,-0.3389830508474576,0.7203389830508474,-0.2796610169491525,0.652542372881356,-0.19491525423728814,0.559322033898305,-0.19491525423728814,0.4830508474576271,-0.17796610169491525,0.7288135593220338,-0.1440677966101695,0.652542372881356,-0.07627118644067797,0.559322033898305,-0.06779661016949153,0.5084745762711864,-0.01694915254237288,0.7372881355932204,-0.03389830508474576,0.8728813559322034,-0.03389830508474576,1.0,-0.0423728813559322
z,0.0,0.0,0.07692307692307693,-0.23076923076923078,0.26495726495726496,-0.38461538461538464,0.46153846153846156,-0.4017094017094017,0.5555555555555556,-0.3333333333333333,0.39316239316239315,-0.4700854700854701,0.6410256410256411,-0.4017094017094017,0.5982905982905983,-0.3076923076923077,0.5128205128205128,-0.28205128205128205,0.4444444444444444,-0.3333333333333333,0.7094017094017094,-0.28205128205128205,0.6410256410256411,-0.19658119658119658,0.5470085470085471,-0.18803418803418803,0.47863247863247865,-0.17094017094017094,0.7264957264957265,-0.1452991452991453,0.6581196581196581,-0.07692307692307693,0.5641025641025641,-0.05982905982905983,0.5042735042735043,-0.017094017094017096,0.7350427350427351,-0.03418803418803419,0.8717948717948718,-0.03418803418803419,1.0,-0.05128205128205128
z,0.0,0.0,0.08547008547008547,-0.2222222222222222,0.27350427350427353,-0.36752136752136755,0.47863247863247865,-0.36752136752136755,0.5811965811965812,-0.2905982905982906,0.4017094017094017,-0.4700854700854701,0.6581196581196581,-0.39316239316239315,0.6068376068376068,-0.3076923076923077,0.5299145299145299,-0.2905982905982906,0.4444444444444444,-0.3333333333333333,0.717948717948718,-0.28205128205128205,0.6495726495726496,-0.20512820512820512,0.5555555555555556,-0.19658119658119658,0.47863247863247865,-0.1794871794871795,0.7264957264957265,-0.15384615384615385,0.6495726495726496,-0.07692307692307693,0.5555555555555556,-0.06837606837606838,0.5042735042735043,-0.017094017094017096,0.7350427350427351,-0.042735042735042736,0.8803418803418803,-0.03418803418803419,1.0,-0.05128205128205128
z,0.0,0.0,0.08547008547008547,-0.21367521367521367,0.26495726495726496,-0.358974358974359,0.452991452991453,-0.358974358974359,0.5555555555555556,-0.27350427350427353,0.38461538461538464,-0.4700854700854701,0.6410256410256411,-0.38461538461538464,0.5982905982905983,-0.29914529914529914,0.5213675213675214,-0.27350427350427353,0.4444444444444444,-0.3333333333333333,0.717948717948718,-0.27350427350427353,0.6495726495726496,-0.18803418803418803,0.5555555555555556,-0.1794871794871795,0.47863247863247865,-0.1794871794871795,0.7350427350427351,-0.1452991452991453,0.6666666666666666,-0.07692307692307693,0.5726495726495726,-0.05982905982905983,0.5042735042735043,-0.017094017094017096,0.7435897435897436,-0.03418803418803419,0.8803418803418803,-0.03418803418803419,1.0,-0.05128205128205128
z,0.0,0.0,0.07758620689655173,-0.22413793103448276,0.25,-0.3879310344827586,0.4482758620689655,-0.4396551724137931,0.5517241379310345,-0.4051724137931034,0.39655172413793105,-0.47413793103448276,0.6551724137931034,-0.39655172413793105,0.6120689655172413,-0.3103448275862069,0.5258620689655172,-0.28448275862068967,0.4482758620689655,-0.33620689655172414,0.7241379310344828,-0.28448275862068967,0.6551724137931034,-0.19827586206896552,0.5603448275862069,-0.1896551724137931,0.4827586206896552,-0.1810344827586207,0.7327586206896551,-0.15517241379310345,0.6637931034482759,-0.07758620689655173,0.5775862068965517,-0.0603448275862069,0.5,-0.02586206896551724,0.7327586206896551,-0.04310344827586207,0.8793103448275862,-0.04310344827586207,1.0,-0.0603448275862069
z,0.0,0.0,0.0847457627118644,-0.22033898305084745,0.2711864406779661,-0.3813559322033898,0.4661016949152542,-0.4067796610169492,0.559322033898305,-0.3474576271186441,0.3983050847457627,-0.4745762711864407,0.652542372881356,-0.3983050847457627,0.6101694915254238,-0.3050847457627119,0.5254237288135594,-0.288135593220339,0.4491525423728814,-0.3474576271186441,0.7203389830508474,-0.288135593220339,0.652542372881356,-0.2033898305084746,0.559322033898305,-0.19491525423728814,0.4830508474576271,-0.1864406779661017,0.7372881355932204,-0.15254237288135594,0.6610169491525424,-0.0847457627118644,0.5677966101694916,-0.06779661016949153,0.5084745762711864,-0.025423728813559324,0.7457627118644068,-0.05084745762711865,0.8813559322033898,-0.05084745762711865,1.0,-0.059322033898305086
z,0.0,0.0,0.08547008547008547,-0.2222222222222222,0.26495726495726496,-0.39316239316239315,0.46153846153846156,-0.42735042735042733,0.5641025641025641,-0.36752136752136755,0.4017094017094017,-0.4700854700854701,0.6495726495726496,-0.4017094017094017,0.5982905982905983,-0.3162393162393162,0.5213675213675214,-0.2905982905982906,0.4444444444444444,-0.3418803418803419,0.717948717948718,-0.28205128205128205,0.6495726495726496,-0.20512820512820512,0.5555555555555556,-0.20512820512820512,0.47863247863247865,-0.1794871794871795,0.7264957264957265,-0.15384615384615385,0.6581196581196581,-0.07692307692307693,0.5641025641025641,-0.06837606837606838,0.49572649572649574,-0.02564102564102564,0.7350427350427351,-0.042735042735042736,0.8717948717948718,-0.042735042735042736,1.0,-0.05982905982905983
z,0.0,0.0,0.08547008547008547,-0.23076923076923078,0.2564102564102564,-0.39316239316239315,0.452991452991453,-0.46153846153846156,0.5470085470085471,-0.46153846153846156,0.41025641025641024,-0.47863247863247865,0.6581196581196581,-0.4017094017094017,0.6153846153846154,-0.3162393162393162,0.5384615384615384,-0.29914529914529914,0.452991452991453,-0.3504273504273504,0.7264957264957265,-0.2905982905982906,0.6495726495726496,-0.20512820512820512,0.5555555555555556,-0.19658119658119658,0.48717948717948717,-0.19658119658119658,0.7435897435897436,-0.17094017094017094,0.6752136752136753,-0.09401709401709402,0.5811965811965812,-0.08547008547008547,0.5128205128205128,-0.042735042735042736,0.7435897435897436,-0.05128205128205128,0.8803418803418803,-0.05128205128205128,1.0,-0.05982905982905983
z,0.0,0.0,0.0847457627118644,-0.22033898305084745,0.2542372881355932,-0.3813559322033898,0.4406779661016949,-0.4406779661016949,0.5338983050847458,-0.423728813559322,0.3983050847457627,-0.4745762711864407,0.652542372881356,-0.3983050847457627,0.6016949152542372,-0.3135593220338983,0.5254237288135594,-0.288135593220339,0.4406779661016949,-0.3474576271186441,0.7203389830508474,-0.2966101694915254,0.6440677966101694,-0.2033898305084746,0.5508474576271186,-0.19491525423728814,0.4830508474576271,-0.19491525423728814,0.7372881355932204,-0.1694915254237288,0.6694915254237288,-0.09322033898305085,0.576271186440678,-0.07627118644067797,0.5084745762711864,-0.0423728813559322,0.7372881355932204,-0.059322033898305086,0.8728813559322034,-0.059322033898305086,1.0,-0.06779661016949153
z,0.0,0.0,0.09401709401709402,-0.2222222222222222,0.27350427350427353,-0.38461538461538464,0.47863247863247865,-0.38461538461538464,0.5811965811965812,-0.29914529914529914,0.39316239316239315,-0.47863247863247865,0.6581196581196581,-0.39316239316239315,0.6153846153846154,-0.29914529914529914,0.5384615384615384,-0.28205128205128205,0.4444444444444444,-0.3418803418803419,0.7264957264957265,-0.28205128205128205,0.6581196581196581,-0.19658119658119658,0.5641025641025641,-0.18803418803418803,0.48717948717948717,-0.18803418803418803,0.7350427350427351,-0.1623931623931624,0.6581196581196581,-0.08547008547008547,0.5641025641025641,-0.07692307692307693,0.5128205128205128,-0.02564102564102564,0.7435897435897436,-0.05128205128205128,0.8803418803418803,-0.05128205128205128,1.0,-0.06837606837606838
z,0.0,0.0,0.08620689655172414,-0.22413793103448276,0.2672413793103448,-0.3793103448275862,0.46551724137931033,-0.3879310344827586,0.5689655172413793,-0.3103448275862069,0.4051724137931034,-0.47413793103448276,0.6551724137931034,-0.39655172413793105,0.6120689655172413,-0.3103448275862069,0.5344827586206896,-0.29310344827586204,0.45689655172413796,-0.3448275862068966,0.7241379310344828,-0.28448275862068967,0.6637931034482759,-0.19827586206896552,0.5689655172413793,-0.19827586206896552,0.49137931034482757,-0.1810344827586207,0.7327586206896551,-0.15517241379310345,0.6637931034482759,-0.08620689655172414,0.5775862068965517,-0.07758620689655173,0.5086206896551724,-0.02586206896551724,0.75,-0.05172413793103448,0.8879310344827587,-0.05172413793103448,1.0,-0.06896551724137931
z,0.0,0.0,0.08547008547008547,-0.23076923076923078,0.27350427350427353,-0.38461538461538464,0.47863247863247865,-0.4017094017094017,0.5811965811965812,-0.3247863247863248,0.4017094017094017,-0.47863247863247865,0.6581196581196581,-0.4017094017094017,0.6068376068376068,-0.3076923076923077,0.5299145299145299,-0.28205128205128205,0.452991452991453,-0.3418803418803419,0.7264957264957265,-0.2905982905982906,0.6581196581196581,-0.20512820512820512,0.5641025641025641,-0.18803418803418803,0.48717948717948717,-0.1794871794871795,0.7435897435897436,-0.15384615384615385,0.6752136752136753,-0.08547008547008547,0.5811965811965812,-0.06837606837606838,0.5128205128205128,-0.02564102564102564,0.7435897435897436,-0.05128205128205128,0.8803418803418803,-0.05128205128205128,1.0,-0.05982905982905983
z,0.0,0.0,0.08620689655172414,-0.22413793103448276,0.2672413793103448,-0.3879310344827586,0.45689655172413796,-0.39655172413793105,0.5517241379310345,-0.31896551724137934,0.4051724137931034,-0.4827586206896552,0.6551724137931034,-0.4051724137931034,0.603448275862069,-0.3103448275862069,0.5258620689655172,-0.28448275862068967,0.45689655172413796,-0.3448275862068966,0.7327586206896551,-0.29310344827586204,0.6637931034482759,-0.20689655172413793,0.5603448275862069,-0.19827586206896552,0.49137931034482757,-0.1896551724137931,0.7413793103448276,-0.16379310344827586,0.6637931034482759,-0.08620689655172414,0.5689655172413793,-0.07758620689655173,0.5172413793103449,-0.034482758620689655,0.75,-0.0603448275862069,0.8793103448275862,-0.05172413793103448,1.0,-0.06896551724137931
z,0.0,0.0,0.07758620689655173,-0.23275862068965517,0.25862068965517243,-0.4051724137931034,0.45689655172413796,-0.45689655172413796,0.5603448275862069,-0.41379310344827586,0.4051724137931034,-0.47413793103448276,0.6637931034482759,-0.39655172413793105,0.603448275862069,-0.3103448275862069,0.5258620689655172,-0.28448275862068967,0.45689655172413796,-0.3448275862068966,0.7327586206896551,-0.28448275862068967,0.6551724137931034,-0.20689655172413793,0.5517241379310345,-0.19827586206896552,0.4827586206896552,-0.1810344827586207,0.7327586206896551,-0.15517241379310345,0.6637931034482759,-0.08620689655172414,0.5689655172413793,-0.06896551724137931,0.5086206896551724,-0.02586206896551724,0.7327586206896551,-0.05172413793103448,0.8793103448275862,-0.05172413793103448,1.0,-0.06896551724137931
a,0.0,0.0,0.36065573770491804,-0.11475409836065574,0.6229508196721312,-0.30327868852459017,0.7622950819672131,-0.5163934426229508,0.8360655737704918,-0.6885245901639344,0.45081967213114754,-0.6721311475409836,0.5,-0.9754098360655737,0.4918032786885246,-0.8032786885245902,0.45901639344262296,-0.6475409836065574,0.2786885245901639,-0.6967213114754098,0.319672131147541,-1.0,0.319672131147541,-0.7786885245901639,0.29508196721311475,-0.6147540983606558,0.10655737704918032,-0.6967213114754098,0.14754098360655737,-1.0,0.16393442622950818,-0.8032786885245902,0.1557377049180328,-0.639344262295082,-0.06557377049180328,-0.6885245901639344,-0.02459016393442623,-0.9098360655737705,0.01639344262295082,-0.7868852459016393,0.02459016393442623,-0.6639344262295082
a,0.0,0.0,0.36666666666666664,-0.09166666666666666,0.6166666666666667,-0.275,0.7416666666666667,-0.49166666666666664,0.7916666666666666,-0.675,0.44166666666666665,-0.65,0.49166666666666664,-0.9583333333333334,0.5083333333333333,-0.7916666666666666,0.475,-0.625,0.275,-0.675,0.30833333333333335,-1.0,0.3333333333333333,-0.775,0.31666666666666665,-0.6083333333333333,0.10833333333333334,-0.675,0.14166666666666666,-0.9916666666666667,0.18333333333333332,-0.7916666666666666,0.175,-0.625,-0.06666666666666667,-0.6666666666666666,-0.025,-0.8916666666666667,0.025,-0.7666666666666667,0.03333333333333333,-0.6416666666666667
a,0.0,0.0,0.35833333333333334,-0.09166666666666666,0.6083333333333333,-0.275,0.7416666666666667,-0.49166666666666664,0.7916666666666666,-0.675,0.44166666666666665,-0.6416666666666667,0.49166666666666664,-0.9583333333333334,0.5083333333333333,-0.7916666666666666,0.475,-0.625,0.275,-0.675,0.30833333333333335,-1.0,0.3333333333333333,-0.7833333333333333,0.30833333333333335,-0.6166666666666667,0.1,-0.6833333333333333,0.14166666666666666,-0.9916666666666667,0.175,-0.8,0.175,-0.6333333333333333,-0.075,-0.6666666666666666,-0.03333333333333333,-0.8916666666666667,0.025,-0.775,0.03333333333333333,-0.65
a,0.0,0.0,0.35833333333333334,-0.08333333333333333,0.6166666666666667,-0.275,0.75,-0.49166666666666664,0.775,-0.6833333333333333,0.44166666666666665,-0.6416666666666667,0.49166666666666664,-0.9583333333333334,0.5,-0.7916666666666666,0.4666666666666667,-0.625,0.275,-0.675,0.30833333333333335,-1.0,0.325,-0.775,0.3,-0.6083333333333333,0.10833333333333334,-0.675,0.14166666666666666,-0.9833333333333333,0.175,-0.7833333333333333,0.16666666666666666,-0.6166666666666667,-0.06666666666666667,-0.6583333333333333,-0.041666666666666664,-0.875,0.016666666666666666,-0.7666666666666667,0.025,-0.6416666666666667
a,0.0,0.0,0.36134453781512604,-0.09243697478991597,0.6134453781512605,-0.2857142857142857,0.7478991596638656,-0.5042016806722689,0.773109243697479,-0.7058823529411765,0.44537815126050423,-0.6554621848739496,0.4957983193277311,-0.9747899159663865,0.5042016806722689,-0.8067226890756303,0.47058823529411764,-0.6386554621848739,0.2689075630252101,-0.680672268907563,0.3025210084033613,-1.0,0.31932773109243695,-0.7815126050420168,0.3025210084033613,-0.6134453781512605,0.10084033613445378,-0.680672268907563,0.13445378151260504,-0.9915966386554622,0.16806722689075632,-0.7899159663865546,0.15966386554621848,-0.6218487394957983,-0.07563025210084033,-0.6638655462184874,-0.04201680672268908,-0.8823529411764706,0.008403361344537815,-0.7647058823529411,0.01680672268907563,-0.6470588235294118
a,0.0,0.0,0.3559322033898305,-0.09322033898305085,0.6186440677966102,-0.288135593220339,0.7457627118644068,-0.5084745762711864,0.788135593220339,-0.711864406779661,0.4576271186440678,-0.6610169491525424,0.5,-0.9745762711864406,0.5169491525423728,-0.8050847457627118,0.4830508474576271,-0.635593220338983,0.2711864406779661,-0.6864406779661016,0.3050847457627119,-1.0,0.3220338983050847,-0.7796610169491526,0.3050847457627119,-0.6101694915254238,0.09322033898305085,-0.6864406779661016,0.1271186440677966,-0.9830508474576272,0.16101694915254236,-0.7711864406779662,0.15254237288135594,-0.6101694915254238,-0.0847457627118644,-0.6610169491525424,-0.059322033898305086,-0.8728813559322034,0.0,-0.7372881355932204,0.00847457627118644,-0.6186440677966102
a,0.0,0.0,0.35,-0.10833333333333334,0.6083333333333333,-0.30833333333333335,0.7333333333333333,-0.525,0.7583333333333333,-0.725,0.44166666666666665,-0.675,0.49166666666666664,-0.9833333333333333,0.5,-0.8083333333333333,0.4666666666666667,-0.6333333333333333,0.26666666666666666,-0.7,0.2916666666666667,-1.0,0.30833333333333335,-0.7666666666666667,0.2916666666666667,-0.6083333333333333,0.09166666666666666,-0.6916666666666667,0.125,-0.9833333333333333,0.15833333333333333,-0.775,0.15,-0.6166666666666667,-0.08333333333333333,-0.675,-0.05,-0.875,0.0,-0.7416666666666667,0.008333333333333333,-0.625
a,0.0,0.0,0.36666666666666664,-0.10833333333333334,0.6166666666666667,-0.31666666666666665,0.7333333333333333,-0.5416666666666666,0.7583333333333333,-0.7416666666666667,0.45,-0.6666666666666666,0.49166666666666664,-0.9833333333333333,0.49166666666666664,-0.7916666666666666,0.45,-0.6333333333333333,0.26666666666666666,-0.6916666666666667,0.3,-1.0,0.30833333333333335,-0.7583333333333333,0.2916666666666667,-0.6083333333333333,0.1,-0.6916666666666667,0.125,-0.9833333333333333,0.15,-0.7583333333333333,0.15,-0.6,-0.08333333333333333,-0.6666666666666666,-0.05,-0.8666666666666667,-0.008333333333333333,-0.7333333333333333,0.0,-0.6166666666666667
a,0.0,0.0,0.3559322033898305,-0.1016949152542373,0.5932203389830508,-0.3305084745762712,0.6949152542372882,-0.5677966101694916,0.6864406779661016,-0.7711864406779662,0.4491525423728814,-0.6694915254237288,0.4915254237288136,-0.9830508474576272,0.4915254237288136,-0.7966101694915254,0.4491525423728814,-0.6271186440677966,0.2711864406779661,-0.6864406779661016,0.3050847457627119,-1.0,0.3135593220338983,-0.7711864406779662,0.3050847457627119,-0.6101694915254238,0.0847457627118644,-0.6864406779661016,0.1271186440677966,-0.9830508474576272,0.16101694915254236,-0.7711864406779662,0.15254237288135594,-0.6016949152542372,-0.1016949152542373,-0.6694915254237288,-0.05084745762711865,-0.8728813559322034,0.0,-0.7372881355932204,0.00847457627118644,-0.6186440677966102
a,0.0,0.0,0.3445378151260504,-0.1092436974789916,0.5714285714285714,-0.3445378151260504,0.6638655462184874,-0.5882352941176471,0.6638655462184874,-0.8067226890756303,0.4369747899159664,-0.680672268907563,0.4789915966386555,-0.9831932773109243,0.4789915966386555,-0.7899159663865546,0.4369747899159664,-0.6302521008403361,0.2605042016806723,-0.7058823529411765,0.29411764705882354,-1.0,0.31092436974789917,-0.7563025210084033,0.29411764705882354,-0.6050420168067226,0.08403361344537816,-0.6974789915966386,0.12605042016806722,-0.9831932773109243,0.15126050420168066,-0.7563025210084033,0.13445378151260504,-0.6050420168067226,-0.10084033613445378,-0.680672268907563,-0.05042016806722689,-0.8739495798319328,-0.008403361344537815,-0.7310924369747899,0.0,-0.6134453781512605
a,0.0,0.0,0.3644067796610169,-0.1016949152542373,0.5932203389830508,-0.3389830508474576,0.6694915254237288,-0.6101694915254238,0.6779661016949152,-0.8220338983050848,0.4745762711864407,-0.6694915254237288,0.5169491525423728,-0.9745762711864406,0.5084745762711864,-0.7966101694915254,0.4745762711864407,-0.635593220338983,0.2966101694915254,-0.6949152542372882,0.3305084745762712,-1.0,0.3389830508474576,-0.7627118644067796,0.3305084745762712,-0.6101694915254238,0.11864406779661017,-0.6949152542372882,0.16101694915254236,-0.9745762711864406,0.1864406779661017,-0.7542372881355932,0.1694915254237288,-0.5932203389830508,-0.06779661016949153,-0.6779661016949152,-0.01694915254237288,-0.8728813559322034,0.025423728813559324,-0.7288135593220338,0.03389830508474576,-0.6101694915254238
a,0.0,0.0,0.3559322033898305,-0.1016949152542373,0.576271186440678,-0.3389830508474576,0.652542372881356,-0.6016949152542372,0.6610169491525424,-0.8220338983050848,0.4576271186440678,-0.6610169491525424,0.5,-0.9745762711864406,0.5,-0.7966101694915254,0.4576271186440678,-0.635593220338983,0.288135593220339,-0.6949152542372882,0.3135593220338983,-1.0,0.3305084745762712,-0.7627118644067796,0.3050847457627119,-0.6101694915254238,0.1016949152542373,-0.6949152542372882,0.1440677966101695,-0.9830508474576272,0.1694915254237288,-0.7542372881355932,0.15254237288135594,-0.6016949152542372,-0.0847457627118644,-0.6694915254237288,-0.03389830508474576,-0.8728813559322034,0.00847457627118644,-0.7288135593220338,0.00847457627118644,-0.6186440677966102
a,0.0,0.0,0.3416666666666667,-0.11666666666666667,0.5666666666666667,-0.35,0.6333333333333333,-0.6,0.625,-0.8166666666666667,0.43333333333333335,-0.6666666666666666,0.475,-0.975,0.475,-0.7833333333333333,0.44166666666666665,-0.6333333333333333,0.26666666666666666,-0.6916666666666667,0.2916666666666667,-1.0,0.30833333333333335,-0.7583333333333333,0.2916666666666667,-0.6083333333333333,0.09166666666666666,-0.6916666666666667,0.125,-0.9666666666666667,0.15833333333333333,-0.75,0.15,-0.6083333333333333,-0.09166666666666666,-0.6666666666666666,-0.041666666666666664,-0.8583333333333333,0.008333333333333333,-0.725,0.008333333333333333,-0.6166666666666667
a,0.0,0.0,0.3644067796610169,-0.1016949152542373,0.5932203389830508,-0.3305084745762712,0.6694915254237288,-0.5932203389830508,0.6440677966101694,-0.7966101694915254,0.4745762711864407,-0.6610169491525424,0.4915254237288136,-0.9830508474576272,0.5084745762711864,-0.8305084745762712,0.4830508474576271,-0.6694915254237288,0.2966101694915254,-0.6864406779661016,0.3220338983050847,-1.0,0.3474576271186441,-0.7796610169491526,0.3305084745762712,-0.6186440677966102,0.11864406779661017,-0.6864406779661016,0.16101694915254236,-0.9745762711864406,0.19491525423728814,-0.7627118644067796,0.17796610169491525,-0.6101694915254238,-0.06779661016949153,-0.6694915254237288,-0.01694915254237288,-0.8728813559322034,0.03389830508474576,-0.7288135593220338,0.03389830508474576,-0.6101694915254238
a,0.0,0.0,0.35,-0.10833333333333334,0.575,-0.3333333333333333,0.6583333333333333,-0.5916666666666667,0.6583333333333333,-0.7916666666666666,0.4583333333333333,-0.6666666666666666,0.475,-0.975,0.49166666666666664,-0.8333333333333334,0.4666666666666667,-0.6833333333333333,0.2833333333333333,-0.6916666666666667,0.30833333333333335,-1.0,0.3333333333333333,-0.7833333333333333,0.31666666666666665,-0.625,0.10833333333333334,-0.6916666666666667,0.14166666666666666,-0.975,0.175,-0.7666666666666667,0.15833333333333333,-0.6166666666666667,-0.075,-0.675,-0.025,-0.875,0.016666666666666666,-0.7416666666666667,0.016666666666666666,-0.625
a,0.0,0.0,0.358974358974359,-0.09401709401709402,0.5897435897435898,-0.3076923076923077,0.6923076923076923,-0.5641025641025641,0.6837606837606838,-0.7863247863247863,0.4700854700854701,-0.6495726495726496,0.5042735042735043,-0.9743589743589743,0.5128205128205128,-0.811965811965812,0.47863247863247865,-0.6410256410256411,0.29914529914529914,-0.6837606837606838,0.3333333333333333,-1.0,0.3504273504273504,-0.7777777777777778,0.3333333333333333,-0.6153846153846154,0.11965811965811966,-0.6923076923076923,0.1623931623931624,-0.9914529914529915,0.18803418803418803,-0.7692307692307693,0.17094017094017094,-0.6068376068376068,-0.06837606837606838,-0.6752136752136753,-0.017094017094017096,-0.8803418803418803,0.02564102564102564,-0.7435897435897436,0.02564102564102564,-0.6153846153846154
a,0.0,0.0,0.3504273504273504,-0.09401709401709402,0.5811965811965812,-0.3076923076923077,0.6923076923076923,-0.5555555555555556,0.6837606837606838,-0.7863247863247863,0.46153846153846156,-0.6666666666666666,0.49572649572649574,-0.9829059829059829,0.49572649572649574,-0.811965811965812,0.46153846153846156,-0.6410256410256411,0.2905982905982906,-0.6923076923076923,0.3247863247863248,-1.0,0.3333333333333333,-0.7692307692307693,0.3162393162393162,-0.6153846153846154,0.1111111111111111,-0.7008547008547008,0.1623931623931624,-0.9914529914529915,0.1794871794871795,-0.7692307692307693,0.1623931623931624,-0.6068376068376068,-0.07692307692307693,-0.6837606837606838,-0.02564102564102564,-0.8803418803418803,0.017094017094017096,-0.7350427350427351,0.017094017094017096,-0.6153846153846154
a,0.0,0.0,0.35,-0.1,0.575,-0.30833333333333335,0.675,-0.55,0.675,-0.7583333333333333,0.425,-0.6666666666666666,0.475,-0.9666666666666667,0.49166666666666664,-0.7916666666666666,0.45,-0.625,0.25833333333333336,-0.6833333333333333,0.3,-1.0,0.325,-0.7666666666666667,0.3,-0.6083333333333333,0.09166666666666666,-0.6916666666666667,0.14166666666666666,-0.9833333333333333,0.175,-0.775,0.15,-0.6166666666666667,-0.08333333333333333,-0.675,-0.03333333333333333,-0.875,0.016666666666666666,-0.7416666666666667,0.016666666666666666,-0.625
a,0.0,0.0,0.3559322033898305,-0.09322033898305085,0.5932203389830508,-0.2966101694915254,0.6949152542372882,-0.5338983050847458,0.6864406779661016,-0.7457627118644068,0.4576271186440678,-0.6610169491525424,0.5,-0.9661016949152542,0.5169491525423728,-0.7966101694915254,0.4745762711864407,-0.635593220338983,0.288135593220339,-0.6864406779661016,0.3220338983050847,-1.0,0.3389830508474576,-0.7711864406779662,0.3220338983050847,-0.6101694915254238,0.11016949152542373,-0.6949152542372882,0.16101694915254236,-0.9915254237288136,0.1864406779661017,-0.7711864406779662,0.1694915254237288,-0.6101694915254238,-0.07627118644067797,-0.6779661016949152,-0.025423728813559324,-0.8813559322033898,0.01694915254237288,-0.7457627118644068,0.025423728813559324,-0.6271186440677966
a,0.0,0.0,0.3644067796610169,-0.0847457627118644,0.6186440677966102,-0.2796610169491525,0.7372881355932204,-0.5169491525423728,0.7796610169491526,-0.711864406779661,0.4661016949152542,-0.6610169491525424,0.5254237288135594,-0.9661016949152542,0.5338983050847458,-0.7966101694915254,0.4830508474576271,-0.635593220338983,0.2966101694915254,-0.6949152542372882,0.3474576271186441,-1.0,0.3474576271186441,-0.7542372881355932,0.3220338983050847,-0.6016949152542372,0.1271186440677966,-0.7033898305084746,0.17796610169491525,-0.9915254237288136,0.19491525423728814,-0.7627118644067796,0.17796610169491525,-0.6101694915254238,-0.05084745762711865,-0.6949152542372882,-0.00847457627118644,-0.8983050847457628,0.03389830508474576,-0.7457627118644068,0.0423728813559322,-0.6271186440677966
b,0.0,0.0,0.20105820105820105,-0.047619047619047616,0.38095238095238093,-0.19576719576719576,0.41798941798941797,-0.37037037037037035,0.32275132275132273,-0.47619047619047616,0.30687830687830686,-0.48677248677248675,0.4021164021164021,-0.671957671957672,0.455026455026455,-0.7777777777777778,0.5079365079365079,-0.8783068783068783,0.19576719576719576,-0.5343915343915344,0.25925925925925924,-0.7566137566137566,0.30687830687830686,-0.8888888888888888,0.3439153439153439,-1.0,0.08994708994708994,-0.5291005291005291,0.12169312169312169,-0.7407407407407407,0.1693121693121693,-0.8624338624338624,0.20634920634920634,-0.9682539682539683,-0.021164021164021163,-0.48677248677248675,-0.015873015873015872,-0.6613756613756614,0.005291005291005291,-0.7671957671957672,0.026455026455026454,-0.8624338624338624
b,0.0,0.0,0.21195652173913043,-0.03804347826086957,0.3967391304347826,-0.18478260869565216,0.44021739130434784,-0.3532608695652174,0.358695652173913,-0.46195652173913043,0.32608695652173914,-0.483695652173913,0.43478260869565216,-0.6684782608695652,0.4945652173913043,-0.7771739130434783,0.5543478260869565,-0.875,0.21739130434782608,-0.5380434782608695,0.2826086956521739,-0.7663043478260869,0.33695652173913043,-0.8913043478260869,0.3804347826086957,-1.0,0.10869565217391304,-0.5380434782608695,0.14130434782608695,-0.7554347826086957,0.1956521739130435,-0.875,0.2391304347826087,-0.9782608695652174,-0.005434782608695652,-0.5,0.010869565217391304,-0.6739130434782609,0.03260869565217391,-0.782608695652174,0.06521739130434782,-0.875
b,0.0,0.0,0.21081081081081082,-0.03783783783783784,0.3891891891891892,-0.1945945945945946,0.43243243243243246,-0.3621621621621622,0.34594594594594597,-0.4648648648648649,0.32432432432432434,-0.4864864864864865,0.42162162162162165,-0.6810810810810811,0.4756756756756757,-0.7891891891891892,0.5243243243243243,-0.8810810810810811,0.21621621621621623,-0.5351351351351351,0.2864864864864865,-0.7675675675675676,0.34054054054054056,-0.8972972972972973,0.3783783783783784,-1.0,0.11351351351351352,-0.5351351351351351,0.15135135135135136,-0.7513513513513513,0.20540540540540542,-0.8756756756756757,0.24864864864864866,-0.9783783783783784,0.005405405405405406,-0.4972972972972973,0.021621621621621623,-0.6648648648648648,0.043243243243243246,-0.772972972972973,0.07027027027027027,-0.8702702702702703
b,0.0,0.0,0.20652173913043478,-0.03804347826086957,0.3858695652173913,-0.19021739130434784,0.43478260869565216,-0.3641304347826087,0.3423913043478261,-0.4673913043478261,0.32608695652173914,-0.483695652173913,0.41304347826086957,-0.6793478260869565,0.46195652173913043,-0.7934782608695652,0.5108695652173914,-0.8858695652173914,0.21739130434782608,-0.5380434782608695,0.2826086956521739,-0.7663043478260869,0.33695652173913043,-0.8967391304347826,0.375,-1.0,0.11413043478260869,-0.532608695652174,0.15217391304347827,-0.75,0.20108695652173914,-0.875,0.2391304347826087,-0.9782608695652174,0.0,-0.4945652173913043,0.016304347826086956,-0.6684782608695652,0.043478260869565216,-0.7771739130434783,0.06521739130434782,-0.875
b,0.0,0.0,0.2087912087912088,-0.038461538461538464,0.3901098901098901,-0.18681318681318682,0.43956043956043955,-0.35714285714285715,0.3516483516483517,-0.46703296703296704,0.3241758241758242,-0.47802197802197804,0.42857142857142855,-0.6758241758241759,0.4835164835164835,-0.7912087912087912,0.5384615384615384,-0.8846153846153846,0.21428571428571427,-0.532967032967033,0.2857142857142857,-0.7637362637362637,0.33516483516483514,-0.8956043956043956,0.3791208791208791,-1.0,0.1043956043956044,-0.532967032967033,0.14285714285714285,-0.7527472527472527,0.1978021978021978,-0.8791208791208791,0.24175824175824176,-0.9835164835164835,-0.01098901098901099,-0.5,0.005494505494505495,-0.6703296703296703,0.03296703296703297,-0.7802197802197802,0.06043956043956044,-0.8791208791208791
b,0.0,0.0,0.2087912087912088,-0.04395604395604396,0.3901098901098901,-0.1978021978021978,0.4340659340659341,-0.36813186813186816,0.3516483516483517,-0.4725274725274725,0.32967032967032966,-0.489010989010989,0.4230769230769231,-0.6868131868131868,0.47802197802197804,-0.8021978021978022,0.5274725274725275,-0.8956043956043956,0.21978021978021978,-0.5384615384615384,0.29120879120879123,-0.7692307692307693,0.3516483516483517,-0.8956043956043956,0.3956043956043956,-1.0,0.11538461538461539,-0.5384615384615384,0.15934065934065933,-0.7582417582417582,0.21428571428571427,-0.8846153846153846,0.25824175824175827,-0.9835164835164835,0.005494505494505495,-0.5054945054945055,0.027472527472527472,-0.6758241758241759,0.054945054945054944,-0.7857142857142857,0.08241758241758242,-0.8846153846153846
b,0.0,0.0,0.2087912087912088,-0.04395604395604396,0.3901098901098901,-0.2032967032967033,0.4340659340659341,-0.37362637362637363,0.34615384615384615,-0.47802197802197804,0.32967032967032966,-0.4945054945054945,0.4175824175824176,-0.6923076923076923,0.46703296703296704,-0.8021978021978022,0.5164835164835165,-0.8956043956043956,0.21978021978021978,-0.5439560439560439,0.29120879120879123,-0.7747252747252747,0.34615384615384615,-0.9010989010989011,0.3956043956043956,-1.0,0.11538461538461539,-0.5439560439560439,0.15934065934065933,-0.7637362637362637,0.21428571428571427,-0.8846153846153846,0.25824175824175827,-0.9835164835164835,0.005494505494505495,-0.5054945054945055,0.027472527472527472,-0.6758241758241759,0.054945054945054944,-0.7857142857142857,0.08791208791208792,-0.8846153846153846
b,0.0,0.0,0.20765027322404372,-0.03825136612021858,0.3879781420765027,-0.1912568306010929,0.4262295081967213,-0.366120218579235,0.3442622950819672,-0.4644808743169399,0.3224043715846995,-0.4918032786885246,0.40437158469945356,-0.6885245901639344,0.44808743169398907,-0.7978142076502732,0.4918032786885246,-0.8961748633879781,0.2185792349726776,-0.5409836065573771,0.28415300546448086,-0.7704918032786885,0.3333333333333333,-0.8961748633879781,0.3770491803278688,-1.0,0.11475409836065574,-0.5409836065573771,0.15300546448087432,-0.7595628415300546,0.20218579234972678,-0.8797814207650273,0.24043715846994534,-0.9726775956284153,0.0,-0.5027322404371585,0.0273224043715847,-0.6721311475409836,0.0546448087431694,-0.7814207650273224,0.08196721311475409,-0.8797814207650273
b,0.0,0.0,0.2111111111111111,-0.03888888888888889,0.39444444444444443,-0.18888888888888888,0.4388888888888889,-0.36666666666666664,0.34444444444444444,-0.4722222222222222,0.3277777777777778,-0.49444444444444446,0.4222222222222222,-0.6888888888888889,0.4777777777777778,-0.8,0.5277777777777778,-0.8944444444444445,0.21666666666666667,-0.5388888888888889,0.28888888888888886,-0.7722222222222223,0.34444444444444444,-0.9,0.3888888888888889,-1.0,0.1111111111111111,-0.5388888888888889,0.15555555555555556,-0.7555555555555555,0.2111111111111111,-0.8777777777777778,0.2611111111111111,-0.9777777777777777,0.0,-0.5055555555555555,0.022222222222222223,-0.6777777777777778,0.05,-0.7888888888888889,0.07777777777777778,-0.8888888888888888
b,0.0,0.0,0.20441988950276244,-0.03867403314917127,0.3867403314917127,-0.1878453038674033,0.425414364640884,-0.35911602209944754,0.3425414364640884,-0.4585635359116022,0.3149171270718232,-0.49171270718232046,0.40331491712707185,-0.6906077348066298,0.4530386740331492,-0.8011049723756906,0.4972375690607735,-0.8950276243093923,0.20994475138121546,-0.5359116022099447,0.27071823204419887,-0.7624309392265194,0.3259668508287293,-0.8950276243093923,0.3701657458563536,-1.0,0.10497237569060773,-0.5303867403314917,0.15469613259668508,-0.7458563535911602,0.20441988950276244,-0.8674033149171271,0.2541436464088398,-0.9668508287292817,-0.0055248618784530384,-0.4972375690607735,0.022099447513812154,-0.6629834254143646,0.055248618784530384,-0.7734806629834254,0.08839779005524862,-0.8729281767955801
b,0.0,0.0,0.21428571428571427,-0.038461538461538464,0.3956043956043956,-0.1978021978021978,0.4340659340659341,-0.37362637362637363,0.3516483516483517,-0.4835164835164835,0.32967032967032966,-0.4945054945054945,0.41208791208791207,-0.6923076923076923,0.45604395604395603,-0.7967032967032966,0.5054945054945055,-0.8901098901098901,0.22527472527472528,-0.5439560439560439,0.2857142857142857,-0.7692307692307693,0.32967032967032966,-0.8956043956043956,0.37362637362637363,-1.0,0.12087912087912088,-0.5439560439560439,0.15934065934065933,-0.7582417582417582,0.2087912087912088,-0.8736263736263736,0.24725274725274726,-0.9725274725274725,0.005494505494505495,-0.5054945054945055,0.038461538461538464,-0.6703296703296703,0.07142857142857142,-0.7802197802197802,0.1043956043956044,-0.8791208791208791
b,0.0,0.0,0.20994475138121546,-0.03867403314917127,0.39226519337016574,-0.19337016574585636,0.43646408839779005,-0.3756906077348066,0.3425414364640884,-0.48066298342541436,0.3259668508287293,-0.49171270718232046,0.4143646408839779,-0.6850828729281768,0.4585635359116022,-0.7955801104972375,0.5082872928176796,-0.8895027624309392,0.2154696132596685,-0.5414364640883977,0.27624309392265195,-0.7624309392265194,0.3149171270718232,-0.8895027624309392,0.35359116022099446,-1.0,0.10497237569060773,-0.5359116022099447,0.143646408839779,-0.7513812154696132,0.1878453038674033,-0.8784530386740331,0.23204419889502761,-0.9779005524861878,-0.011049723756906077,-0.5027624309392266,0.011049723756906077,-0.6740331491712708,0.03867403314917127,-0.7790055248618785,0.0718232044198895,-0.8784530386740331
b,0.0,0.0,0.2154696132596685,-0.049723756906077346,0.39779005524861877,-0.19889502762430938,0.43646408839779005,-0.3756906077348066,0.35911602209944754,-0.4861878453038674,0.3259668508287293,-0.49171270718232046,0.4143646408839779,-0.6850828729281768,0.4696132596685083,-0.7900552486187845,0.5193370165745856,-0.8839779005524862,0.20994475138121546,-0.5359116022099447,0.27624309392265195,-0.7569060773480663,0.3259668508287293,-0.8895027624309392,0.35911602209944754,-1.0,0.09944751381215469,-0.5359116022099447,0.143646408839779,-0.7458563535911602,0.19337016574585636,-0.8729281767955801,0.23756906077348067,-0.9779005524861878,-0.016574585635359115,-0.4972375690607735,-0.0055248618784530384,-0.6685082872928176,0.022099447513812154,-0.7734806629834254,0.055248618784530384,-0.8729281767955801
b,0.0,0.0,0.2087912087912088,-0.04395604395604396,0.38461538461538464,-0.1978021978021978,0.42857142857142855,-0.36813186813186816,0.34065934065934067,-0.4725274725274725,0.3131868131868132,-0.489010989010989,0.41208791208791207,-0.6813186813186813,0.46153846153846156,-0.7857142857142857,0.510989010989011,-0.8846153846153846,0.2032967032967033,-0.5384615384615384,0.25824175824175827,-0.7582417582417582,0.3076923076923077,-0.8846153846153846,0.34065934065934067,-1.0,0.09340659340659341,-0.532967032967033,0.12637362637362637,-0.7417582417582418,0.17032967032967034,-0.8681318681318682,0.21428571428571427,-0.9725274725274725,-0.02197802197802198,-0.4945054945054945,-0.016483516483516484,-0.6593406593406593,0.01098901098901099,-0.7692307692307693,0.038461538461538464,-0.8681318681318682
b,0.0,0.0,0.22099447513812154,-0.03867403314917127,0.4088397790055249,-0.17679558011049723,0.4585635359116022,-0.34806629834254144,0.3701657458563536,-0.4530386740331492,0.3314917127071823,-0.48066298342541436,0.4530386740331492,-0.6629834254143646,0.5193370165745856,-0.7624309392265194,0.580110497237569,-0.861878453038674,0.22099447513812154,-0.5303867403314917,0.281767955801105,-0.7569060773480663,0.3314917127071823,-0.8839779005524862,0.3701657458563536,-1.0,0.11049723756906077,-0.5303867403314917,0.143646408839779,-0.7403314917127072,0.19337016574585636,-0.861878453038674,0.23756906077348067,-0.9723756906077348,-0.0055248618784530384,-0.49171270718232046,0.0055248618784530384,-0.6629834254143646,0.027624309392265192,-0.7679558011049724,0.055248618784530384,-0.8674033149171271
b,0.0,0.0,0.21787709497206703,-0.0335195530726257,0.4134078212290503,-0.17318435754189945,0.4581005586592179,-0.3407821229050279,0.3743016759776536,-0.45251396648044695,0.3407821229050279,-0.48044692737430167,0.46368715083798884,-0.6536312849162011,0.5363128491620112,-0.7597765363128491,0.6089385474860335,-0.8491620111731844,0.22346368715083798,-0.5363128491620112,0.29608938547486036,-0.7597765363128491,0.3463687150837989,-0.888268156424581,0.39664804469273746,-1.0,0.11173184357541899,-0.5307262569832403,0.1452513966480447,-0.7486033519553073,0.19553072625698323,-0.8715083798882681,0.24581005586592178,-0.9832402234636871,-0.00558659217877095,-0.49162011173184356,-0.00558659217877095,-0.659217877094972,0.01675977653631285,-0.770949720670391,0.03910614525139665,-0.8715083798882681
b,0.0,0.0,0.22988505747126436,-0.017241379310344827,0.42528735632183906,-0.16666666666666666,0.47701149425287354,-0.3448275862068966,0.3850574712643678,-0.4540229885057471,0.3563218390804598,-0.4827586206896552,0.4885057471264368,-0.6609195402298851,0.5689655172413793,-0.7586206896551724,0.6436781609195402,-0.8505747126436781,0.2413793103448276,-0.5402298850574713,0.3160919540229885,-0.764367816091954,0.3793103448275862,-0.8908045977011494,0.43103448275862066,-1.0,0.12643678160919541,-0.5459770114942529,0.16091954022988506,-0.7586206896551724,0.21839080459770116,-0.8850574712643678,0.27011494252873564,-0.9942528735632183,0.0,-0.5,-0.005747126436781609,-0.6781609195402298,0.011494252873563218,-0.7931034482758621,0.034482758620689655,-0.896551724137931
b,0.0,0.0,0.2254335260115607,-0.017341040462427744,0.4277456647398844,-0.17341040462427745,0.47398843930635837,-0.35260115606936415,0.37572254335260113,-0.45664739884393063,0.3583815028901734,-0.4682080924855491,0.4913294797687861,-0.6473988439306358,0.5780346820809249,-0.7514450867052023,0.6473988439306358,-0.8439306358381503,0.23699421965317918,-0.5375722543352601,0.3179190751445087,-0.7572254335260116,0.3872832369942196,-0.8901734104046243,0.4393063583815029,-1.0,0.12138728323699421,-0.5433526011560693,0.15606936416184972,-0.7630057803468208,0.2138728323699422,-0.884393063583815,0.2658959537572254,-0.9884393063583815,0.0,-0.5028901734104047,0.0,-0.6820809248554913,0.017341040462427744,-0.8034682080924855,0.04046242774566474,-0.9075144508670521
b,0.0,0.0,0.21839080459770116,-0.022988505747126436,0.41379310344827586,-0.1724137931034483,0.45977011494252873,-0.3505747126436782,0.3735632183908046,-0.45977011494252873,0.3505747126436782,-0.47701149425287354,0.47701149425287354,-0.6666666666666666,0.5517241379310345,-0.7701149425287356,0.6206896551724138,-0.8620689655172413,0.23563218390804597,-0.5402298850574713,0.3160919540229885,-0.764367816091954,0.3793103448275862,-0.8908045977011494,0.4367816091954023,-1.0,0.1206896551724138,-0.5459770114942529,0.16666666666666666,-0.7586206896551724,0.21839080459770116,-0.8850574712643678,0.27011494252873564,-0.9885057471264368,0.005747126436781609,-0.5114942528735632,0.017241379310344827,-0.6896551724137931,0.04597701149425287,-0.7988505747126436,0.08620689655172414,-0.896551724137931
b,0.0,0.0,0.22674418604651161,-0.01744186046511628,0.42441860465116277,-0.1686046511627907,0.47674418604651164,-0.3546511627906977,0.38953488372093026,-0.46511627906976744,0.36046511627906974,-0.48255813953488375,0.4883720930232558,-0.6686046511627907,0.563953488372093,-0.7732558139534884,0.6395348837209303,-0.8662790697674418,0.2441860465116279,-0.5406976744186046,0.3313953488372093,-0.7674418604651163,0.3953488372093023,-0.8953488372093024,0.4476744186046512,-1.0,0.13372093023255813,-0.5465116279069767,0.1744186046511628,-0.7674418604651163,0.23255813953488372,-0.8895348837209303,0.28488372093023256,-0.9941860465116279,0.01744186046511628,-0.5174418604651163,0.03488372093023256,-0.6976744186046512,0.06395348837209303,-0.8081395348837209,0.10465116279069768,-0.9069767441860465
c,0.0,0.0,0.3162393162393162,-0.07692307692307693,0.5384615384615384,-0.24786324786324787,0.717948717948718,-0.38461538461538464,0.8632478632478633,-0.5299145299145299,0.3504273504273504,-0.6581196581196581,0.47863247863247865,-0.8717948717948718,0.6410256410256411,-0.9145299145299145,0.7863247863247863,-0.8974358974358975,0.27350427350427353,-0.7008547008547008,0.42735042735042733,-0.9658119658119658,0.6239316239316239,-0.9829059829059829,0.7863247863247863,-0.9230769230769231,0.19658119658119658,-0.717948717948718,0.358974358974359,-0.9829059829059829,0.5726495726495726,-1.0,0.7435897435897436,-0.9316239316239316,0.13675213675213677,-0.6837606837606838,0.3162393162393162,-0.8888888888888888,0.49572649572649574,-0.9487179487179487,0.6581196581196581,-0.9487179487179487
c,0.0,0.0,0.30578512396694213,-0.0743801652892562,0.5289256198347108,-0.21487603305785125,0.7107438016528925,-0.3140495867768595,0.8760330578512396,-0.4297520661157025,0.34710743801652894,-0.6446280991735537,0.4462809917355372,-0.8677685950413223,0.6033057851239669,-0.9256198347107438,0.7355371900826446,-0.9256198347107438,0.2727272727272727,-0.6859504132231405,0.4049586776859504,-0.9504132231404959,0.5867768595041323,-0.9917355371900827,0.743801652892562,-0.9421487603305785,0.19834710743801653,-0.6942148760330579,0.3305785123966942,-0.9669421487603306,0.5289256198347108,-1.0,0.6942148760330579,-0.9421487603305785,0.1322314049586777,-0.6528925619834711,0.2727272727272727,-0.8760330578512396,0.4380165289256198,-0.9586776859504132,0.5785123966942148,-0.9586776859504132
c,0.0,0.0,0.30327868852459017,-0.07377049180327869,0.5163934426229508,-0.21311475409836064,0.6967213114754098,-0.30327868852459017,0.860655737704918,-0.4180327868852459,0.3442622950819672,-0.6639344262295082,0.4426229508196721,-0.8852459016393442,0.5901639344262295,-0.9344262295081968,0.7213114754098361,-0.9344262295081968,0.27049180327868855,-0.6967213114754098,0.39344262295081966,-0.9672131147540983,0.5819672131147541,-1.0,0.7295081967213115,-0.9426229508196722,0.19672131147540983,-0.7049180327868853,0.319672131147541,-0.9754098360655737,0.5245901639344263,-1.0,0.6885245901639344,-0.9344262295081968,0.13934426229508196,-0.6639344262295082,0.27049180327868855,-0.8852459016393442,0.4344262295081967,-0.9590163934426229,0.5819672131147541,-0.9590163934426229
c,0.0,0.0,0.2892561983471074,-0.06611570247933884,0.5041322314049587,-0.19834710743801653,0.6942148760330579,-0.2892561983471074,0.8512396694214877,-0.4132231404958678,0.3305785123966942,-0.6528925619834711,0.4297520661157025,-0.8842975206611571,0.5785123966942148,-0.9338842975206612,0.7107438016528925,-0.9256198347107438,0.256198347107438,-0.6942148760330579,0.38016528925619836,-0.9586776859504132,0.5619834710743802,-0.9917355371900827,0.71900826446281,-0.9421487603305785,0.18181818181818182,-0.6942148760330579,0.30578512396694213,-0.9586776859504132,0.5041322314049587,-1.0,0.6694214876033058,-0.9421487603305785,0.11570247933884298,-0.6528925619834711,0.24793388429752067,-0.8760330578512396,0.4049586776859504,-0.9586776859504132,0.5454545454545454,-0.9586776859504132
c,0.0,0.0,0.30327868852459017,-0.07377049180327869,0.5163934426229508,-0.20491803278688525,0.7049180327868853,-0.29508196721311475,0.860655737704918,-0.4262295081967213,0.3524590163934426,-0.6475409836065574,0.45901639344262296,-0.8770491803278688,0.5983606557377049,-0.9262295081967213,0.7295081967213115,-0.9262295081967213,0.2786885245901639,-0.680327868852459,0.4098360655737705,-0.9590163934426229,0.5819672131147541,-0.9918032786885246,0.7295081967213115,-0.9344262295081968,0.20491803278688525,-0.6885245901639344,0.3360655737704918,-0.9672131147540983,0.5245901639344263,-1.0,0.680327868852459,-0.9262295081967213,0.13934426229508196,-0.6557377049180327,0.2786885245901639,-0.8688524590163934,0.4426229508196721,-0.9508196721311475,0.5901639344262295,-0.9590163934426229
c,0.0,0.0,0.30833333333333335,-0.075,0.525,-0.20833333333333334,0.7083333333333334,-0.30833333333333335,0.8666666666666667,-0.43333333333333335,0.3416666666666667,-0.65,0.4583333333333333,-0.875,0.6083333333333333,-0.925,0.7333333333333333,-0.925,0.26666666666666666,-0.6916666666666667,0.4,-0.9583333333333334,0.5916666666666667,-0.9916666666666667,0.7416666666666667,-0.925,0.19166666666666668,-0.7,0.3333333333333333,-0.975,0.5333333333333333,-1.0,0.6916666666666667,-0.925,0.13333333333333333,-0.6583333333333333,0.275,-0.8916666666666667,0.44166666666666665,-0.9666666666666667,0.5916666666666667,-0.9583333333333334
c,0.0,0.0,0.2975206611570248,-0.0743801652892562,0.512396694214876,-0.2066115702479339,0.7024793388429752,-0.30578512396694213,0.859504132231405,-0.4380165289256198,0.35537190082644626,-0.6446280991735537,0.4628099173553719,-0.8760330578512396,0.6115702479338843,-0.9256198347107438,0.7355371900826446,-0.9256198347107438,0.2809917355371901,-0.6859504132231405,0.4132231404958678,-0.9586776859504132,0.5950413223140496,-0.9917355371900827,0.743801652892562,-0.9338842975206612,0.2066115702479339,-0.6942148760330579,0.3305785123966942,-0.9669421487603306,0.5289256198347108,-1.0,0.6942148760330579,-0.9338842975206612,0.1322314049586777,-0.6611570247933884,0.256198347107438,-0.8842975206611571,0.4132231404958678,-0.9586776859504132,0.5619834710743802,-0.9586776859504132
c,0.0,0.0,0.30578512396694213,-0.0743801652892562,0.5206611570247934,-0.21487603305785125,0.7024793388429752,-0.3140495867768595,0.8677685950413223,-0.4380165289256198,0.35537190082644626,-0.6528925619834711,0.47107438016528924,-0.8760330578512396,0.6198347107438017,-0.9173553719008265,0.7520661157024794,-0.9173553719008265,0.2809917355371901,-0.6859504132231405,0.4214876033057851,-0.9586776859504132,0.6033057851239669,-0.9917355371900827,0.7520661157024794,-0.9256198347107438,0.2066115702479339,-0.6942148760330579,0.33884297520661155,-0.9752066115702479,0.5371900826446281,-1.0,0.7024793388429752,-0.9338842975206612,0.1322314049586777,-0.6611570247933884,0.2727272727272727,-0.8842975206611571,0.4380165289256198,-0.9669421487603306,0.5867768595041323,-0.9669421487603306
c,0.0,0.0,0.30833333333333335,-0.075,0.525,-0.21666666666666667,0.7166666666666667,-0.325,0.8833333333333333,-0.4583333333333333,0.35833333333333334,-0.6583333333333333,0.4666666666666667,-0.875,0.625,-0.925,0.7666666666666667,-0.9083333333333333,0.275,-0.7,0.4083333333333333,-0.9666666666666667,0.6083333333333333,-0.9916666666666667,0.7666666666666667,-0.9166666666666666,0.2,-0.7083333333333334,0.3333333333333333,-0.9833333333333333,0.55,-1.0,0.7166666666666667,-0.925,0.13333333333333333,-0.6666666666666666,0.2916666666666667,-0.9,0.4666666666666667,-0.9666666666666667,0.625,-0.95
c,0.0,0.0,0.30833333333333335,-0.075,0.5333333333333333,-0.21666666666666667,0.7166666666666667,-0.325,0.8833333333333333,-0.4666666666666667,0.36666666666666664,-0.65,0.48333333333333334,-0.8666666666666667,0.6416666666666667,-0.9083333333333333,0.7833333333333333,-0.9,0.2916666666666667,-0.6916666666666667,0.425,-0.9583333333333334,0.625,-0.9833333333333333,0.775,-0.9083333333333333,0.20833333333333334,-0.7,0.35,-0.9833333333333333,0.5583333333333333,-1.0,0.725,-0.9166666666666666,0.14166666666666666,-0.6583333333333333,0.3,-0.9,0.475,-0.9666666666666667,0.625,-0.95
c,0.0,0.0,0.31932773109243695,-0.07563025210084033,0.5462184873949579,-0.2184873949579832,0.7310924369747899,-0.3277310924369748,0.907563025210084,-0.453781512605042,0.3697478991596639,-0.6554621848739496,0.4957983193277311,-0.8739495798319328,0.6554621848739496,-0.9243697478991597,0.7899159663865546,-0.9159663865546218,0.3025210084033613,-0.6890756302521008,0.4369747899159664,-0.9663865546218487,0.6386554621848739,-0.9915966386554622,0.7899159663865546,-0.9243697478991597,0.2184873949579832,-0.6974789915966386,0.35294117647058826,-0.9831932773109243,0.5714285714285714,-1.0,0.7310924369747899,-0.9327731092436975,0.14285714285714285,-0.6638655462184874,0.29411764705882354,-0.8991596638655462,0.46218487394957986,-0.9747899159663865,0.6218487394957983,-0.957983193277311
c,0.0,0.0,0.30833333333333335,-0.06666666666666667,0.5333333333333333,-0.21666666666666667,0.725,-0.31666666666666665,0.9,-0.44166666666666665,0.36666666666666664,-0.6583333333333333,0.48333333333333334,-0.875,0.6416666666666667,-0.925,0.775,-0.925,0.2916666666666667,-0.6916666666666667,0.43333333333333335,-0.9666666666666667,0.625,-0.9916666666666667,0.775,-0.9333333333333333,0.21666666666666667,-0.7,0.35,-0.9833333333333333,0.5583333333333333,-1.0,0.725,-0.9333333333333333,0.15,-0.6666666666666666,0.3,-0.8916666666666667,0.4666666666666667,-0.975,0.6166666666666667,-0.9666666666666667
c,0.0,0.0,0.3140495867768595,-0.0743801652892562,0.5371900826446281,-0.2066115702479339,0.7272727272727273,-0.2975206611570248,0.9008264462809917,-0.4132231404958678,0.36363636363636365,-0.6528925619834711,0.47107438016528924,-0.8677685950413223,0.6198347107438017,-0.9256198347107438,0.7520661157024794,-0.9256198347107438,0.2892561983471074,-0.6859504132231405,0.4214876033057851,-0.9504132231404959,0.6115702479338843,-0.9917355371900827,0.768595041322314,-0.9338842975206612,0.21487603305785125,-0.6942148760330579,0.34710743801652894,-0.9669421487603306,0.5537190082644629,-1.0,0.71900826446281,-0.9421487603305785,0.1487603305785124,-0.6611570247933884,0.2975206611570248,-0.8842975206611571,0.45454545454545453,-0.9586776859504132,0.6033057851239669,-0.9586776859504132
c,0.0,0.0,0.3114754098360656,-0.06557377049180328,0.5245901639344263,-0.20491803278688525,0.7131147540983607,-0.28688524590163933,0.8852459016393442,-0.4016393442622951,0.3524590163934426,-0.6475409836065574,0.45081967213114754,-0.8770491803278688,0.6065573770491803,-0.9262295081967213,0.7377049180327869,-0.9262295081967213,0.2786885245901639,-0.6885245901639344,0.4016393442622951,-0.9590163934426229,0.5901639344262295,-1.0,0.7459016393442623,-0.9344262295081968,0.20491803278688525,-0.6967213114754098,0.32786885245901637,-0.9754098360655737,0.5327868852459017,-1.0,0.6967213114754098,-0.9344262295081968,0.13934426229508196,-0.6557377049180327,0.2786885245901639,-0.8852459016393442,0.4426229508196721,-0.9590163934426229,0.5901639344262295,-0.9508196721311475
c,0.0,0.0,0.3064516129032258,-0.07258064516129033,0.5241935483870968,-0.20967741935483872,0.7096774193548387,-0.2903225806451613,0.8790322580645161,-0.4032258064516129,0.3629032258064516,-0.6532258064516129,0.46774193548387094,-0.8709677419354839,0.6048387096774194,-0.9274193548387096,0.7338709677419355,-0.9274193548387096,0.2903225806451613,-0.6854838709677419,0.4112903225806452,-0.9516129032258065,0.5887096774193549,-0.9919354838709677,0.7338709677419355,-0.9354838709677419,0.21774193548387097,-0.6935483870967742,0.3467741935483871,-0.967741935483871,0.532258064516129,-1.0,0.6854838709677419,-0.9354838709677419,0.1532258064516129,-0.6612903225806451,0.2903225806451613,-0.8790322580645161,0.4435483870967742,-0.9516129032258065,0.5887096774193549,-0.9596774193548387
c,0.0,0.0,0.3008130081300813,-0.06504065040650407,0.5203252032520326,-0.1951219512195122,0.7073170731707317,-0.2764227642276423,0.8780487804878049,-0.3821138211382114,0.34959349593495936,-0.6422764227642277,0.44715447154471544,-0.8699186991869918,0.5934959349593496,-0.926829268292683,0.7235772357723578,-0.926829268292683,0.2764227642276423,-0.6829268292682927,0.3902439024390244,-0.9512195121951219,0.5772357723577236,-0.991869918699187,0.7235772357723578,-0.943089430894309,0.2032520325203252,-0.6910569105691057,0.3252032520325203,-0.967479674796748,0.5203252032520326,-1.0,0.6747967479674797,-0.943089430894309,0.13821138211382114,-0.6504065040650406,0.2764227642276423,-0.8780487804878049,0.43089430894308944,-0.959349593495935,0.5772357723577236,-0.959349593495935
c,0.0,0.0,0.3008130081300813,-0.06504065040650407,0.5203252032520326,-0.18699186991869918,0.7073170731707317,-0.2682926829268293,0.8780487804878049,-0.36585365853658536,0.34959349593495936,-0.6422764227642277,0.45528455284552843,-0.8780487804878049,0.6016260162601627,-0.9349593495934959,0.7235772357723578,-0.9349593495934959,0.2845528455284553,-0.6829268292682927,0.3983739837398374,-0.959349593495935,0.5853658536585366,-1.0,0.7317073170731707,-0.943089430894309,0.21138211382113822,-0.6829268292682927,0.3333333333333333,-0.967479674796748,0.5284552845528455,-1.0,0.6829268292682927,-0.943089430894309,0.14634146341463414,-0.6504065040650406,0.2682926829268293,-0.8780487804878049,0.42276422764227645,-0.959349593495935,0.5691056910569106,-0.959349593495935
c,0.0,0.0,0.29838709677419356,-0.06451612903225806,0.5161290322580645,-0.1935483870967742,0.7016129032258065,-0.2661290322580645,0.8709677419354839,-0.3629032258064516,0.3548387096774194,-0.6451612903225806,0.45161290322580644,-0.8790322580645161,0.5967741935483871,-0.9354838709677419,0.7258064516129032,-0.9354838709677419,0.27419354838709675,-0.6854838709677419,0.3951612903225806,-0.9596774193548387,0.5806451612903226,-1.0,0.7258064516129032,-0.9435483870967742,0.20161290322580644,-0.6935483870967742,0.33064516129032256,-0.967741935483871,0.5241935483870968,-1.0,0.6774193548387096,-0.9435483870967742,0.14516129032258066,-0.6532258064516129,0.2661290322580645,-0.8790322580645161,0.4274193548387097,-0.9596774193548387,0.5725806451612904,-0.9596774193548387
c,0.0,0.0,0.2903225806451613,-0.06451612903225806,0.5,-0.18548387096774194,0.6854838709677419,-0.25806451612903225,0.8629032258064516,-0.3467741935483871,0.33064516129032256,-0.6451612903225806,0.43548387096774194,-0.8709677419354839,0.5806451612903226,-0.9274193548387096,0.7096774193548387,-0.9354838709677419,0.25806451612903225,-0.6774193548387096,0.3790322580645161,-0.9516129032258065,0.5645161290322581,-0.9919354838709677,0.717741935483871,-0.9435483870967742,0.1935483870967742,-0.6854838709677419,0.3064516129032258,-0.9596774193548387,0.5080645161290323,-1.0,0.6693548387096774,-0.9435483870967742,0.12903225806451613,-0.6451612903225806,0.25806451612903225,-0.8629032258064516,0.4112903225806452,-0.9516129032258065,0.5564516129032258,-0.9596774193548387
c,0.0,0.0,0.29365079365079366,-0.06349206349206349,0.5,-0.19047619047619047,0.6825396825396826,-0.25396825396825395,0.8571428571428571,-0.3412698412698413,0.3253968253968254,-0.6428571428571429,0.42063492063492064,-0.873015873015873,0.5555555555555556,-0.9365079365079365,0.6825396825396826,-0.9365079365079365,0.25396825396825395,-0.6825396825396826,0.36507936507936506,-0.9444444444444444,0.5476190476190477,-1.0,0.6904761904761905,-0.9523809523809523,0.19047619047619047,-0.6825396825396826,0.30158730158730157,-0.9523809523809523,0.49206349206349204,-1.0,0.6428571428571429,-0.9444444444444444,0.12698412698412698,-0.6428571428571429,0.25396825396825395,-0.8650793650793651,0.3968253968253968,-0.9523809523809523,0.5317460317460317,-0.9682539682539683
d,0.0,0.0,0.1837837837837838,-0.0918918918918919,0.2918918918918919,-0.21621621621621623,0.3081081081081081,-0.31351351351351353,0.1891891891891892,-0.3567567567567568,0.14594594594594595,-0.5027027027027027,0.12432432432432433,-0.7351351351351352,0.13513513513513514,-0.8702702702702703,0.12972972972972974,-1.0,0.05945945945945946,-0.4702702702702703,0.07567567567567568,-0.6378378378378379,0.1783783783783784,-0.5081081081081081,0.20540540540540542,-0.41081081081081083,-0.021621621621621623,-0.40540540540540543,0.0,-0.5675675675675675,0.11351351351351352,-0.4486486486486487,0.15135135135135136,-0.3621621621621622,-0.08108108108108109,-0.31351351351351353,-0.016216216216216217,-0.42162162162162165,0.08648648648648649,-0.3567567567567568,0.12432432432432433,-0.2972972972972973
d,0.0,0.0,0.19653179190751446,-0.06936416184971098,0.32947976878612717,-0.20809248554913296,0.31213872832369943,-0.34104046242774566,0.19653179190751446,-0.42196531791907516,0.24277456647398843,-0.5028901734104047,0.2138728323699422,-0.7456647398843931,0.2254335260115607,-0.8786127167630058,0.2254335260115607,-1.0,0.13872832369942195,-0.49710982658959535,0.15028901734104047,-0.7109826589595376,0.23699421965317918,-0.5780346820809249,0.24855491329479767,-0.4682080924855491,0.046242774566473986,-0.4508670520231214,0.06936416184971098,-0.653179190751445,0.1676300578034682,-0.5202312138728323,0.1791907514450867,-0.41040462427745666,-0.046242774566473986,-0.3815028901734104,0.017341040462427744,-0.5202312138728323,0.09826589595375723,-0.4277456647398844,0.10404624277456648,-0.3468208092485549
d,0.0,0.0,0.18823529411764706,-0.07647058823529412,0.3176470588235294,-0.2235294117647059,0.3,-0.36470588235294116,0.18823529411764706,-0.45294117647058824,0.2235294117647059,-0.5058823529411764,0.21764705882352942,-0.7470588235294118,0.2529411764705882,-0.8823529411764706,0.27058823529411763,-1.0,0.12352941176470589,-0.5,0.1411764705882353,-0.7235294117647059,0.23529411764705882,-0.6,0.24705882352941178,-0.4823529411764706,0.029411764705882353,-0.4588235294117647,0.052941176470588235,-0.6764705882352942,0.14705882352941177,-0.5529411764705883,0.1588235294117647,-0.4411764705882353,-0.06470588235294118,-0.3941176470588235,0.0058823529411764705,-0.5411764705882353,0.08823529411764706,-0.4588235294117647,0.10588235294117647,-0.37058823529411766
d,0.0,0.0,0.17341040462427745,-0.08092485549132948,0.30057803468208094,-0.2254335260115607,0.28901734104046245,-0.36416184971098264,0.18497109826589594,-0.4508670520231214,0.2023121387283237,-0.49710982658959535,0.18497109826589594,-0.7341040462427746,0.20809248554913296,-0.8728323699421965,0.2138728323699422,-1.0,0.10982658959537572,-0.4913294797687861,0.12716763005780346,-0.7167630057803468,0.21965317919075145,-0.5953757225433526,0.23699421965317918,-0.4797687861271676,0.017341040462427744,-0.44508670520231214,0.03468208092485549,-0.6705202312138728,0.14450867052023122,-0.5433526011560693,0.15606936416184972,-0.4393063583815029,-0.06936416184971098,-0.3815028901734104,0.0,-0.5317919075144508,0.08670520231213873,-0.4508670520231214,0.10404624277456648,-0.36416184971098264
d,0.0,0.0,0.1791907514450867,-0.08092485549132948,0.30057803468208094,-0.23121387283236994,0.2832369942196532,-0.37572254335260113,0.17341040462427745,-0.4624277456647399,0.20809248554913296,-0.4913294797687861,0.18497109826589594,-0.7398843930635838,0.2023121387283237,-0.8786127167630058,0.20809248554913296,-1.0,0.10982658959537572,-0.4913294797687861,0.12138728323699421,-0.7167630057803468,0.2138728323699422,-0.5953757225433526,0.23121387283236994,-0.4797687861271676,0.017341040462427744,-0.45664739884393063,0.03468208092485549,-0.6820809248554913,0.13872832369942195,-0.5491329479768786,0.15606936416184972,-0.4393063583815029,-0.06936416184971098,-0.3930635838150289,-0.005780346820809248,-0.5375722543352601,0.08092485549132948,-0.4508670520231214,0.09826589595375723,-0.36416184971098264
d,0.0,0.0,0.1791907514450867,-0.07514450867052024,0.31213872832369943,-0.2254335260115607,0.2947976878612717,-0.3699421965317919,0.1791907514450867,-0.4508670520231214,0.21965317919075145,-0.49710982658959535,0.20809248554913296,-0.7398843930635838,0.23121387283236994,-0.8728323699421965,0.23121387283236994,-1.0,0.12138728323699421,-0.4913294797687861,0.1329479768786127,-0.7167630057803468,0.21965317919075145,-0.6011560693641619,0.23121387283236994,-0.4797687861271676,0.028901734104046242,-0.4508670520231214,0.046242774566473986,-0.6705202312138728,0.14450867052023122,-0.5433526011560693,0.16184971098265896,-0.43352601156069365,-0.06936416184971098,-0.3872832369942196,-0.005780346820809248,-0.5433526011560693,0.08670520231213873,-0.4624277456647399,0.10982658959537572,-0.37572254335260113
d,0.0,0.0,0.1686046511627907,-0.0755813953488372,0.3023255813953488,-0.22674418604651161,0.28488372093023256,-0.36627906976744184,0.1744186046511628,-0.4476744186046512,0.19186046511627908,-0.5,0.18604651162790697,-0.7383720930232558,0.22093023255813954,-0.877906976744186,0.22674418604651161,-1.0,0.09883720930232558,-0.4941860465116279,0.12209302325581395,-0.7209302325581395,0.21511627906976744,-0.5930232558139535,0.22674418604651161,-0.48255813953488375,0.011627906976744186,-0.45348837209302323,0.029069767441860465,-0.6802325581395349,0.13953488372093023,-0.5581395348837209,0.1511627906976744,-0.45348837209302323,-0.0755813953488372,-0.38372093023255816,-0.011627906976744186,-0.5406976744186046,0.0755813953488372,-0.45930232558139533,0.0872093023255814,-0.37790697674418605
d,0.0,0.0,0.17142857142857143,-0.08,0.29714285714285715,-0.22857142857142856,0.2742857142857143,-0.3657142857142857,0.1657142857142857,-0.4514285714285714,0.19428571428571428,-0.5028571428571429,0.2,-0.7371428571428571,0.22857142857142856,-0.8742857142857143,0.2342857142857143,-1.0,0.09714285714285714,-0.49714285714285716,0.13142857142857142,-0.7085714285714285,0.21714285714285714,-0.5828571428571429,0.22285714285714286,-0.4742857142857143,0.011428571428571429,-0.45714285714285713,0.04,-0.6742857142857143,0.14285714285714285,-0.5371428571428571,0.15428571428571428,-0.42857142857142855,-0.07428571428571429,-0.38857142857142857,0.0,-0.5371428571428571,0.08571428571428572,-0.4514285714285714,0.09142857142857143,-0.3657142857142857
d,0.0,0.0,0.17142857142857143,-0.08,0.29714285714285715,-0.22285714285714286,0.26857142857142857,-0.3657142857142857,0.16,-0.4514285714285714,0.19428571428571428,-0.5028571428571429,0.18857142857142858,-0.7371428571428571,0.21714285714285714,-0.8742857142857143,0.21714285714285714,-1.0,0.09714285714285714,-0.49714285714285716,0.12571428571428572,-0.7085714285714285,0.21142857142857144,-0.5771428571428572,0.22285714285714286,-0.4685714285714286,0.011428571428571429,-0.4514285714285714,0.03428571428571429,-0.6742857142857143,0.13142857142857142,-0.5371428571428571,0.14857142857142858,-0.4342857142857143,-0.08,-0.38285714285714284,-0.011428571428571429,-0.5371428571428571,0.07428571428571429,-0.44571428571428573,0.08,-0.3657142857142857
d,0.0,0.0,0.1751412429378531,-0.07344632768361582,0.2994350282485876,-0.21468926553672316,0.2711864406779661,-0.3502824858757062,0.15819209039548024,-0.4406779661016949,0.2033898305084746,-0.4915254237288136,0.1977401129943503,-0.7288135593220338,0.21468926553672316,-0.8700564971751412,0.21468926553672316,-1.0,0.10734463276836158,-0.4858757062146893,0.12994350282485875,-0.6949152542372882,0.20903954802259886,-0.5649717514124294,0.22033898305084745,-0.4576271186440678,0.01694915254237288,-0.4406779661016949,0.03389830508474576,-0.655367231638418,0.12994350282485875,-0.5254237288135594,0.15254237288135594,-0.4124293785310734,-0.07344632768361582,-0.3728813559322034,-0.01694915254237288,-0.5254237288135594,0.06779661016949153,-0.4406779661016949,0.096045197740113,-0.3615819209039548
d,0.0,0.0,0.17045454545454544,-0.07386363636363637,0.29545454545454547,-0.2159090909090909,0.26704545454545453,-0.3522727272727273,0.16477272727272727,-0.4431818181818182,0.20454545454545456,-0.48863636363636365,0.1875,-0.7386363636363636,0.19886363636363635,-0.8806818181818182,0.19886363636363635,-1.0,0.10795454545454546,-0.4772727272727273,0.11363636363636363,-0.6988636363636364,0.19318181818181818,-0.5852272727272727,0.21022727272727273,-0.4715909090909091,0.011363636363636364,-0.4375,0.022727272727272728,-0.6590909090909091,0.11363636363636363,-0.5397727272727273,0.13068181818181818,-0.42613636363636365,-0.08522727272727272,-0.3693181818181818,-0.03409090909090909,-0.5227272727272727,0.056818181818181816,-0.45454545454545453,0.08522727272727272,-0.3806818181818182
d,0.0,0.0,0.17045454545454544,-0.07386363636363637,0.2897727272727273,-0.2215909090909091,0.2556818181818182,-0.35795454545454547,0.13636363636363635,-0.4375,0.1875,-0.5056818181818182,0.19318181818181818,-0.7329545454545454,0.2159090909090909,-0.875,0.2159090909090909,-1.0,0.08522727272727272,-0.4943181818181818,0.10795454545454546,-0.6988636363636364,0.1875,-0.5681818181818182,0.19886363636363635,-0.45454545454545453,-0.005681818181818182,-0.44886363636363635,0.017045454545454544,-0.6590909090909091,0.11363636363636363,-0.5284090909090909,0.13068181818181818,-0.42045454545454547,-0.09090909090909091,-0.375,-0.028409090909090908,-0.5227272727272727,0.05113636363636364,-0.4318181818181818,0.0625,-0.3465909090909091
d,0.0,0.0,0.18674698795180722,-0.060240963855421686,0.3253012048192771,-0.21686746987951808,0.29518072289156627,-0.3674698795180723,0.1686746987951807,-0.4457831325301205,0.24096385542168675,-0.5180722891566265,0.27710843373493976,-0.7469879518072289,0.3253012048192771,-0.8795180722891566,0.3614457831325301,-1.0,0.12650602409638553,-0.5180722891566265,0.15060240963855423,-0.7409638554216867,0.21686746987951808,-0.6024096385542169,0.22289156626506024,-0.4759036144578313,0.024096385542168676,-0.46987951807228917,0.04216867469879518,-0.6867469879518072,0.13855421686746988,-0.5421686746987951,0.15060240963855423,-0.42168674698795183,-0.08433734939759036,-0.39759036144578314,-0.012048192771084338,-0.5421686746987951,0.07228915662650602,-0.4397590361445783,0.08433734939759036,-0.3433734939759036
d,0.0,0.0,0.18452380952380953,-0.06547619047619048,0.32142857142857145,-0.21428571428571427,0.2976190476190476,-0.35714285714285715,0.17857142857142858,-0.44047619047619047,0.23809523809523808,-0.5119047619047619,0.2619047619047619,-0.75,0.30952380952380953,-0.875,0.3333333333333333,-1.0,0.13095238095238096,-0.5119047619047619,0.15476190476190477,-0.7261904761904762,0.2261904761904762,-0.5892857142857143,0.23214285714285715,-0.47023809523809523,0.02976190476190476,-0.4642857142857143,0.047619047619047616,-0.6785714285714286,0.14285714285714285,-0.5476190476190477,0.16071428571428573,-0.42857142857142855,-0.07142857142857142,-0.39285714285714285,-0.011904761904761904,-0.5476190476190477,0.07142857142857142,-0.4583333333333333,0.08928571428571429,-0.3630952380952381
d,0.0,0.0,0.18235294117647058,-0.07058823529411765,0.31176470588235294,-0.21764705882352942,0.27647058823529413,-0.36470588235294116,0.17058823529411765,-0.45294117647058824,0.21764705882352942,-0.5058823529411764,0.22941176470588234,-0.7411764705882353,0.25882352941176473,-0.8764705882352941,0.27058823529411763,-1.0,0.11176470588235295,-0.5058823529411764,0.1411764705882353,-0.7176470588235294,0.21764705882352942,-0.5823529411764706,0.2235294117647059,-0.4647058823529412,0.01764705882352941,-0.4588235294117647,0.047058823529411764,-0.6705882352941176,0.13529411764705881,-0.5352941176470588,0.14705882352941177,-0.4294117647058823,-0.08235294117647059,-0.3941176470588235,-0.011764705882352941,-0.5411764705882353,0.06470588235294118,-0.45294117647058824,0.07647058823529412,-0.36470588235294116
d,0.0,0.0,0.1686046511627907,-0.0755813953488372,0.29069767441860467,-0.22674418604651161,0.26744186046511625,-0.36627906976744184,0.1511627906976744,-0.4476744186046512,0.18023255813953487,-0.4941860465116279,0.19767441860465115,-0.7267441860465116,0.22674418604651161,-0.8662790697674418,0.23837209302325582,-1.0,0.0872093023255814,-0.4941860465116279,0.11627906976744186,-0.7093023255813954,0.20348837209302326,-0.5813953488372093,0.20930232558139536,-0.47093023255813954,-0.005813953488372093,-0.45348837209302323,0.01744186046511628,-0.6802325581395349,0.11627906976744186,-0.5523255813953488,0.12790697674418605,-0.4418604651162791,-0.09302325581395349,-0.38953488372093026,-0.029069767441860465,-0.5406976744186046,0.05813953488372093,-0.45348837209302323,0.06395348837209303,-0.36627906976744184
d,0.0,0.0,0.1724137931034483,-0.08045977011494253,0.29310344827586204,-0.22988505747126436,0.26436781609195403,-0.3735632183908046,0.16091954022988506,-0.4540229885057471,0.1839080459770115,-0.5,0.19540229885057472,-0.735632183908046,0.22413793103448276,-0.8735632183908046,0.22988505747126436,-1.0,0.08620689655172414,-0.5,0.11494252873563218,-0.7183908045977011,0.19540229885057472,-0.5862068965517241,0.19540229885057472,-0.47701149425287354,0.0,-0.4540229885057471,0.022988505747126436,-0.6781609195402298,0.11494252873563218,-0.5402298850574713,0.1206896551724138,-0.4367816091954023,-0.08620689655172414,-0.3850574712643678,-0.017241379310344827,-0.5402298850574713,0.05747126436781609,-0.4540229885057471,0.05747126436781609,-0.3620689655172414
d,0.0,0.0,0.1864406779661017,-0.0847457627118644,0.3107344632768362,-0.23728813559322035,0.288135593220339,-0.3728813559322034,0.1638418079096045,-0.4406779661016949,0.20903954802259886,-0.5141242937853108,0.21468926553672316,-0.7457627118644068,0.23728813559322035,-0.8757062146892656,0.23728813559322035,-1.0,0.11299435028248588,-0.5084745762711864,0.12994350282485875,-0.7175141242937854,0.2033898305084746,-0.5875706214689266,0.21468926553672316,-0.480225988700565,0.01694915254237288,-0.4632768361581921,0.03389830508474576,-0.672316384180791,0.12994350282485875,-0.536723163841808,0.15254237288135594,-0.4293785310734463,-0.07344632768361582,-0.3898305084745763,0.0,-0.5423728813559322,0.07344632768361582,-0.4519774011299435,0.07909604519774012,-0.3615819209039548
d,0.0,0.0,0.1797752808988764,-0.07865168539325842,0.30337078651685395,-0.2247191011235955,0.2696629213483146,-0.3651685393258427,0.15168539325842698,-0.4438202247191011,0.19662921348314608,-0.5112359550561798,0.19101123595505617,-0.7415730337078652,0.21348314606741572,-0.8764044943820225,0.21348314606741572,-1.0,0.09550561797752809,-0.5,0.11235955056179775,-0.7078651685393258,0.19101123595505617,-0.5786516853932584,0.20786516853932585,-0.46629213483146065,0.0056179775280898875,-0.4550561797752809,0.02247191011235955,-0.6685393258426966,0.11797752808988764,-0.5337078651685393,0.1348314606741573,-0.42696629213483145,-0.08426966292134831,-0.38202247191011235,-0.016853932584269662,-0.5280898876404494,0.06179775280898876,-0.43258426966292135,0.06741573033707865,-0.34269662921348315
d,0.0,0.0,0.1787709497206704,-0.0782122905027933,0.3016759776536313,-0.22905027932960895,0.2737430167597765,-0.36312849162011174,0.1564245810055866,-0.4301675977653631,0.18994413407821228,-0.5027932960893855,0.18435754189944134,-0.7374301675977654,0.2011173184357542,-0.8715083798882681,0.20670391061452514,-1.0,0.0893854748603352,-0.49162011173184356,0.10614525139664804,-0.6927374301675978,0.18994413407821228,-0.5642458100558659,0.2011173184357542,-0.45251396648044695,-0.00558659217877095,-0.44692737430167595,0.01675977653631285,-0.6536312849162011,0.11173184357541899,-0.5195530726256983,0.12849162011173185,-0.41899441340782123,-0.09497206703910614,-0.3743016759776536,-0.027932960893854747,-0.5195530726256983,0.055865921787709494,-0.4301675977653631,0.0670391061452514,-0.3463687150837989
e,0.0,0.0,0.2565789473684211,-0.09868421052631579,0.4407894736842105,-0.3157894736842105,0.4934210526315789,-0.5131578947368421,0.3355263157894737,-0.5460526315789473,0.27631578947368424,-0.6578947368421053,0.25,-0.9539473684210527,0.3355263157894737,-0.881578947368421,0.3355263157894737,-0.743421052631579,0.1513157894736842,-0.6644736842105263,0.11842105263157894,-1.0,0.2236842105263158,-0.9210526315789473,0.2236842105263158,-0.7763157894736842,0.02631578947368421,-0.6381578947368421,0.006578947368421052,-0.9342105263157895,0.11842105263157894,-0.8618421052631579,0.125,-0.7236842105263158,-0.09868421052631579,-0.5921052631578947,-0.08552631578947369,-0.8223684210526315,-0.006578947368421052,-0.7763157894736842,0.006578947368421052,-0.6644736842105263
e,0.0,0.0,0.2597402597402597,-0.1038961038961039,0.44155844155844154,-0.33116883116883117,0.4935064935064935,-0.525974025974026,0.3246753246753247,-0.551948051948052,0.2727272727272727,-0.6688311688311688,0.24675324675324675,-0.961038961038961,0.33116883116883117,-0.9090909090909091,0.34415584415584416,-0.7857142857142857,0.14935064935064934,-0.6753246753246753,0.11688311688311688,-1.0,0.22727272727272727,-0.9415584415584416,0.23376623376623376,-0.7922077922077922,0.025974025974025976,-0.6428571428571429,-0.006493506493506494,-0.948051948051948,0.11038961038961038,-0.9025974025974026,0.13636363636363635,-0.7597402597402597,-0.09740259740259741,-0.5909090909090909,-0.09740259740259741,-0.8246753246753247,-0.006493506493506494,-0.8116883116883117,0.01948051948051948,-0.7142857142857143
e,0.0,0.0,0.24516129032258063,-0.0967741935483871,0.43870967741935485,-0.32903225806451614,0.49032258064516127,-0.5225806451612903,0.3225806451612903,-0.5419354838709678,0.2838709677419355,-0.6709677419354839,0.25806451612903225,-0.9548387096774194,0.3419354838709677,-0.9096774193548387,0.34838709677419355,-0.7806451612903226,0.16129032258064516,-0.6774193548387096,0.12903225806451613,-1.0,0.23225806451612904,-0.9483870967741935,0.23870967741935484,-0.8064516129032258,0.03225806451612903,-0.6451612903225806,0.012903225806451613,-0.9483870967741935,0.12258064516129032,-0.896774193548387,0.14193548387096774,-0.7612903225806451,-0.09032258064516129,-0.5935483870967742,-0.08387096774193549,-0.8258064516129032,0.0,-0.8129032258064516,0.025806451612903226,-0.7096774193548387
e,0.0,0.0,0.25,-0.09868421052631579,0.4407894736842105,-0.3157894736842105,0.4868421052631579,-0.5131578947368421,0.3355263157894737,-0.5460526315789473,0.28289473684210525,-0.6710526315789473,0.26973684210526316,-0.9605263157894737,0.34868421052631576,-0.9144736842105263,0.35526315789473684,-0.7894736842105263,0.15789473684210525,-0.6776315789473685,0.13157894736842105,-1.0,0.23026315789473684,-0.9539473684210527,0.23684210526315788,-0.8157894736842105,0.03289473684210526,-0.6513157894736842,0.019736842105263157,-0.9407894736842105,0.125,-0.8947368421052632,0.13157894736842105,-0.756578947368421,-0.09210526315789473,-0.6052631578947368,-0.07894736842105263,-0.8355263157894737,0.006578947368421052,-0.8157894736842105,0.02631578947368421,-0.7171052631578947
e,0.0,0.0,0.24675324675324675,-0.1038961038961039,0.43506493506493504,-0.3246753246753247,0.487012987012987,-0.5324675324675324,0.3246753246753247,-0.538961038961039,0.2792207792207792,-0.6688311688311688,0.2532467532467532,-0.961038961038961,0.33116883116883117,-0.8896103896103896,0.33116883116883117,-0.7532467532467533,0.15584415584415584,-0.6753246753246753,0.11038961038961038,-1.0,0.21428571428571427,-0.935064935064935,0.22077922077922077,-0.7857142857142857,0.025974025974025976,-0.6493506493506493,0.0,-0.948051948051948,0.11688311688311688,-0.8766233766233766,0.12987012987012986,-0.7337662337662337,-0.09740259740259741,-0.6038961038961039,-0.07792207792207792,-0.8246753246753247,0.006493506493506494,-0.7857142857142857,0.01948051948051948,-0.6818181818181818
e,0.0,0.0,0.25165562913907286,-0.09271523178807947,0.4370860927152318,-0.32450331125827814,0.48344370860927155,-0.5298013245033113,0.32450331125827814,-0.5364238410596026,0.2781456953642384,-0.6622516556291391,0.26490066225165565,-0.9668874172185431,0.3443708609271523,-0.8940397350993378,0.33774834437086093,-0.7483443708609272,0.15894039735099338,-0.6688741721854304,0.13245033112582782,-1.0,0.23841059602649006,-0.9271523178807947,0.23841059602649006,-0.7748344370860927,0.039735099337748346,-0.6490066225165563,0.026490066225165563,-0.9536423841059603,0.13245033112582782,-0.8807947019867549,0.1390728476821192,-0.7417218543046358,-0.08609271523178808,-0.609271523178808,-0.0728476821192053,-0.8410596026490066,0.013245033112582781,-0.8013245033112583,0.026490066225165563,-0.695364238410596
e,0.0,0.0,0.24342105263157895,-0.09210526315789473,0.4342105263157895,-0.3223684210526316,0.48026315789473684,-0.5263157894736842,0.3223684210526316,-0.5328947368421053,0.28289473684210525,-0.6644736842105263,0.2631578947368421,-0.9539473684210527,0.34210526315789475,-0.875,0.3355263157894737,-0.7302631578947368,0.16447368421052633,-0.6710526315789473,0.125,-1.0,0.23684210526315788,-0.9144736842105263,0.23684210526315788,-0.7631578947368421,0.039473684210526314,-0.6513157894736842,0.02631578947368421,-0.9539473684210527,0.13157894736842105,-0.875,0.14473684210526316,-0.7302631578947368,-0.08552631578947369,-0.6052631578947368,-0.06578947368421052,-0.8289473684210527,0.019736842105263157,-0.7828947368421053,0.03289473684210526,-0.6776315789473685
e,0.0,0.0,0.25,-0.09210526315789473,0.4407894736842105,-0.32894736842105265,0.48026315789473684,-0.5328947368421053,0.3223684210526316,-0.5394736842105263,0.2894736842105263,-0.6644736842105263,0.26973684210526316,-0.9539473684210527,0.34868421052631576,-0.881578947368421,0.34210526315789475,-0.7368421052631579,0.16447368421052633,-0.6710526315789473,0.13157894736842105,-1.0,0.23684210526315788,-0.9144736842105263,0.23026315789473684,-0.7631578947368421,0.039473684210526314,-0.6513157894736842,0.02631578947368421,-0.9539473684210527,0.13815789473684212,-0.868421052631579,0.13815789473684212,-0.7236842105263158,-0.08552631578947369,-0.6052631578947368,-0.05263157894736842,-0.8289473684210527,0.02631578947368421,-0.7763157894736842,0.03289473684210526,-0.6644736842105263
e,0.0,0.0,0.2550335570469799,-0.09395973154362416,0.44966442953020136,-0.31543624161073824,0.4899328859060403,-0.5234899328859061,0.3288590604026846,-0.5436241610738255,0.2953020134228188,-0.6577181208053692,0.28187919463087246,-0.9664429530201343,0.3624161073825503,-0.8926174496644296,0.35570469798657717,-0.7449664429530202,0.174496644295302,-0.6644295302013423,0.15436241610738255,-1.0,0.2550335570469799,-0.9194630872483222,0.2483221476510067,-0.7651006711409396,0.053691275167785234,-0.6442953020134228,0.04697986577181208,-0.9530201342281879,0.15436241610738255,-0.8791946308724832,0.15436241610738255,-0.738255033557047,-0.0738255033557047,-0.6040268456375839,-0.053691275167785234,-0.8389261744966443,0.026845637583892617,-0.7919463087248322,0.040268456375838924,-0.6845637583892618
e,0.0,0.0,0.25333333333333335,-0.09333333333333334,0.44666666666666666,-0.32666666666666666,0.4866666666666667,-0.54,0.31333333333333335,-0.54,0.29333333333333333,-0.6666666666666666,0.2866666666666667,-0.96,0.36,-0.88,0.34,-0.7333333333333333,0.17333333333333334,-0.6733333333333333,0.14,-1.0,0.24666666666666667,-0.9266666666666666,0.24,-0.7733333333333333,0.04666666666666667,-0.6533333333333333,0.03333333333333333,-0.96,0.14666666666666667,-0.88,0.15333333333333332,-0.74,-0.08,-0.6133333333333333,-0.05333333333333334,-0.84,0.02666666666666667,-0.8,0.04666666666666667,-0.6933333333333334
e,0.0,0.0,0.24666666666666667,-0.1,0.43333333333333335,-0.3333333333333333,0.4666666666666667,-0.5333333333333333,0.31333333333333335,-0.5333333333333333,0.28,-0.6666666666666666,0.26666666666666666,-0.96,0.34,-0.8866666666666667,0.3333333333333333,-0.74,0.16,-0.6733333333333333,0.12666666666666668,-1.0,0.23333333333333334,-0.9266666666666666,0.23333333333333334,-0.78,0.03333333333333333,-0.6533333333333333,0.02,-0.96,0.12666666666666668,-0.8866666666666667,0.14666666666666667,-0.7466666666666667,-0.08666666666666667,-0.6133333333333333,-0.06666666666666667,-0.8333333333333334,0.013333333333333334,-0.7933333333333333,0.04,-0.6933333333333334
e,0.0,0.0,0.25675675675675674,-0.10135135135135136,0.44594594594594594,-0.34459459459459457,0.46621621621621623,-0.5540540540540541,0.3108108108108108,-0.5472972972972973,0.27702702702702703,-0.668918918918919,0.27702702702702703,-0.9594594594594594,0.35135135135135137,-0.8851351351351351,0.33783783783783783,-0.7432432432432432,0.1554054054054054,-0.6756756756756757,0.13513513513513514,-1.0,0.23648648648648649,-0.918918918918919,0.22972972972972974,-0.7702702702702703,0.033783783783783786,-0.6486486486486487,0.02027027027027027,-0.9594594594594594,0.12837837837837837,-0.8851351351351351,0.13513513513513514,-0.7364864864864865,-0.0945945945945946,-0.6081081081081081,-0.07432432432432433,-0.831081081081081,0.013513513513513514,-0.7905405405405406,0.02702702702702703,-0.6824324324324325
e,0.0,0.0,0.2585034013605442,-0.10204081632653061,0.4421768707482993,-0.35374149659863946,0.4489795918367347,-0.5578231292517006,0.2857142857142857,-0.5510204081632653,0.272108843537415,-0.6666666666666666,0.2585034013605442,-0.9591836734693877,0.3401360544217687,-0.8843537414965986,0.3333333333333333,-0.7482993197278912,0.14965986394557823,-0.673469387755102,0.1292517006802721,-1.0,0.23129251700680273,-0.9251700680272109,0.22448979591836735,-0.7687074829931972,0.027210884353741496,-0.6462585034013606,0.013605442176870748,-0.9591836734693877,0.12244897959183673,-0.891156462585034,0.1292517006802721,-0.7414965986394558,-0.10204081632653061,-0.6054421768707483,-0.08163265306122448,-0.8299319727891157,0.006802721088435374,-0.7959183673469388,0.027210884353741496,-0.6870748299319728
e,0.0,0.0,0.25170068027210885,-0.10884353741496598,0.42857142857142855,-0.35374149659863946,0.43537414965986393,-0.5578231292517006,0.2789115646258503,-0.5510204081632653,0.272108843537415,-0.6598639455782312,0.2585034013605442,-0.9591836734693877,0.3333333333333333,-0.891156462585034,0.3333333333333333,-0.7482993197278912,0.14965986394557823,-0.6666666666666666,0.12244897959183673,-1.0,0.22448979591836735,-0.9251700680272109,0.22448979591836735,-0.7687074829931972,0.027210884353741496,-0.6462585034013606,0.006802721088435374,-0.9523809523809523,0.12244897959183673,-0.8843537414965986,0.1360544217687075,-0.7346938775510204,-0.10204081632653061,-0.6054421768707483,-0.08163265306122448,-0.8299319727891157,0.006802721088435374,-0.7959183673469388,0.034013605442176874,-0.6938775510204082
e,0.0,0.0,0.2620689655172414,-0.10344827586206896,0.4482758620689655,-0.3448275862068966,0.4482758620689655,-0.5586206896551724,0.27586206896551724,-0.5586206896551724,0.2896551724137931,-0.6620689655172414,0.2827586206896552,-0.9517241379310345,0.35172413793103446,-0.8896551724137931,0.3448275862068966,-0.7517241379310344,0.16551724137931034,-0.6689655172413793,0.14482758620689656,-1.0,0.2413793103448276,-0.9310344827586207,0.23448275862068965,-0.7724137931034483,0.034482758620689655,-0.6482758620689655,0.027586206896551724,-0.9586206896551724,0.1310344827586207,-0.896551724137931,0.13793103448275862,-0.7448275862068966,-0.09655172413793103,-0.6068965517241379,-0.06896551724137931,-0.8344827586206897,0.013793103448275862,-0.8068965517241379,0.041379310344827586,-0.696551724137931
e,0.0,0.0,0.2620689655172414,-0.10344827586206896,0.4413793103448276,-0.35172413793103446,0.4413793103448276,-0.5586206896551724,0.2689655172413793,-0.5586206896551724,0.2827586206896552,-0.6620689655172414,0.2689655172413793,-0.9517241379310345,0.3448275862068966,-0.8827586206896552,0.3448275862068966,-0.7448275862068966,0.15862068965517243,-0.6689655172413793,0.13793103448275862,-1.0,0.2413793103448276,-0.9310344827586207,0.23448275862068965,-0.7793103448275862,0.034482758620689655,-0.6482758620689655,0.027586206896551724,-0.9586206896551724,0.13793103448275862,-0.8896551724137931,0.14482758620689656,-0.7379310344827587,-0.0896551724137931,-0.6068965517241379,-0.06206896551724138,-0.8344827586206897,0.027586206896551724,-0.7931034482758621,0.041379310344827586,-0.6827586206896552
e,0.0,0.0,0.2671232876712329,-0.10273972602739725,0.4452054794520548,-0.3561643835616438,0.4315068493150685,-0.5753424657534246,0.2671232876712329,-0.5684931506849316,0.2876712328767123,-0.6575342465753424,0.273972602739726,-0.958904109589041,0.3493150684931507,-0.8835616438356164,0.3424657534246575,-0.7397260273972602,0.1643835616438356,-0.6643835616438356,0.136986301369863,-1.0,0.2328767123287671,-0.9178082191780822,0.22602739726027396,-0.7602739726027398,0.0410958904109589,-0.6438356164383562,0.0273972602739726,-0.958904109589041,0.13013698630136986,-0.8835616438356164,0.13013698630136986,-0.7328767123287672,-0.08904109589041095,-0.6027397260273972,-0.0684931506849315,-0.8287671232876712,0.02054794520547945,-0.7876712328767124,0.0410958904109589,-0.678082191780822
e,0.0,0.0,0.2585034013605442,-0.12244897959183673,0.4217687074829932,-0.3673469387755102,0.40816326530612246,-0.5714285714285714,0.25170068027210885,-0.5578231292517006,0.2789115646258503,-0.6666666666666666,0.25170068027210885,-0.9591836734693877,0.32653061224489793,-0.891156462585034,0.3333333333333333,-0.7482993197278912,0.1564625850340136,-0.673469387755102,0.12244897959183673,-1.0,0.21768707482993196,-0.9183673469387755,0.21768707482993196,-0.7619047619047619,0.034013605442176874,-0.6462585034013606,0.013605442176870748,-0.9523809523809523,0.12244897959183673,-0.8843537414965986,0.1292517006802721,-0.7346938775510204,-0.10204081632653061,-0.5986394557823129,-0.08843537414965986,-0.8299319727891157,0.0,-0.7959183673469388,0.027210884353741496,-0.6870748299319728
e,0.0,0.0,0.2585034013605442,-0.10204081632653061,0.43537414965986393,-0.3469387755102041,0.43537414965986393,-0.564625850340136,0.272108843537415,-0.5510204081632653,0.2789115646258503,-0.6666666666666666,0.25170068027210885,-0.9523809523809523,0.3333333333333333,-0.891156462585034,0.3333333333333333,-0.7482993197278912,0.1564625850340136,-0.673469387755102,0.12244897959183673,-1.0,0.22448979591836735,-0.9251700680272109,0.21768707482993196,-0.7687074829931972,0.034013605442176874,-0.6462585034013606,0.013605442176870748,-0.9523809523809523,0.12244897959183673,-0.8775510204081632,0.1360544217687075,-0.7278911564625851,-0.09523809523809523,-0.6054421768707483,-0.07482993197278912,-0.8231292517006803,0.013605442176870748,-0.782312925170068,0.034013605442176874,-0.673469387755102
e,0.0,0.0,0.2585034013605442,-0.10884353741496598,0.43537414965986393,-0.3469387755102041,0.4421768707482993,-0.564625850340136,0.2857142857142857,-0.5578231292517006,0.2653061224489796,-0.673469387755102,0.24489795918367346,-0.9591836734693877,0.32653061224489793,-0.9047619047619048,0.3333333333333333,-0.7687074829931972,0.14285714285714285,-0.673469387755102,0.10884353741496598,-1.0,0.21768707482993196,-0.9319727891156463,0.21768707482993196,-0.782312925170068,0.02040816326530612,-0.6530612244897959,0.0,-0.9591836734693877,0.11564625850340136,-0.8979591836734694,0.1292517006802721,-0.7482993197278912,-0.10884353741496598,-0.6122448979591837,-0.08843537414965986,-0.8367346938775511,0.0,-0.8095238095238095,0.027210884353741496,-0.7074829931972789
f,0.0,0.0,0.20105820105820105,-0.06349206349206349,0.3862433862433862,-0.19047619047619047,0.5079365079365079,-0.2751322751322751,0.47619047619047616,-0.37566137566137564,0.24338624338624337,-0.5238095238095238,0.37566137566137564,-0.6507936507936508,0.42328042328042326,-0.544973544973545,0.4444444444444444,-0.42328042328042326,0.14285714285714285,-0.5714285714285714,0.20634920634920634,-0.783068783068783,0.2962962962962963,-0.8888888888888888,0.3862433862433862,-0.9894179894179894,0.042328042328042326,-0.5502645502645502,0.042328042328042326,-0.7566137566137566,0.08994708994708994,-0.8888888888888888,0.14285714285714285,-1.0,-0.0582010582010582,-0.48148148148148145,-0.1164021164021164,-0.6243386243386243,-0.13227513227513227,-0.746031746031746,-0.13227513227513227,-0.8571428571428571
f,0.0,0.0,0.20454545454545456,-0.05113636363636364,0.39204545454545453,-0.17045454545454544,0.5,-0.2727272727272727,0.4715909090909091,-0.38636363636363635,0.23863636363636365,-0.48863636363636365,0.36363636363636365,-0.6193181818181818,0.42613636363636365,-0.5511363636363636,0.44886363636363635,-0.45454545454545453,0.13636363636363635,-0.5511363636363636,0.21022727272727273,-0.7670454545454546,0.30113636363636365,-0.8806818181818182,0.3693181818181818,-0.9772727272727273,0.028409090909090908,-0.5511363636363636,0.03977272727272727,-0.7670454545454546,0.09659090909090909,-0.8977272727272727,0.1534090909090909,-1.0,-0.07954545454545454,-0.5056818181818182,-0.11931818181818182,-0.6761363636363636,-0.125,-0.8068181818181818,-0.11931818181818182,-0.9147727272727273
f,0.0,0.0,0.19662921348314608,-0.05056179775280899,0.38202247191011235,-0.16853932584269662,0.4887640449438202,-0.2696629213483146,0.4606741573033708,-0.38202247191011235,0.23595505617977527,-0.48314606741573035,0.3651685393258427,-0.6123595505617978,0.43258426966292135,-0.5393258426966292,0.4550561797752809,-0.43258426966292135,0.1348314606741573,-0.5449438202247191,0.21910112359550563,-0.7584269662921348,0.30337078651685395,-0.8764044943820225,0.3707865168539326,-0.9831460674157303,0.03932584269662921,-0.550561797752809,0.05056179775280899,-0.7640449438202247,0.10112359550561797,-0.898876404494382,0.14606741573033707,-1.0,-0.06741573033707865,-0.5056179775280899,-0.11797752808988764,-0.6685393258426966,-0.12921348314606743,-0.797752808988764,-0.12921348314606743,-0.9044943820224719
f,0.0,0.0,0.2057142857142857,-0.04,0.4,-0.16,0.5142857142857142,-0.26285714285714284,0.49142857142857144,-0.37714285714285717,0.26285714285714284,-0.48,0.3942857142857143,-0.6114285714285714,0.4514285714285714,-0.5428571428571428,0.46285714285714286,-0.44,0.16,-0.5485714285714286,0.24571428571428572,-0.7657142857142857,0.32571428571428573,-0.8857142857142857,0.38857142857142857,-0.9828571428571429,0.06285714285714286,-0.56,0.07428571428571429,-0.7657142857142857,0.12571428571428572,-0.9028571428571428,0.1657142857142857,-1.0,-0.045714285714285714,-0.5142857142857142,-0.09714285714285714,-0.6742857142857143,-0.12,-0.7942857142857143,-0.13142857142857142,-0.8971428571428571
f,0.0,0.0,0.20114942528735633,-0.040229885057471264,0.39080459770114945,-0.15517241379310345,0.5,-0.25862068965517243,0.47701149425287354,-0.3735632183908046,0.25862068965517243,-0.4827586206896552,0.39655172413793105,-0.603448275862069,0.4540229885057471,-0.5287356321839081,0.46551724137931033,-0.42528735632183906,0.14942528735632185,-0.5517241379310345,0.23563218390804597,-0.7701149425287356,0.3218390804597701,-0.8908045977011494,0.3850574712643678,-0.9885057471264368,0.04597701149425287,-0.5574712643678161,0.05747126436781609,-0.7701149425287356,0.10919540229885058,-0.9022988505747126,0.14942528735632185,-1.0,-0.05747126436781609,-0.5114942528735632,-0.11494252873563218,-0.6724137931034483,-0.14367816091954022,-0.7931034482758621,-0.14942528735632185,-0.8908045977011494
f,0.0,0.0,0.1977401129943503,-0.04519774011299435,0.3898305084745763,-0.1638418079096045,0.4971751412429379,-0.2655367231638418,0.4745762711864407,-0.3728813559322034,0.2598870056497175,-0.480225988700565,0.384180790960452,-0.6045197740112994,0.4463276836158192,-0.536723163841808,0.4576271186440678,-0.4350282485875706,0.15254237288135594,-0.5480225988700564,0.23163841807909605,-0.7627118644067796,0.3163841807909605,-0.8813559322033898,0.384180790960452,-0.9830508474576272,0.04519774011299435,-0.559322033898305,0.05649717514124294,-0.768361581920904,0.10734463276836158,-0.903954802259887,0.15254237288135594,-1.0,-0.062146892655367235,-0.5141242937853108,-0.12429378531073447,-0.672316384180791,-0.15254237288135594,-0.7966101694915254,-0.1638418079096045,-0.8983050847457628
f,0.0,0.0,0.19662921348314608,-0.0449438202247191,0.38202247191011235,-0.15730337078651685,0.4887640449438202,-0.25842696629213485,0.449438202247191,-0.37640449438202245,0.24719101123595505,-0.47191011235955055,0.37640449438202245,-0.5955056179775281,0.43258426966292135,-0.5224719101123596,0.43820224719101125,-0.42134831460674155,0.1404494382022472,-0.5393258426966292,0.23595505617977527,-0.7471910112359551,0.3258426966292135,-0.8651685393258427,0.39325842696629215,-0.9662921348314607,0.03932584269662921,-0.550561797752809,0.05056179775280899,-0.7584269662921348,0.09550561797752809,-0.8932584269662921,0.1404494382022472,-1.0,-0.07303370786516854,-0.5056179775280899,-0.1348314606741573,-0.6629213483146067,-0.16292134831460675,-0.7808988764044944,-0.17415730337078653,-0.8820224719101124
f,0.0,0.0,0.20454545454545456,-0.045454545454545456,0.38636363636363635,-0.1590909090909091,0.4943181818181818,-0.2556818181818182,0.4602272727272727,-0.3693181818181818,0.2556818181818182,-0.48295454545454547,0.3806818181818182,-0.6136363636363636,0.4375,-0.5340909090909091,0.44886363636363635,-0.42045454545454547,0.14772727272727273,-0.5454545454545454,0.2556818181818182,-0.7443181818181818,0.3522727272727273,-0.8579545454545454,0.4318181818181818,-0.9602272727272727,0.045454545454545456,-0.5454545454545454,0.0625,-0.7556818181818182,0.11363636363636363,-0.8920454545454546,0.1590909090909091,-1.0,-0.06818181818181818,-0.5,-0.13068181818181818,-0.6590909090909091,-0.1590909090909091,-0.7840909090909091,-0.17613636363636365,-0.8920454545454546
f,0.0,0.0,0.20454545454545456,-0.045454545454545456,0.3977272727272727,-0.1590909090909091,0.5056818181818182,-0.26136363636363635,0.4715909090909091,-0.36363636363636365,0.2784090909090909,-0.4772727272727273,0.3977272727272727,-0.6136363636363636,0.44886363636363635,-0.5227272727272727,0.4602272727272727,-0.4090909090909091,0.17613636363636365,-0.5397727272727273,0.2784090909090909,-0.7443181818181818,0.375,-0.8579545454545454,0.45454545454545453,-0.9602272727272727,0.06818181818181818,-0.5454545454545454,0.08522727272727272,-0.7556818181818182,0.13068181818181818,-0.8920454545454546,0.17613636363636365,-1.0,-0.05113636363636364,-0.5,-0.10795454545454546,-0.6534090909090909,-0.13636363636363635,-0.7784090909090909,-0.14772727272727273,-0.8920454545454546
f,0.0,0.0,0.21142857142857144,-0.04,0.4057142857142857,-0.15428571428571428,0.5085714285714286,-0.2571428571428571,0.48,-0.3657142857142857,0.28,-0.48,0.4,-0.6171428571428571,0.45714285714285713,-0.5314285714285715,0.4685714285714286,-0.41714285714285715,0.17714285714285713,-0.5428571428571428,0.2742857142857143,-0.7428571428571429,0.37142857142857144,-0.8571428571428571,0.4514285714285714,-0.96,0.07428571428571429,-0.5428571428571428,0.08571428571428572,-0.7542857142857143,0.13142857142857142,-0.8914285714285715,0.18285714285714286,-1.0,-0.04,-0.49142857142857144,-0.10285714285714286,-0.6514285714285715,-0.13142857142857142,-0.7771428571428571,-0.14857142857142858,-0.8857142857142857
f,0.0,0.0,0.21142857142857144,-0.04,0.4057142857142857,-0.15428571428571428,0.5028571428571429,-0.2571428571428571,0.4742857142857143,-0.3657142857142857,0.2857142857142857,-0.4742857142857143,0.4,-0.6171428571428571,0.4514285714285714,-0.5314285714285715,0.4685714285714286,-0.41714285714285715,0.17714285714285713,-0.5371428571428571,0.26857142857142857,-0.7485714285714286,0.36,-0.8628571428571429,0.44,-0.9657142857142857,0.06857142857142857,-0.5428571428571428,0.08571428571428572,-0.7485714285714286,0.13142857142857142,-0.8914285714285715,0.17142857142857143,-1.0,-0.045714285714285714,-0.49142857142857144,-0.10285714285714286,-0.6457142857142857,-0.13714285714285715,-0.7714285714285715,-0.15428571428571428,-0.88
f,0.0,0.0,0.2033898305084746,-0.05084745762711865,0.384180790960452,-0.1694915254237288,0.4858757062146893,-0.2711864406779661,0.4576271186440678,-0.384180790960452,0.2542372881355932,-0.480225988700565,0.3672316384180791,-0.6214689265536724,0.4293785310734463,-0.536723163841808,0.4519774011299435,-0.4293785310734463,0.15254237288135594,-0.5423728813559322,0.24293785310734464,-0.751412429378531,0.3333333333333333,-0.8700564971751412,0.4011299435028249,-0.9774011299435028,0.05084745762711865,-0.5480225988700564,0.062146892655367235,-0.7570621468926554,0.10734463276836158,-0.8926553672316384,0.15254237288135594,-1.0,-0.062146892655367235,-0.5028248587570622,-0.11864406779661017,-0.655367231638418,-0.15254237288135594,-0.7796610169491526,-0.1694915254237288,-0.8813559322033898
f,0.0,0.0,0.2057142857142857,-0.05142857142857143,0.38857142857142857,-0.17142857142857143,0.4857142857142857,-0.28,0.45714285714285713,-0.3942857142857143,0.2571428571428571,-0.48,0.37142857142857144,-0.6285714285714286,0.42857142857142855,-0.56,0.44571428571428573,-0.4514285714285714,0.15428571428571428,-0.5428571428571428,0.24,-0.76,0.32571428571428573,-0.88,0.3942857142857143,-0.9771428571428571,0.045714285714285714,-0.5485714285714286,0.06285714285714286,-0.76,0.10857142857142857,-0.8971428571428571,0.15428571428571428,-1.0,-0.06285714285714286,-0.5085714285714286,-0.12,-0.6628571428571428,-0.14857142857142858,-0.7828571428571428,-0.1657142857142857,-0.8914285714285715
f,0.0,0.0,0.20930232558139536,-0.05232558139534884,0.3953488372093023,-0.1686046511627907,0.4941860465116279,-0.28488372093023256,0.4476744186046512,-0.4011627906976744,0.2558139534883721,-0.4883720930232558,0.37209302325581395,-0.6337209302325582,0.42441860465116277,-0.5697674418604651,0.436046511627907,-0.46511627906976744,0.14534883720930233,-0.5523255813953488,0.22674418604651161,-0.7674418604651163,0.3081395348837209,-0.8895348837209303,0.37209302325581395,-0.9941860465116279,0.040697674418604654,-0.5523255813953488,0.05232558139534884,-0.7616279069767442,0.10465116279069768,-0.8953488372093024,0.1569767441860465,-1.0,-0.06976744186046512,-0.5058139534883721,-0.12790697674418605,-0.6627906976744186,-0.1511627906976744,-0.7848837209302325,-0.16279069767441862,-0.8895348837209303
f,0.0,0.0,0.20930232558139536,-0.05232558139534884,0.3953488372093023,-0.18023255813953487,0.4883720930232558,-0.29651162790697677,0.4418604651162791,-0.4069767441860465,0.2441860465116279,-0.48255813953488375,0.3546511627906977,-0.6453488372093024,0.4127906976744186,-0.5872093023255814,0.43023255813953487,-0.4883720930232558,0.13953488372093023,-0.5406976744186046,0.21511627906976744,-0.7674418604651163,0.29069767441860467,-0.8895348837209303,0.3546511627906977,-0.9883720930232558,0.03488372093023256,-0.5465116279069767,0.046511627906976744,-0.7616279069767442,0.09883720930232558,-0.8953488372093024,0.14534883720930233,-1.0,-0.0755813953488372,-0.5,-0.12209302325581395,-0.6627906976744186,-0.14534883720930233,-0.7848837209302325,-0.1511627906976744,-0.8953488372093024
f,0.0,0.0,0.21052631578947367,-0.05263157894736842,0.391812865497076,-0.18128654970760233,0.49122807017543857,-0.2982456140350877,0.43859649122807015,-0.4093567251461988,0.23391812865497075,-0.4853801169590643,0.34502923976608185,-0.6491228070175439,0.40350877192982454,-0.5906432748538012,0.4269005847953216,-0.49707602339181284,0.1286549707602339,-0.543859649122807,0.2046783625730994,-0.7660818713450293,0.28654970760233917,-0.8888888888888888,0.3567251461988304,-0.9941520467836257,0.029239766081871343,-0.5497076023391813,0.04093567251461988,-0.7602339181286549,0.0935672514619883,-0.8947368421052632,0.14035087719298245,-1.0,-0.07017543859649122,-0.5029239766081871,-0.09941520467836257,-0.6666666666666666,-0.10526315789473684,-0.7894736842105263,-0.09941520467836257,-0.9005847953216374
f,0.0,0.0,0.20348837209302326,-0.06395348837209303,0.38372093023255816,-0.19186046511627908,0.48255813953488375,-0.3081395348837209,0.43023255813953487,-0.42441860465116277,0.22674418604651161,-0.4941860465116279,0.3430232558139535,-0.6453488372093024,0.4011627906976744,-0.5755813953488372,0.4186046511627907,-0.48255813953488375,0.12209302325581395,-0.5523255813953488,0.19186046511627908,-0.7674418604651163,0.27325581395348836,-0.8895348837209303,0.3430232558139535,-0.9941860465116279,0.023255813953488372,-0.5523255813953488,0.029069767441860465,-0.7616279069767442,0.08139534883720931,-0.8953488372093024,0.13372093023255813,-1.0,-0.0755813953488372,-0.5,-0.09883720930232558,-0.6627906976744186,-0.10465116279069768,-0.7906976744186046,-0.09883720930232558,-0.9011627906976745
f,0.0,0.0,0.2046783625730994,-0.05847953216374269,0.38596491228070173,-0.19298245614035087,0.47953216374269003,-0.30994152046783624,0.4269005847953216,-0.42105263157894735,0.2222222222222222,-0.5029239766081871,0.3391812865497076,-0.6432748538011696,0.391812865497076,-0.5789473684210527,0.4152046783625731,-0.4853801169590643,0.12280701754385964,-0.5555555555555556,0.1871345029239766,-0.7719298245614035,0.26900584795321636,-0.8947368421052632,0.3333333333333333,-1.0,0.023391812865497075,-0.5497076023391813,0.023391812865497075,-0.7602339181286549,0.07602339181286549,-0.8947368421052632,0.13450292397660818,-0.9941520467836257,-0.07602339181286549,-0.5029239766081871,-0.09941520467836257,-0.6666666666666666,-0.09941520467836257,-0.7894736842105263,-0.08771929824561403,-0.9005847953216374
f,0.0,0.0,0.2046783625730994,-0.05263157894736842,0.40350877192982454,-0.18128654970760233,0.5029239766081871,-0.30409356725146197,0.45614035087719296,-0.42105263157894735,0.2573099415204678,-0.49122807017543857,0.3567251461988304,-0.6491228070175439,0.4093567251461988,-0.5964912280701754,0.4327485380116959,-0.5029239766081871,0.15204678362573099,-0.5497076023391813,0.21637426900584794,-0.7777777777777778,0.29239766081871343,-0.9005847953216374,0.3567251461988304,-1.0,0.04678362573099415,-0.5555555555555556,0.05263157894736842,-0.7660818713450293,0.1111111111111111,-0.9005847953216374,0.16374269005847952,-1.0,-0.05847953216374269,-0.5087719298245614,-0.08771929824561403,-0.6783625730994152,-0.0935672514619883,-0.8070175438596491,-0.08187134502923976,-0.9122807017543859
f,0.0,0.0,0.21511627906976744,-0.040697674418604654,0.4127906976744186,-0.1744186046511628,0.5174418604651163,-0.29069767441860467,0.46511627906976744,-0.4011627906976744,0.27906976744186046,-0.48255813953488375,0.3953488372093023,-0.6337209302325582,0.4418604651162791,-0.563953488372093,0.4476744186046512,-0.45348837209302323,0.1744186046511628,-0.5465116279069767,0.26744186046511625,-0.7558139534883721,0.36627906976744184,-0.8662790697674418,0.4418604651162791,-0.9593023255813954,0.06395348837209303,-0.5465116279069767,0.08139534883720931,-0.7616279069767442,0.13372093023255813,-0.8953488372093024,0.18604651162790697,-1.0,-0.05813953488372093,-0.5,-0.10465116279069768,-0.6686046511627907,-0.12209302325581395,-0.7965116279069767,-0.12790697674418605,-0.9069767441860465
g,0.0,0.0,0.05405405405405406,-0.23648648648648649,0.2702702702702703,-0.41216216216216217,0.4864864864864865,-0.49324324324324326,0.6486486486486487,-0.5608108108108109,0.30405405405405406,-0.43243243243243246,0.6486486486486487,-0.46621621621621623,0.8445945945945946,-0.46621621621621623,1.0,-0.46621621621621623,0.32432432432432434,-0.2702702702702703,0.7094594594594594,-0.28378378378378377,0.6216216216216216,-0.24324324324324326,0.5,-0.24324324324324326,0.34459459459459457,-0.0945945945945946,0.7027027027027027,-0.11486486486486487,0.6081081081081081,-0.0945945945945946,0.4864864864864865,-0.08783783783783784,0.3581081081081081,0.07432432432432433,0.6351351351351351,0.05405405405405406,0.5608108108108109,0.0472972972972973,0.4594594594594595,0.033783783783783786
g,0.0,0.0,0.03597122302158273,-0.2517985611510791,0.2446043165467626,-0.4676258992805755,0.460431654676259,-0.5899280575539568,0.6187050359712231,-0.6762589928057554,0.2949640287769784,-0.5035971223021583,0.6402877697841727,-0.5755395683453237,0.841726618705036,-0.5971223021582733,1.0,-0.6187050359712231,0.33093525179856115,-0.34532374100719426,0.7050359712230215,-0.37410071942446044,0.6115107913669064,-0.31654676258992803,0.48201438848920863,-0.2949640287769784,0.37410071942446044,-0.17266187050359713,0.7122302158273381,-0.2158273381294964,0.6330935251798561,-0.17985611510791366,0.5107913669064749,-0.16546762589928057,0.4172661870503597,0.0,0.6906474820143885,-0.06474820143884892,0.6258992805755396,-0.05755395683453238,0.5323741007194245,-0.050359712230215826
g,0.0,0.0,0.036231884057971016,-0.2463768115942029,0.2463768115942029,-0.45652173913043476,0.47101449275362317,-0.572463768115942,0.6304347826086957,-0.6594202898550725,0.2898550724637681,-0.5072463768115942,0.6376811594202898,-0.572463768115942,0.8405797101449275,-0.5869565217391305,1.0,-0.6086956521739131,0.3333333333333333,-0.35507246376811596,0.7101449275362319,-0.3695652173913043,0.6231884057971014,-0.30434782608695654,0.4927536231884058,-0.2898550724637681,0.38405797101449274,-0.17391304347826086,0.717391304347826,-0.21014492753623187,0.6304347826086957,-0.16666666666666666,0.5072463768115942,-0.15217391304347827,0.42028985507246375,-0.007246376811594203,0.6884057971014492,-0.057971014492753624,0.6231884057971014,-0.043478260869565216,0.5217391304347826,-0.036231884057971016
g,0.0,0.0,0.03597122302158273,-0.2517985611510791,0.2517985611510791,-0.45323741007194246,0.48201438848920863,-0.5611510791366906,0.6474820143884892,-0.6546762589928058,0.28776978417266186,-0.5107913669064749,0.6330935251798561,-0.5755395683453237,0.841726618705036,-0.5899280575539568,1.0,-0.6115107913669064,0.33093525179856115,-0.3597122302158273,0.7122302158273381,-0.38848920863309355,0.6330935251798561,-0.31654676258992803,0.5035971223021583,-0.2949640287769784,0.37410071942446044,-0.17985611510791366,0.7194244604316546,-0.22302158273381295,0.6402877697841727,-0.17985611510791366,0.5179856115107914,-0.16546762589928057,0.41007194244604317,-0.014388489208633094,0.6834532374100719,-0.07194244604316546,0.6258992805755396,-0.05755395683453238,0.5323741007194245,-0.05755395683453238
g,0.0,0.0,0.03597122302158273,-0.2446043165467626,0.2517985611510791,-0.45323741007194246,0.48201438848920863,-0.5539568345323741,0.6474820143884892,-0.6330935251798561,0.2733812949640288,-0.5035971223021583,0.6330935251798561,-0.5755395683453237,0.8345323741007195,-0.5971223021582733,1.0,-0.6115107913669064,0.3237410071942446,-0.35251798561151076,0.697841726618705,-0.381294964028777,0.6115107913669064,-0.31654676258992803,0.48201438848920863,-0.2949640287769784,0.37410071942446044,-0.17985611510791366,0.7122302158273381,-0.22302158273381295,0.6258992805755396,-0.17985611510791366,0.5107913669064749,-0.16546762589928057,0.4172661870503597,-0.02158273381294964,0.6834532374100719,-0.07913669064748201,0.6187050359712231,-0.06474820143884892,0.5179856115107914,-0.050359712230215826
g,0.0,0.0,0.04964539007092199,-0.24113475177304963,0.2624113475177305,-0.4397163120567376,0.49645390070921985,-0.524822695035461,0.6595744680851063,-0.5531914893617021,0.2765957446808511,-0.5106382978723404,0.6312056737588653,-0.5886524822695035,0.8368794326241135,-0.6099290780141844,1.0,-0.6312056737588653,0.3191489361702128,-0.3617021276595745,0.6879432624113475,-0.3971631205673759,0.6170212765957447,-0.3333333333333333,0.48936170212765956,-0.3120567375886525,0.375886524822695,-0.19148936170212766,0.7092198581560284,-0.24822695035460993,0.6312056737588653,-0.19858156028368795,0.5177304964539007,-0.1773049645390071,0.425531914893617,-0.028368794326241134,0.6808510638297872,-0.09929078014184398,0.6099290780141844,-0.07801418439716312,0.5177304964539007,-0.05673758865248227
g,0.0,0.0,0.03571428571428571,-0.2357142857142857,0.24285714285714285,-0.42857142857142855,0.4785714285714286,-0.4857142857142857,0.6214285714285714,-0.4642857142857143,0.2571428571428571,-0.5071428571428571,0.6214285714285714,-0.5928571428571429,0.8285714285714286,-0.6142857142857143,1.0,-0.6357142857142857,0.30714285714285716,-0.35714285714285715,0.6785714285714286,-0.4,0.6071428571428571,-0.32857142857142857,0.4785714285714286,-0.30714285714285716,0.37142857142857144,-0.18571428571428572,0.7,-0.25,0.6214285714285714,-0.19285714285714287,0.5071428571428571,-0.17142857142857143,0.42857142857142855,-0.02857142857142857,0.6714285714285714,-0.09285714285714286,0.6,-0.07142857142857142,0.5071428571428571,-0.05
g,0.0,0.0,0.036231884057971016,-0.2463768115942029,0.2536231884057971,-0.4492753623188406,0.5,-0.5217391304347826,0.6594202898550725,-0.5144927536231884,0.26811594202898553,-0.5217391304347826,0.6304347826086957,-0.6159420289855072,0.8405797101449275,-0.6376811594202898,1.0,-0.6594202898550725,0.32608695652173914,-0.3695652173913043,0.6956521739130435,-0.41304347826086957,0.6159420289855072,-0.34782608695652173,0.4927536231884058,-0.3188405797101449,0.38405797101449274,-0.18840579710144928,0.7028985507246377,-0.2536231884057971,0.6231884057971014,-0.2028985507246377,0.5072463768115942,-0.18115942028985507,0.43478260869565216,-0.028985507246376812,0.6811594202898551,-0.10869565217391304,0.6086956521739131,-0.08695652173913043,0.5144927536231884,-0.06521739130434782
g,0.0,0.0,0.0364963503649635,-0.24817518248175183,0.25547445255474455,-0.45985401459854014,0.5036496350364964,-0.5328467153284672,0.6715328467153284,-0.5255474452554745,0.26277372262773724,-0.5328467153284672,0.6277372262773723,-0.6277372262773723,0.8321167883211679,-0.656934306569343,1.0,-0.6861313868613139,0.32116788321167883,-0.3722627737226277,0.7007299270072993,-0.4233576642335766,0.6204379562043796,-0.35766423357664234,0.48905109489051096,-0.3284671532846715,0.38686131386861317,-0.20437956204379562,0.7007299270072993,-0.27007299270072993,0.6204379562043796,-0.2116788321167883,0.5036496350364964,-0.1897810218978102,0.44525547445255476,-0.0364963503649635,0.6861313868613139,-0.11678832116788321,0.6131386861313869,-0.0948905109489051,0.5182481751824818,-0.06569343065693431
g,0.0,0.0,0.030534351145038167,-0.2748091603053435,0.24427480916030533,-0.4961832061068702,0.5038167938931297,-0.5877862595419847,0.6717557251908397,-0.6030534351145038,0.25190839694656486,-0.5725190839694656,0.6259541984732825,-0.6870229007633588,0.8396946564885496,-0.7251908396946565,1.0,-0.7557251908396947,0.32061068702290074,-0.4122137404580153,0.7022900763358778,-0.48091603053435117,0.6259541984732825,-0.4122137404580153,0.5038167938931297,-0.3816793893129771,0.40458015267175573,-0.22900763358778625,0.7175572519083969,-0.32061068702290074,0.6335877862595419,-0.2595419847328244,0.5190839694656488,-0.22137404580152673,0.4732824427480916,-0.061068702290076333,0.7175572519083969,-0.16030534351145037,0.6412213740458015,-0.13740458015267176,0.5419847328244275,-0.10687022900763359
g,0.0,0.0,0.0,-0.29365079365079366,0.21428571428571427,-0.5396825396825397,0.49206349206349204,-0.6507936507936508,0.6746031746031746,-0.6507936507936508,0.2222222222222222,-0.6111111111111112,0.6111111111111112,-0.7698412698412699,0.8253968253968254,-0.8253968253968254,1.0,-0.873015873015873,0.3333333333333333,-0.4444444444444444,0.7063492063492064,-0.5634920634920635,0.6031746031746031,-0.47619047619047616,0.46825396825396826,-0.42857142857142855,0.42857142857142855,-0.2698412698412698,0.7380952380952381,-0.3968253968253968,0.6428571428571429,-0.3253968253968254,0.5238095238095238,-0.2777777777777778,0.5158730158730159,-0.1111111111111111,0.7301587301587301,-0.23015873015873015,0.6507936507936508,-0.1984126984126984,0.5476190476190477,-0.15873015873015872
g,0.0,0.0,-0.025,-0.3,0.15833333333333333,-0.5916666666666667,0.43333333333333335,-0.7166666666666667,0.6166666666666667,-0.7,0.225,-0.6416666666666667,0.6166666666666667,-0.825,0.825,-0.9083333333333333,1.0,-0.975,0.35833333333333334,-0.475,0.7,-0.6166666666666667,0.6,-0.5333333333333333,0.475,-0.475,0.475,-0.3,0.75,-0.45,0.6666666666666666,-0.375,0.5416666666666666,-0.31666666666666665,0.5666666666666667,-0.14166666666666666,0.75,-0.275,0.6666666666666666,-0.23333333333333334,0.575,-0.18333333333333332
g,0.0,0.0,-0.03333333333333333,-0.30833333333333335,0.15833333333333333,-0.6,0.425,-0.7583333333333333,0.6166666666666667,-0.8083333333333333,0.23333333333333334,-0.625,0.6166666666666667,-0.8,0.825,-0.875,1.0,-0.9416666666666667,0.35833333333333334,-0.45,0.7083333333333334,-0.6,0.6083333333333333,-0.525,0.475,-0.475,0.4666666666666667,-0.275,0.7583333333333333,-0.4166666666666667,0.6666666666666666,-0.35833333333333334,0.5416666666666666,-0.3,0.5583333333333333,-0.10833333333333334,0.75,-0.25,0.6583333333333333,-0.21666666666666667,0.5666666666666667,-0.16666666666666666
g,0.0,0.0,-0.024390243902439025,-0.3008130081300813,0.14634146341463414,-0.5853658536585366,0.3983739837398374,-0.7560975609756098,0.5772357723577236,-0.8373983739837398,0.2601626016260163,-0.5934959349593496,0.6341463414634146,-0.7642276422764228,0.8373983739837398,-0.8292682926829268,1.0,-0.8861788617886179,0.3821138211382114,-0.43089430894308944,0.7154471544715447,-0.5691056910569106,0.6097560975609756,-0.4959349593495935,0.4796747967479675,-0.44715447154471544,0.4715447154471545,-0.24390243902439024,0.7560975609756098,-0.3821138211382114,0.6585365853658537,-0.3252032520325203,0.5447154471544715,-0.2682926829268293,0.5447154471544715,-0.07317073170731707,0.7398373983739838,-0.21138211382113822,0.6504065040650406,-0.17886178861788618,0.5609756097560976,-0.13008130081300814
g,0.0,0.0,-0.015503875968992248,-0.2713178294573643,0.16279069767441862,-0.5426356589147286,0.40310077519379844,-0.6976744186046512,0.5736434108527132,-0.7751937984496124,0.26356589147286824,-0.5503875968992248,0.627906976744186,-0.6821705426356589,0.8372093023255814,-0.7364341085271318,1.0,-0.7829457364341085,0.3643410852713178,-0.3875968992248062,0.7054263565891473,-0.49612403100775193,0.6046511627906976,-0.43410852713178294,0.4728682170542636,-0.3875968992248062,0.4496124031007752,-0.20155038759689922,0.7364341085271318,-0.3178294573643411,0.6434108527131783,-0.26356589147286824,0.5271317829457365,-0.21705426356589147,0.5116279069767442,-0.031007751937984496,0.7209302325581395,-0.14728682170542637,0.627906976744186,-0.11627906976744186,0.5348837209302325,-0.07751937984496124
g,0.0,0.0,0.014705882352941176,-0.2647058823529412,0.19852941176470587,-0.5073529411764706,0.4264705882352941,-0.6397058823529411,0.5955882352941176,-0.7205882352941176,0.2867647058823529,-0.5147058823529411,0.6397058823529411,-0.6176470588235294,0.8455882352941176,-0.6544117647058824,1.0,-0.6911764705882353,0.36764705882352944,-0.35294117647058826,0.6985294117647058,-0.4338235294117647,0.6029411764705882,-0.375,0.4852941176470588,-0.3382352941176471,0.4411764705882353,-0.17647058823529413,0.7205882352941176,-0.2647058823529412,0.6323529411764706,-0.21323529411764705,0.5220588235294118,-0.17647058823529413,0.49264705882352944,-0.007352941176470588,0.6985294117647058,-0.11029411764705882,0.6176470588235294,-0.08088235294117647,0.5294117647058824,-0.04411764705882353
g,0.0,0.0,0.007407407407407408,-0.26666666666666666,0.2,-0.5037037037037037,0.4444444444444444,-0.6370370370370371,0.6148148148148148,-0.6962962962962963,0.28888888888888886,-0.5037037037037037,0.6444444444444445,-0.6,0.8444444444444444,-0.6370370370370371,1.0,-0.674074074074074,0.362962962962963,-0.34814814814814815,0.7037037037037037,-0.4222222222222222,0.6222222222222222,-0.35555555555555557,0.4962962962962963,-0.32592592592592595,0.4222222222222222,-0.17037037037037037,0.725925925925926,-0.2518518518518518,0.6444444444444445,-0.2,0.5333333333333333,-0.17037037037037037,0.4666666666666667,0.0,0.6888888888888889,-0.08888888888888889,0.6074074074074074,-0.06666666666666667,0.5185185185185185,-0.037037037037037035
g,0.0,0.0,0.014492753623188406,-0.2536231884057971,0.2028985507246377,-0.4855072463768116,0.427536231884058,-0.6231884057971014,0.6014492753623188,-0.6884057971014492,0.2971014492753623,-0.4927536231884058,0.6521739130434783,-0.572463768115942,0.8478260869565217,-0.6086956521739131,1.0,-0.6376811594202898,0.36231884057971014,-0.3333333333333333,0.7101449275362319,-0.39855072463768115,0.6231884057971014,-0.3333333333333333,0.4927536231884058,-0.3115942028985507,0.41304347826086957,-0.15217391304347827,0.7246376811594203,-0.2318840579710145,0.6376811594202898,-0.18840579710144928,0.5217391304347826,-0.15942028985507245,0.4492753623188406,0.007246376811594203,0.6884057971014492,-0.07246376811594203,0.6086956521739131,-0.057971014492753624,0.5144927536231884,-0.036231884057971016
g,0.0,0.0,0.02127659574468085,-0.2553191489361702,0.2127659574468085,-0.475177304964539,0.425531914893617,-0.5957446808510638,0.5886524822695035,-0.6737588652482269,0.2978723404255319,-0.475177304964539,0.6524822695035462,-0.5460992907801419,0.851063829787234,-0.5673758865248227,1.0,-0.5886524822695035,0.3546099290780142,-0.3191489361702128,0.7021276595744681,-0.3617021276595745,0.6099290780141844,-0.3049645390070922,0.48226950354609927,-0.28368794326241137,0.3971631205673759,-0.14184397163120568,0.7163120567375887,-0.19858156028368795,0.624113475177305,-0.15602836879432624,0.5106382978723404,-0.1347517730496454,0.4326241134751773,0.02127659574468085,0.6666666666666666,-0.0425531914893617,0.5957446808510638,-0.03546099290780142,0.5035460992907801,-0.02127659574468085
g,0.0,0.0,0.04081632653061224,-0.23129251700680273,0.23809523809523808,-0.43537414965986393,0.46258503401360546,-0.5374149659863946,0.6258503401360545,-0.5986394557823129,0.3197278911564626,-0.43537414965986393,0.6598639455782312,-0.48299319727891155,0.8503401360544217,-0.4897959183673469,1.0,-0.5034013605442177,0.36054421768707484,-0.2789115646258503,0.7074829931972789,-0.30612244897959184,0.6054421768707483,-0.25170068027210885,0.48299319727891155,-0.23809523809523808,0.3945578231292517,-0.10884353741496598,0.7006802721088435,-0.14285714285714285,0.6054421768707483,-0.10884353741496598,0.4897959183673469,-0.09523809523809523,0.4217687074829932,0.047619047619047616,0.6462585034013606,-0.006802721088435374,0.564625850340136,0.0,0.47619047619047616,0.006802721088435374
h,0.0,0.0,0.0196078431372549,-0.23529411764705882,0.20261437908496732,-0.41830065359477125,0.4117647058823529,-0.4444444444444444,0.5620915032679739,-0.38562091503267976,0.20261437908496732,-0.45751633986928103,0.5620915032679739,-0.49019607843137253,0.7581699346405228,-0.5098039215686274,0.9150326797385621,-0.5163398692810458,0.21568627450980393,-0.2875816993464052,0.6078431372549019,-0.35947712418300654,0.8300653594771242,-0.39869281045751637,1.0,-0.41830065359477125,0.26143790849673204,-0.12418300653594772,0.6078431372549019,-0.17647058823529413,0.5228758169934641,-0.1895424836601307,0.39869281045751637,-0.1830065359477124,0.3137254901960784,0.0196078431372549,0.5424836601307189,-0.058823529411764705,0.47058823529411764,-0.0784313725490196,0.3790849673202614,-0.06535947712418301
h,0.0,0.0,0.032467532467532464,-0.24025974025974026,0.2012987012987013,-0.42857142857142855,0.4090909090909091,-0.474025974025974,0.5714285714285714,-0.44805194805194803,0.22727272727272727,-0.5,0.564935064935065,-0.564935064935065,0.7532467532467533,-0.5974025974025974,0.9025974025974026,-0.6233766233766234,0.2662337662337662,-0.34415584415584416,0.6363636363636364,-0.4155844155844156,0.8441558441558441,-0.44805194805194803,1.0,-0.474025974025974,0.3246753246753247,-0.18831168831168832,0.6103896103896104,-0.2532467532467532,0.5324675324675324,-0.24025974025974026,0.42207792207792205,-0.22077922077922077,0.37662337662337664,-0.05194805194805195,0.5714285714285714,-0.12987012987012986,0.5,-0.12337662337662338,0.4090909090909091,-0.1038961038961039
h,0.0,0.0,0.01948051948051948,-0.24025974025974026,0.18831168831168832,-0.42857142857142855,0.3961038961038961,-0.474025974025974,0.5584415584415584,-0.44155844155844154,0.22727272727272727,-0.5,0.5714285714285714,-0.5714285714285714,0.7532467532467533,-0.6038961038961039,0.9025974025974026,-0.6298701298701299,0.2792207792207792,-0.35064935064935066,0.6428571428571429,-0.42857142857142855,0.8441558441558441,-0.44805194805194803,1.0,-0.4675324675324675,0.33116883116883117,-0.19480519480519481,0.6103896103896104,-0.2532467532467532,0.525974025974026,-0.23376623376623376,0.4155844155844156,-0.21428571428571427,0.38961038961038963,-0.05844155844155844,0.5714285714285714,-0.12987012987012986,0.4935064935064935,-0.11688311688311688,0.4025974025974026,-0.09090909090909091
h,0.0,0.0,0.025974025974025976,-0.24025974025974026,0.18831168831168832,-0.42857142857142855,0.3961038961038961,-0.474025974025974,0.5584415584415584,-0.44805194805194803,0.22077922077922077,-0.4935064935064935,0.564935064935065,-0.5584415584415584,0.7532467532467533,-0.5909090909090909,0.9025974025974026,-0.6168831168831169,0.2662337662337662,-0.34415584415584416,0.6363636363636364,-0.4155844155844156,0.8441558441558441,-0.44155844155844154,1.0,-0.461038961038961,0.3181818181818182,-0.18831168831168832,0.6038961038961039,-0.24025974025974026,0.5194805194805194,-0.22077922077922077,0.4090909090909091,-0.2012987012987013,0.37662337662337664,-0.045454545454545456,0.564935064935065,-0.12337662337662338,0.487012987012987,-0.11038961038961038,0.3961038961038961,-0.08441558441558442
h,0.0,0.0,0.038461538461538464,-0.22435897435897437,0.22435897435897437,-0.41025641025641024,0.4358974358974359,-0.4551282051282051,0.6089743589743589,-0.4423076923076923,0.23076923076923078,-0.48717948717948717,0.5833333333333334,-0.5192307692307693,0.7756410256410257,-0.532051282051282,0.9230769230769231,-0.5384615384615384,0.2564102564102564,-0.33974358974358976,0.6346153846153846,-0.38461538461538464,0.8461538461538461,-0.38461538461538464,1.0,-0.391025641025641,0.2948717948717949,-0.1858974358974359,0.6025641025641025,-0.1987179487179487,0.5128205128205128,-0.1794871794871795,0.3974358974358974,-0.1794871794871795,0.3333333333333333,-0.038461538461538464,0.5512820512820513,-0.08333333333333333,0.47435897435897434,-0.07051282051282051,0.3717948717948718,-0.07051282051282051
h,0.0,0.0,0.06329113924050633,-0.21518987341772153,0.26582278481012656,-0.37341772151898733,0.47468354430379744,-0.3924050632911392,0.6392405063291139,-0.379746835443038,0.25949367088607594,-0.4810126582278481,0.5949367088607594,-0.47468354430379744,0.7848101265822784,-0.46835443037974683,0.930379746835443,-0.46835443037974683,0.25316455696202533,-0.34177215189873417,0.6265822784810127,-0.34177215189873417,0.8417721518987342,-0.31645569620253167,1.0,-0.310126582278481,0.26582278481012656,-0.189873417721519,0.5949367088607594,-0.14556962025316456,0.5,-0.12025316455696203,0.379746835443038,-0.12658227848101267,0.2848101265822785,-0.04430379746835443,0.5253164556962026,-0.02531645569620253,0.44936708860759494,-0.012658227848101266,0.34810126582278483,-0.03164556962025317
h,0.0,0.0,0.057692307692307696,-0.20512820512820512,0.2564102564102564,-0.358974358974359,0.46794871794871795,-0.3782051282051282,0.6217948717948718,-0.3525641025641026,0.25,-0.46794871794871795,0.5897435897435898,-0.44871794871794873,0.782051282051282,-0.4358974358974359,0.9358974358974359,-0.42948717948717946,0.24358974358974358,-0.3333333333333333,0.6217948717948718,-0.3333333333333333,0.8397435897435898,-0.3076923076923077,1.0,-0.2948717948717949,0.2564102564102564,-0.1794871794871795,0.5961538461538461,-0.1282051282051282,0.5064102564102564,-0.10897435897435898,0.38461538461538464,-0.12179487179487179,0.27564102564102566,-0.02564102564102564,0.5256410256410257,-0.00641025641025641,0.4551282051282051,-0.00641025641025641,0.3525641025641026,-0.02564102564102564
h,0.0,0.0,0.05732484076433121,-0.20382165605095542,0.2611464968152866,-0.35668789808917195,0.46496815286624205,-0.3821656050955414,0.6178343949044586,-0.3630573248407643,0.2484076433121019,-0.46496815286624205,0.5859872611464968,-0.45222929936305734,0.7834394904458599,-0.43312101910828027,0.9363057324840764,-0.4267515923566879,0.24203821656050956,-0.33121019108280253,0.6178343949044586,-0.33121019108280253,0.8343949044585988,-0.31210191082802546,1.0,-0.3057324840764331,0.2484076433121019,-0.17834394904458598,0.5923566878980892,-0.12738853503184713,0.5031847133757962,-0.10828025477707007,0.3821656050955414,-0.12101910828025478,0.267515923566879,-0.03184713375796178,0.5222929936305732,-0.006369426751592357,0.45222929936305734,-0.006369426751592357,0.3503184713375796,-0.025477707006369428
h,0.0,0.0,0.057692307692307696,-0.20512820512820512,0.2564102564102564,-0.36538461538461536,0.46153846153846156,-0.38461538461538464,0.6217948717948718,-0.3717948717948718,0.25,-0.47435897435897434,0.5833333333333334,-0.4551282051282051,0.7756410256410257,-0.44871794871794873,0.9294871794871795,-0.4423076923076923,0.24358974358974358,-0.3333333333333333,0.6217948717948718,-0.34615384615384615,0.8397435897435898,-0.3269230769230769,1.0,-0.32051282051282054,0.2564102564102564,-0.1794871794871795,0.6025641025641025,-0.14102564102564102,0.5064102564102564,-0.12179487179487179,0.3782051282051282,-0.1346153846153846,0.2692307692307692,-0.02564102564102564,0.5256410256410257,-0.019230769230769232,0.4551282051282051,-0.01282051282051282,0.3525641025641026,-0.038461538461538464
h,0.0,0.0,0.057692307692307696,-0.20512820512820512,0.2564102564102564,-0.358974358974359,0.46153846153846156,-0.3782051282051282,0.6217948717948718,-0.36538461538461536,0.25,-0.47435897435897434,0.5897435897435898,-0.4551282051282051,0.7756410256410257,-0.44871794871794873,0.9294871794871795,-0.4423076923076923,0.24358974358974358,-0.3333333333333333,0.6217948717948718,-0.33974358974358976,0.8333333333333334,-0.3269230769230769,1.0,-0.3141025641025641,0.25,-0.1794871794871795,0.5961538461538461,-0.14102564102564102,0.5,-0.12179487179487179,0.3782051282051282,-0.1282051282051282,0.27564102564102566,-0.02564102564102564,0.5256410256410257,-0.019230769230769232,0.44871794871794873,-0.01282051282051282,0.34615384615384615,-0.02564102564102564
h,0.0,0.0,0.056962025316455694,-0.20253164556962025,0.2468354430379747,-0.35443037974683544,0.44936708860759494,-0.379746835443038,0.6075949367088608,-0.37341772151898733,0.2468354430379747,-0.47468354430379744,0.5886075949367089,-0.45569620253164556,0.7784810126582279,-0.43670886075949367,0.930379746835443,-0.4240506329113924,0.24050632911392406,-0.34177215189873417,0.6139240506329114,-0.34177215189873417,0.8354430379746836,-0.3291139240506329,1.0,-0.3227848101265823,0.25316455696202533,-0.189873417721519,0.5886075949367089,-0.14556962025316456,0.5,-0.11392405063291139,0.379746835443038,-0.12025316455696203,0.2721518987341772,-0.04430379746835443,0.5253164556962026,-0.03164556962025317,0.45569620253164556,-0.012658227848101266,0.36075949367088606,-0.02531645569620253
h,0.0,0.0,0.05844155844155844,-0.2012987012987013,0.2532467532467532,-0.36363636363636365,0.461038961038961,-0.38311688311688313,0.6168831168831169,-0.37662337662337664,0.2532467532467532,-0.4935064935064935,0.5974025974025974,-0.4675324675324675,0.7857142857142857,-0.44805194805194803,0.9415584415584416,-0.43506493506493504,0.23376623376623376,-0.35714285714285715,0.6168831168831169,-0.35714285714285715,0.8376623376623377,-0.33116883116883117,1.0,-0.3246753246753247,0.24025974025974026,-0.2077922077922078,0.5844155844155844,-0.15584415584415584,0.5,-0.11688311688311688,0.38311688311688313,-0.12337662337662338,0.2597402597402597,-0.05844155844155844,0.5194805194805194,-0.032467532467532464,0.45454545454545453,-0.012987012987012988,0.35714285714285715,-0.032467532467532464
h,0.0,0.0,0.06578947368421052,-0.20394736842105263,0.2631578947368421,-0.3618421052631579,0.47368421052631576,-0.3815789473684211,0.6381578947368421,-0.375,0.2631578947368421,-0.5,0.6052631578947368,-0.46710526315789475,0.7960526315789473,-0.4473684210526316,0.9473684210526315,-0.4276315789473684,0.23684210526315788,-0.3684210526315789,0.6118421052631579,-0.35526315789473684,0.8355263157894737,-0.32894736842105265,1.0,-0.3223684210526316,0.23684210526315788,-0.21710526315789475,0.5855263157894737,-0.15789473684210525,0.5,-0.11842105263157894,0.3815789473684211,-0.125,0.2565789473684211,-0.06578947368421052,0.5197368421052632,-0.03289473684210526,0.45394736842105265,-0.013157894736842105,0.35526315789473684,-0.039473684210526314
h,0.0,0.0,0.0718954248366013,-0.20915032679738563,0.27450980392156865,-0.35947712418300654,0.477124183006536,-0.3790849673202614,0.6405228758169934,-0.3660130718954248,0.2679738562091503,-0.5032679738562091,0.5947712418300654,-0.47058823529411764,0.7843137254901961,-0.43790849673202614,0.934640522875817,-0.41830065359477125,0.22875816993464052,-0.37254901960784315,0.6078431372549019,-0.35294117647058826,0.8366013071895425,-0.3202614379084967,1.0,-0.30718954248366015,0.22875816993464052,-0.2222222222222222,0.5751633986928104,-0.1568627450980392,0.49673202614379086,-0.12418300653594772,0.38562091503267976,-0.13071895424836602,0.24183006535947713,-0.0718954248366013,0.5098039215686274,-0.032679738562091505,0.4444444444444444,-0.0196078431372549,0.3464052287581699,-0.0457516339869281
h,0.0,0.0,0.0784313725490196,-0.20261437908496732,0.28104575163398693,-0.3464052287581699,0.49673202614379086,-0.35947712418300654,0.6470588235294118,-0.33986928104575165,0.2679738562091503,-0.5032679738562091,0.5947712418300654,-0.45751633986928103,0.7843137254901961,-0.41830065359477125,0.934640522875817,-0.39869281045751637,0.22875816993464052,-0.37254901960784315,0.6078431372549019,-0.33986928104575165,0.8300653594771242,-0.3006535947712418,1.0,-0.28104575163398693,0.21568627450980393,-0.2222222222222222,0.5686274509803921,-0.1437908496732026,0.48366013071895425,-0.11764705882352941,0.3660130718954248,-0.13725490196078433,0.2222222222222222,-0.06535947712418301,0.49673202614379086,-0.0196078431372549,0.43790849673202614,-0.013071895424836602,0.3333333333333333,-0.0392156862745098
h,0.0,0.0,0.09210526315789473,-0.20394736842105263,0.3026315789473684,-0.34210526315789475,0.5131578947368421,-0.34210526315789475,0.6578947368421053,-0.3092105263157895,0.2894736842105263,-0.4868421052631579,0.618421052631579,-0.4342105263157895,0.8026315789473685,-0.3881578947368421,0.9539473684210527,-0.3618421052631579,0.24342105263157895,-0.3618421052631579,0.618421052631579,-0.3092105263157895,0.8355263157894737,-0.2631578947368421,1.0,-0.23684210526315788,0.2236842105263158,-0.20394736842105263,0.5789473684210527,-0.11842105263157894,0.4934210526315789,-0.09868421052631579,0.375,-0.11842105263157894,0.23026315789473684,-0.05263157894736842,0.506578947368421,0.0,0.4473684210526316,0.006578947368421052,0.34210526315789475,-0.02631578947368421
h,0.0,0.0,0.09271523178807947,-0.2119205298013245,0.2980132450331126,-0.3576158940397351,0.4966887417218543,-0.3708609271523179,0.6423841059602649,-0.3443708609271523,0.2847682119205298,-0.5099337748344371,0.6158940397350994,-0.44370860927152317,0.8079470198675497,-0.40397350993377484,0.9536423841059603,-0.3708609271523179,0.23841059602649006,-0.37748344370860926,0.6158940397350994,-0.31788079470198677,0.8344370860927153,-0.271523178807947,1.0,-0.25165562913907286,0.2185430463576159,-0.2185430463576159,0.5761589403973509,-0.12582781456953643,0.5033112582781457,-0.10596026490066225,0.3841059602649007,-0.13245033112582782,0.2251655629139073,-0.059602649006622516,0.5033112582781457,-0.013245033112582781,0.4503311258278146,-0.006622516556291391,0.3443708609271523,-0.039735099337748346
h,0.0,0.0,0.08496732026143791,-0.20261437908496732,0.29411764705882354,-0.35947712418300654,0.49019607843137253,-0.38562091503267976,0.6405228758169934,-0.3790849673202614,0.27450980392156865,-0.49019607843137253,0.6078431372549019,-0.43137254901960786,0.7908496732026143,-0.39215686274509803,0.9411764705882353,-0.35947712418300654,0.23529411764705882,-0.35294117647058826,0.6013071895424836,-0.3137254901960784,0.8235294117647058,-0.2679738562091503,1.0,-0.24183006535947713,0.2222222222222222,-0.19607843137254902,0.5751633986928104,-0.11764705882352941,0.49673202614379086,-0.09803921568627451,0.37254901960784315,-0.11764705882352941,0.22875816993464052,-0.0457516339869281,0.5032679738562091,-0.006535947712418301,0.4444444444444444,0.0,0.33986928104575165,-0.032679738562091505
h,0.0,0.0,0.07792207792207792,-0.21428571428571427,0.2857142857142857,-0.37662337662337664,0.4805194805194805,-0.3961038961038961,0.6298701298701299,-0.37662337662337664,0.2727272727272727,-0.4805194805194805,0.6038961038961039,-0.43506493506493504,0.7922077922077922,-0.4025974025974026,0.9415584415584416,-0.37012987012987014,0.23376623376623376,-0.33766233766233766,0.6103896103896104,-0.3116883116883117,0.8311688311688312,-0.2792207792207792,1.0,-0.2597402597402597,0.22727272727272727,-0.17532467532467533,0.5909090909090909,-0.12337662337662338,0.5064935064935064,-0.11038961038961038,0.37662337662337664,-0.13636363636363635,0.24025974025974026,-0.025974025974025976,0.512987012987013,0.0,0.45454545454545453,-0.006493506493506494,0.35064935064935066,-0.03896103896103896
h,0.0,0.0,0.05844155844155844,-0.22077922077922077,0.2597402597402597,-0.38961038961038963,0.45454545454545453,-0.4090909090909091,0.5974025974025974,-0.36363636363636365,0.24025974025974026,-0.461038961038961,0.577922077922078,-0.43506493506493504,0.7662337662337663,-0.4090909090909091,0.9285714285714286,-0.38961038961038963,0.22077922077922077,-0.3051948051948052,0.6103896103896104,-0.3116883116883117,0.8311688311688312,-0.2987012987012987,1.0,-0.2857142857142857,0.23376623376623376,-0.14285714285714285,0.6038961038961039,-0.12987012987012986,0.5064935064935064,-0.14285714285714285,0.37662337662337664,-0.16233766233766234,0.2597402597402597,0.012987012987012988,0.5324675324675324,-0.006493506493506494,0.461038961038961,-0.032467532467532464,0.35714285714285715,-0.045454545454545456
i,0.0,0.0,0.2727272727272727,-0.08391608391608392,0.4755244755244755,-0.27972027972027974,0.5524475524475524,-0.4755244755244755,0.4965034965034965,-0.6293706293706294,0.36363636363636365,-0.5314685314685315,0.44755244755244755,-0.6643356643356644,0.40559440559440557,-0.4755244755244755,0.36363636363636365,-0.40559440559440557,0.23076923076923078,-0.5454545454545454,0.3146853146853147,-0.6223776223776224,0.27972027972027974,-0.40559440559440557,0.2517482517482518,-0.34965034965034963,0.07692307692307693,-0.5454545454545454,0.15384615384615385,-0.5944055944055944,0.16783216783216784,-0.3706293706293706,0.15384615384615385,-0.2867132867132867,-0.07692307692307693,-0.5384615384615384,-0.07692307692307693,-0.7482517482517482,-0.027972027972027972,-0.8531468531468531,0.006993006993006993,-1.0
i,0.0,0.0,0.272108843537415,-0.061224489795918366,0.46938775510204084,-0.22448979591836735,0.5374149659863946,-0.4217687074829932,0.4897959183673469,-0.5782312925170068,0.36054421768707484,-0.46258503401360546,0.42857142857142855,-0.6054421768707483,0.3945578231292517,-0.4489795918367347,0.3469387755102041,-0.35374149659863946,0.23129251700680273,-0.4897959183673469,0.30612244897959184,-0.6122448979591837,0.272108843537415,-0.40816326530612246,0.23129251700680273,-0.30612244897959184,0.08843537414965986,-0.5170068027210885,0.1564625850340136,-0.6190476190476191,0.14965986394557823,-0.40816326530612246,0.12244897959183673,-0.2857142857142857,-0.061224489795918366,-0.5374149659863946,-0.05442176870748299,-0.7619047619047619,-0.013605442176870748,-0.8707482993197279,0.02040816326530612,-1.0
i,0.0,0.0,0.2684563758389262,-0.053691275167785234,0.46308724832214765,-0.21476510067114093,0.5369127516778524,-0.40268456375838924,0.48322147651006714,-0.5637583892617449,0.35570469798657717,-0.44966442953020136,0.4161073825503356,-0.5906040268456376,0.3825503355704698,-0.436241610738255,0.33557046979865773,-0.3422818791946309,0.22818791946308725,-0.48322147651006714,0.2953020134228188,-0.5973154362416108,0.26174496644295303,-0.38926174496644295,0.2214765100671141,-0.28859060402684567,0.087248322147651,-0.5033557046979866,0.15436241610738255,-0.6040268456375839,0.1476510067114094,-0.3959731543624161,0.11409395973154363,-0.28187919463087246,-0.06040268456375839,-0.5302013422818792,-0.06040268456375839,-0.7583892617449665,-0.026845637583892617,-0.87248322147651,0.006711409395973154,-1.0
i,0.0,0.0,0.2684563758389262,-0.040268456375838924,0.46308724832214765,-0.20134228187919462,0.5436241610738255,-0.3825503355704698,0.4899328859060403,-0.5369127516778524,0.35570469798657717,-0.436241610738255,0.4228187919463087,-0.5704697986577181,0.3825503355704698,-0.4161073825503356,0.33557046979865773,-0.3221476510067114,0.22818791946308725,-0.4697986577181208,0.2953020134228188,-0.5838926174496645,0.26174496644295303,-0.3825503355704698,0.2214765100671141,-0.2751677852348993,0.09395973154362416,-0.4966442953020134,0.15436241610738255,-0.5973154362416108,0.1476510067114094,-0.3959731543624161,0.12080536912751678,-0.2751677852348993,-0.06040268456375839,-0.5234899328859061,-0.053691275167785234,-0.7516778523489933,-0.013422818791946308,-0.8657718120805369,0.020134228187919462,-1.0
i,0.0,0.0,0.2671232876712329,-0.0273972602739726,0.4726027397260274,-0.18493150684931506,0.5684931506849316,-0.363013698630137,0.5136986301369864,-0.5205479452054794,0.3767123287671233,-0.4315068493150685,0.4452054794520548,-0.5616438356164384,0.3972602739726027,-0.410958904109589,0.3561643835616438,-0.3150684931506849,0.2465753424657534,-0.4657534246575342,0.3219178082191781,-0.5821917808219178,0.2808219178082192,-0.3767123287671233,0.2328767123287671,-0.273972602739726,0.10273972602739725,-0.5,0.1780821917808219,-0.6027397260273972,0.15753424657534246,-0.3972602739726027,0.1232876712328767,-0.2808219178082192,-0.04794520547945205,-0.5342465753424658,-0.0273972602739726,-0.7602739726027398,0.0273972602739726,-0.8698630136986302,0.0821917808219178,-1.0
i,0.0,0.0,0.273972602739726,-0.02054794520547945,0.4863013698630137,-0.17123287671232876,0.5821917808219178,-0.3424657534246575,0.5273972602739726,-0.5068493150684932,0.3904109589041096,-0.4178082191780822,0.4589041095890411,-0.547945205479452,0.4041095890410959,-0.3904109589041096,0.3561643835616438,-0.2945205479452055,0.2602739726027397,-0.4589041095890411,0.3356164383561644,-0.5753424657534246,0.2808219178082192,-0.3698630136986301,0.23972602739726026,-0.2602739726027397,0.11643835616438356,-0.4931506849315068,0.18493150684931506,-0.6027397260273972,0.1643835616438356,-0.3972602739726027,0.13013698630136986,-0.2808219178082192,-0.03424657534246575,-0.5342465753424658,-0.00684931506849315,-0.7602739726027398,0.0410958904109589,-0.8767123287671232,0.08904109589041095,-1.0
i,0.0,0.0,0.2789115646258503,-0.013605442176870748,0.4965986394557823,-0.1564625850340136,0.5986394557823129,-0.3333333333333333,0.5374149659863946,-0.4897959183673469,0.4013605442176871,-0.40816326530612246,0.47619047619047616,-0.5374149659863946,0.41496598639455784,-0.3741496598639456,0.36054421768707484,-0.2789115646258503,0.272108843537415,-0.4489795918367347,0.3469387755102041,-0.5578231292517006,0.2925170068027211,-0.3469387755102041,0.24489795918367346,-0.24489795918367346,0.1292517006802721,-0.48299319727891155,0.19727891156462585,-0.5918367346938775,0.17687074829931973,-0.38095238095238093,0.14285714285714285,-0.2585034013605442,-0.02040816326530612,-0.5170068027210885,-0.013605442176870748,-0.7482993197278912,0.02040816326530612,-0.8639455782312925,0.05442176870748299,-1.0
i,0.0,0.0,0.2876712328767123,-0.02054794520547945,0.5,-0.1506849315068493,0.6027397260273972,-0.3287671232876712,0.547945205479452,-0.4863013698630137,0.410958904109589,-0.4041095890410959,0.4863013698630137,-0.5342465753424658,0.4315068493150685,-0.363013698630137,0.3698630136986301,-0.2671232876712329,0.2876712328767123,-0.4520547945205479,0.363013698630137,-0.5616438356164384,0.3013698630136986,-0.3424657534246575,0.2534246575342466,-0.23972602739726026,0.14383561643835616,-0.4931506849315068,0.21232876712328766,-0.5958904109589042,0.1917808219178082,-0.3835616438356164,0.15753424657534246,-0.2602739726027397,-0.0136986301369863,-0.5273972602739726,0.0,-0.7465753424657534,0.03424657534246575,-0.863013698630137,0.06164383561643835,-1.0
i,0.0,0.0,0.27972027972027974,-0.027972027972027972,0.4825174825174825,-0.18181818181818182,0.5874125874125874,-0.35664335664335667,0.5454545454545454,-0.5244755244755245,0.38461538461538464,-0.4405594405594406,0.46153846153846156,-0.5664335664335665,0.4195804195804196,-0.3916083916083916,0.36363636363636365,-0.2937062937062937,0.25874125874125875,-0.46853146853146854,0.34265734265734266,-0.5874125874125874,0.3006993006993007,-0.36363636363636365,0.2517482517482518,-0.26573426573426573,0.11888111888111888,-0.5034965034965035,0.1958041958041958,-0.6083916083916084,0.1888111888111888,-0.38461538461538464,0.14685314685314685,-0.25874125874125875,-0.04195804195804196,-0.5244755244755245,-0.027972027972027972,-0.7482517482517482,-0.006993006993006993,-0.8601398601398601,0.006993006993006993,-1.0
i,0.0,0.0,0.25517241379310346,-0.034482758620689655,0.46206896551724136,-0.19310344827586207,0.5586206896551724,-0.3724137931034483,0.5172413793103449,-0.5310344827586206,0.35172413793103446,-0.45517241379310347,0.43448275862068964,-0.5655172413793104,0.3931034482758621,-0.4,0.3448275862068966,-0.31724137931034485,0.22758620689655173,-0.4827586206896552,0.31724137931034485,-0.5724137931034483,0.2689655172413793,-0.3586206896551724,0.23448275862068965,-0.2827586206896552,0.0896551724137931,-0.5103448275862069,0.1793103448275862,-0.5862068965517241,0.16551724137931034,-0.3724137931034483,0.1310344827586207,-0.2620689655172414,-0.05517241379310345,-0.5310344827586206,-0.05517241379310345,-0.7448275862068966,-0.041379310344827586,-0.8620689655172413,-0.027586206896551724,-1.0
i,0.0,0.0,0.27972027972027974,-0.027972027972027972,0.48951048951048953,-0.18181818181818182,0.5874125874125874,-0.36363636363636365,0.5384615384615384,-0.5314685314685315,0.38461538461538464,-0.4405594405594406,0.4755244755244755,-0.5734265734265734,0.43356643356643354,-0.3916083916083916,0.3706293706293706,-0.3006993006993007,0.26573426573426573,-0.46853146853146854,0.36363636363636365,-0.5804195804195804,0.3076923076923077,-0.36363636363636365,0.25874125874125875,-0.26573426573426573,0.11888111888111888,-0.5034965034965035,0.2097902097902098,-0.6013986013986014,0.1958041958041958,-0.3776223776223776,0.15384615384615385,-0.25874125874125875,-0.03496503496503497,-0.5314685314685315,-0.02097902097902098,-0.7482517482517482,0.013986013986013986,-0.8601398601398601,0.03496503496503497,-1.0
i,0.0,0.0,0.27702702702702703,-0.02027027027027027,0.4864864864864865,-0.1554054054054054,0.5945945945945946,-0.32432432432432434,0.5608108108108109,-0.49324324324324326,0.39864864864864863,-0.40540540540540543,0.4864864864864865,-0.5202702702702703,0.43243243243243246,-0.3581081081081081,0.3783783783783784,-0.27702702702702703,0.27702702702702703,-0.44594594594594594,0.3716216216216216,-0.5472972972972973,0.3108108108108108,-0.33783783783783783,0.2635135135135135,-0.25,0.14189189189189189,-0.49324324324324326,0.22972972972972974,-0.5878378378378378,0.20270270270270271,-0.3783783783783784,0.16891891891891891,-0.25675675675675674,0.0,-0.527027027027027,0.013513513513513514,-0.75,0.0472972972972973,-0.8648648648648649,0.08108108108108109,-1.0
i,0.0,0.0,0.28378378378378377,-0.006756756756756757,0.5,-0.13513513513513514,0.6013513513513513,-0.2972972972972973,0.5743243243243243,-0.46621621621621623,0.43243243243243246,-0.3783783783783784,0.5202702702702703,-0.5067567567567568,0.4527027027027027,-0.35135135135135137,0.38513513513513514,-0.25675675675675674,0.3108108108108108,-0.42567567567567566,0.39864864864864863,-0.5337837837837838,0.3310810810810811,-0.3310810810810811,0.2702702702702703,-0.22297297297297297,0.17567567567567569,-0.47297297297297297,0.25675675675675674,-0.581081081081081,0.22297297297297297,-0.3716216216216216,0.17567567567567569,-0.23648648648648649,0.02702702702702703,-0.5135135135135135,0.0472972972972973,-0.7364864864864865,0.07432432432432433,-0.8648648648648649,0.11486486486486487,-1.0
i,0.0,0.0,0.28378378378378377,0.0,0.5067567567567568,-0.11486486486486487,0.6148648648648649,-0.28378378378378377,0.5878378378378378,-0.4527027027027027,0.4527027027027027,-0.3716216216216216,0.5337837837837838,-0.49324324324324326,0.46621621621621623,-0.33783783783783783,0.39864864864864863,-0.24324324324324326,0.32432432432432434,-0.4189189189189189,0.41216216216216217,-0.527027027027027,0.33783783783783783,-0.31756756756756754,0.27702702702702703,-0.20945945945945946,0.1891891891891892,-0.47297297297297297,0.2702702702702703,-0.581081081081081,0.23648648648648649,-0.3716216216216216,0.1891891891891892,-0.23648648648648649,0.04054054054054054,-0.5135135135135135,0.06756756756756757,-0.7432432432432432,0.10810810810810811,-0.8581081081081081,0.14864864864864866,-1.0
i,0.0,0.0,0.2876712328767123,0.00684931506849315,0.5136986301369864,-0.10273972602739725,0.6301369863013698,-0.2671232876712329,0.6095890410958904,-0.4452054794520548,0.4589041095890411,-0.363013698630137,0.547945205479452,-0.4931506849315068,0.4794520547945205,-0.3493150684931507,0.3972602739726027,-0.2465753424657534,0.3356164383561644,-0.4178082191780822,0.4315068493150685,-0.5205479452054794,0.3493150684931507,-0.3150684931506849,0.273972602739726,-0.2054794520547945,0.2054794520547945,-0.4726027397260274,0.2945205479452055,-0.5821917808219178,0.2534246575342466,-0.3698630136986301,0.1917808219178082,-0.23972602739726026,0.0547945205479452,-0.5205479452054794,0.0958904109589041,-0.7534246575342466,0.14383561643835616,-0.8698630136986302,0.1917808219178082,-1.0
i,0.0,0.0,0.2937062937062937,0.013986013986013986,0.5314685314685315,-0.08391608391608392,0.6573426573426573,-0.2517482517482518,0.6363636363636364,-0.43356643356643354,0.4825174825174825,-0.35664335664335667,0.5734265734265734,-0.46853146853146854,0.4965034965034965,-0.32867132867132864,0.4195804195804196,-0.23776223776223776,0.35664335664335667,-0.4195804195804196,0.46153846153846156,-0.5104895104895105,0.3706293706293706,-0.3146853146853147,0.3006993006993007,-0.2097902097902098,0.23076923076923078,-0.4825174825174825,0.32867132867132864,-0.5734265734265734,0.2727272727272727,-0.3706293706293706,0.21678321678321677,-0.24475524475524477,0.08391608391608392,-0.5384615384615384,0.13986013986013987,-0.7692307692307693,0.20279720279720279,-0.8811188811188811,0.2727272727272727,-1.0
i,0.0,0.0,0.2867132867132867,0.027972027972027972,0.5454545454545454,-0.06993006993006994,0.6783216783216783,-0.23776223776223776,0.6573426573426573,-0.42657342657342656,0.4965034965034965,-0.34965034965034963,0.6013986013986014,-0.45454545454545453,0.5174825174825175,-0.3146853146853147,0.44755244755244755,-0.22377622377622378,0.38461538461538464,-0.4125874125874126,0.4825174825174825,-0.4965034965034965,0.38461538461538464,-0.3076923076923077,0.3076923076923077,-0.1958041958041958,0.2517482517482518,-0.4825174825174825,0.35664335664335667,-0.5664335664335665,0.3006993006993007,-0.35664335664335667,0.23776223776223776,-0.23076923076923078,0.11188811188811189,-0.5454545454545454,0.18181818181818182,-0.7692307692307693,0.2517482517482518,-0.8811188811188811,0.32867132867132864,-1.0
i,0.0,0.0,0.30714285714285716,0.04285714285714286,0.5714285714285714,-0.05714285714285714,0.7142857142857143,-0.22857142857142856,0.7,-0.4142857142857143,0.55,-0.3357142857142857,0.65,-0.44285714285714284,0.55,-0.3142857142857143,0.4714285714285714,-0.21428571428571427,0.42857142857142855,-0.40714285714285714,0.5285714285714286,-0.4928571428571429,0.42142857142857143,-0.3,0.3357142857142857,-0.18571428571428572,0.29285714285714287,-0.4857142857142857,0.39285714285714285,-0.5714285714285714,0.32142857142857145,-0.35714285714285715,0.2571428571428571,-0.22142857142857142,0.14285714285714285,-0.5571428571428572,0.22142857142857142,-0.7785714285714286,0.3,-0.8857142857142857,0.38571428571428573,-1.0
i,0.0,0.0,0.29285714285714287,0.03571428571428571,0.5571428571428572,-0.06428571428571428,0.6928571428571428,-0.2357142857142857,0.6785714285714286,-0.42142857142857143,0.5214285714285715,-0.34285714285714286,0.6214285714285714,-0.45714285714285713,0.5357142857142857,-0.32142857142857145,0.45714285714285713,-0.22142857142857142,0.4,-0.4142857142857143,0.5071428571428571,-0.5,0.40714285714285714,-0.30714285714285716,0.32857142857142857,-0.19285714285714287,0.2714285714285714,-0.4857142857142857,0.37142857142857144,-0.5714285714285714,0.30714285714285716,-0.36428571428571427,0.25,-0.2357142857142857,0.12142857142857143,-0.5571428571428572,0.2,-0.7857142857142857,0.2714285714285714,-0.8857142857142857,0.35714285714285715,-1.0
i,0.0,0.0,0.2789115646258503,0.006802721088435374,0.5034013605442177,-0.11564625850340136,0.6190476190476191,-0.2789115646258503,0.6122448979591837,-0.4489795918367347,0.4557823129251701,-0.3741496598639456,0.5578231292517006,-0.48299319727891155,0.47619047619047616,-0.3469387755102041,0.40816326530612246,-0.25170068027210885,0.3401360544217687,-0.42857142857142855,0.4421768707482993,-0.5170068027210885,0.36054421768707484,-0.32653061224489793,0.2925170068027211,-0.2108843537414966,0.2108843537414966,-0.4897959183673469,0.3197278911564626,-0.5782312925170068,0.2789115646258503,-0.3741496598639456,0.23809523809523808,-0.24489795918367346,0.07482993197278912,-0.5374149659863946,0.12244897959183673,-0.7619047619047619,0.17687074829931973,-0.8775510204081632,0.24489795918367346,-1.0
j,0.0,0.0,0.2627118644067797,-0.17796610169491525,0.5677966101694916,-0.23728813559322035,0.8220338983050848,-0.16101694915254236,1.0,-0.05084745762711865,0.6016949152542372,-0.1016949152542373,0.8813559322033898,0.1694915254237288,0.7966101694915254,0.1271186440677966,0.6949152542372882,0.05084745762711865,0.4745762711864407,0.0847457627118644,0.7711864406779662,0.3135593220338983,0.7033898305084746,0.2542372881355932,0.6016949152542372,0.19491525423728814,0.3559322033898305,0.2457627118644068,0.6440677966101694,0.4491525423728814,0.5847457627118644,0.3898305084745763,0.4915254237288136,0.3135593220338983,0.2796610169491525,0.3898305084745763,0.5,0.635593220338983,0.6440677966101694,0.788135593220339,0.7627118644067796,0.9067796610169492
j,0.0,0.0,0.2169811320754717,-0.19811320754716982,0.5566037735849056,-0.3113207547169811,0.8490566037735849,-0.25471698113207547,1.0,-0.09433962264150944,0.6320754716981132,-0.19811320754716982,0.9528301886792453,0.08490566037735849,0.8490566037735849,0.04716981132075472,0.7358490566037735,-0.03773584905660377,0.5283018867924528,-0.009433962264150943,0.8490566037735849,0.24528301886792453,0.7358490566037735,0.18867924528301888,0.6320754716981132,0.12264150943396226,0.41509433962264153,0.1792452830188679,0.7169811320754716,0.4056603773584906,0.6226415094339622,0.330188679245283,0.5,0.2358490566037736,0.32075471698113206,0.33962264150943394,0.5660377358490566,0.5943396226415094,0.7169811320754716,0.7452830188679245,0.8490566037735849,0.8773584905660378
j,0.0,0.0,0.24074074074074073,-0.2037037037037037,0.5648148148148148,-0.2962962962962963,0.8611111111111112,-0.25,1.0,-0.08333333333333333,0.6296296296296297,-0.19444444444444445,0.9259259259259259,0.07407407407407407,0.8425925925925926,0.037037037037037035,0.7314814814814815,-0.037037037037037035,0.5185185185185185,-0.018518518518518517,0.8333333333333334,0.23148148148148148,0.7407407407407407,0.19444444444444445,0.6574074074074074,0.1388888888888889,0.4166666666666667,0.16666666666666666,0.7037037037037037,0.39814814814814814,0.6203703703703703,0.3425925925925926,0.5092592592592593,0.25,0.3148148148148148,0.3333333333333333,0.5555555555555556,0.5925925925925926,0.6944444444444444,0.7407407407407407,0.8240740740740741,0.8703703703703703
j,0.0,0.0,0.22641509433962265,-0.19811320754716982,0.5566037735849056,-0.3018867924528302,0.8490566037735849,-0.2641509433962264,1.0,-0.10377358490566038,0.6320754716981132,-0.19811320754716982,0.9433962264150944,0.07547169811320754,0.8490566037735849,0.04716981132075472,0.7452830188679245,-0.02830188679245283,0.5283018867924528,-0.018867924528301886,0.8490566037735849,0.2358490566037736,0.7452830188679245,0.18867924528301888,0.6415094339622641,0.11320754716981132,0.41509433962264153,0.16037735849056603,0.7264150943396226,0.39622641509433965,0.6320754716981132,0.32075471698113206,0.5188679245283019,0.22641509433962265,0.32075471698113206,0.330188679245283,0.5660377358490566,0.5754716981132075,0.7169811320754716,0.7264150943396226,0.8584905660377359,0.8490566037735849
j,0.0,0.0,0.22641509433962265,-0.20754716981132076,0.5566037735849056,-0.32075471698113206,0.839622641509434,-0.27358490566037735,1.0,-0.1320754716981132,0.6320754716981132,-0.20754716981132076,0.9528301886792453,0.04716981132075472,0.8490566037735849,0.02830188679245283,0.7358490566037735,-0.05660377358490566,0.5283018867924528,-0.018867924528301886,0.8584905660377359,0.2169811320754717,0.7547169811320755,0.16981132075471697,0.6509433962264151,0.10377358490566038,0.42452830188679247,0.16981132075471697,0.7358490566037735,0.37735849056603776,0.6415094339622641,0.3113207547169811,0.5188679245283019,0.22641509433962265,0.33962264150943394,0.330188679245283,0.5943396226415094,0.5754716981132075,0.7452830188679245,0.7169811320754716,0.8773584905660378,0.8301886792452831
j,0.0,0.0,0.22115384615384615,-0.23076923076923078,0.5480769230769231,-0.3557692307692308,0.8365384615384616,-0.3173076923076923,1.0,-0.16346153846153846,0.6057692307692307,-0.23076923076923078,0.9519230769230769,0.0,0.8557692307692307,-0.019230769230769232,0.7403846153846154,-0.08653846153846154,0.5192307692307693,-0.028846153846153848,0.8653846153846154,0.18269230769230768,0.7596153846153846,0.1346153846153846,0.6346153846153846,0.07692307692307693,0.4230769230769231,0.17307692307692307,0.7403846153846154,0.3557692307692308,0.6442307692307693,0.28846153846153844,0.5192307692307693,0.20192307692307693,0.34615384615384615,0.34615384615384615,0.6153846153846154,0.5769230769230769,0.7788461538461539,0.7115384615384616,0.9230769230769231,0.8269230769230769
j,0.0,0.0,0.23076923076923078,-0.2403846153846154,0.5480769230769231,-0.36538461538461536,0.8461538461538461,-0.3269230769230769,1.0,-0.16346153846153846,0.6153846153846154,-0.22115384615384615,0.9423076923076923,0.0,0.8557692307692307,-0.028846153846153848,0.7403846153846154,-0.08653846153846154,0.5192307692307693,-0.009615384615384616,0.875,0.17307692307692307,0.7596153846153846,0.125,0.6442307692307693,0.0673076923076923,0.4326923076923077,0.19230769230769232,0.7596153846153846,0.34615384615384615,0.6730769230769231,0.28846153846153844,0.5288461538461539,0.21153846153846154,0.3557692307692308,0.3557692307692308,0.6346153846153846,0.5865384615384616,0.8076923076923077,0.7211538461538461,0.9519230769230769,0.8365384615384616
j,0.0,0.0,0.21904761904761905,-0.22857142857142856,0.5428571428571428,-0.3619047619047619,0.8380952380952381,-0.3333333333333333,1.0,-0.17142857142857143,0.6095238095238096,-0.22857142857142856,0.9523809523809523,-0.009523809523809525,0.8571428571428571,-0.0380952380952381,0.7333333333333333,-0.09523809523809523,0.5238095238095238,-0.009523809523809525,0.8761904761904762,0.1619047619047619,0.7619047619047619,0.11428571428571428,0.638095238095238,0.06666666666666667,0.4380952380952381,0.19047619047619047,0.7714285714285715,0.34285714285714286,0.6761904761904762,0.2761904761904762,0.5333333333333333,0.20952380952380953,0.37142857142857144,0.3523809523809524,0.6476190476190476,0.580952380952381,0.819047619047619,0.7142857142857143,0.9619047619047619,0.819047619047619
j,0.0,0.0,0.21904761904761905,-0.23809523809523808,0.5428571428571428,-0.3619047619047619,0.8380952380952381,-0.3333333333333333,1.0,-0.18095238095238095,0.6,-0.22857142857142856,0.9523809523809523,-0.01904761904761905,0.8666666666666667,-0.047619047619047616,0.7428571428571429,-0.09523809523809523,0.5142857142857142,-0.009523809523809525,0.8857142857142857,0.1619047619047619,0.7904761904761904,0.12380952380952381,0.6761904761904762,0.0761904761904762,0.42857142857142855,0.19047619047619047,0.780952380952381,0.34285714285714286,0.6952380952380952,0.2857142857142857,0.5619047619047619,0.22857142857142856,0.3619047619047619,0.3619047619047619,0.6476190476190476,0.5904761904761905,0.819047619047619,0.7238095238095238,0.9714285714285714,0.8285714285714286
j,0.0,0.0,0.21153846153846154,-0.25,0.5384615384615384,-0.38461538461538464,0.8461538461538461,-0.3557692307692308,1.0,-0.19230769230769232,0.6153846153846154,-0.23076923076923078,0.9615384615384616,-0.009615384615384616,0.8653846153846154,-0.04807692307692308,0.75,-0.10576923076923077,0.5192307692307693,-0.009615384615384616,0.8942307692307693,0.16346153846153846,0.7884615384615384,0.11538461538461539,0.6634615384615384,0.0673076923076923,0.4326923076923077,0.20192307692307693,0.7692307692307693,0.33653846153846156,0.6923076923076923,0.27884615384615385,0.5576923076923077,0.21153846153846154,0.36538461538461536,0.375,0.6538461538461539,0.5961538461538461,0.8365384615384616,0.7307692307692307,0.9807692307692307,0.8461538461538461
j,0.0,0.0,0.22857142857142856,-0.23809523809523808,0.5428571428571428,-0.37142857142857144,0.8476190476190476,-0.34285714285714286,1.0,-0.17142857142857143,0.6,-0.21904761904761905,0.9619047619047619,-0.01904761904761905,0.8666666666666667,-0.047619047619047616,0.7428571428571429,-0.10476190476190476,0.5238095238095238,0.0,0.8952380952380953,0.1619047619047619,0.8,0.11428571428571428,0.6761904761904762,0.0761904761904762,0.44761904761904764,0.2,0.7904761904761904,0.34285714285714286,0.7047619047619048,0.2761904761904762,0.5714285714285714,0.21904761904761905,0.38095238095238093,0.37142857142857144,0.6571428571428571,0.5904761904761905,0.8285714285714286,0.7238095238095238,0.9809523809523809,0.8285714285714286
j,0.0,0.0,0.21904761904761905,-0.24761904761904763,0.5428571428571428,-0.38095238095238093,0.8476190476190476,-0.34285714285714286,1.0,-0.17142857142857143,0.6095238095238096,-0.21904761904761905,0.9523809523809523,-0.009523809523809525,0.8571428571428571,-0.047619047619047616,0.7428571428571429,-0.11428571428571428,0.5142857142857142,0.0,0.8857142857142857,0.1619047619047619,0.780952380952381,0.11428571428571428,0.6571428571428571,0.06666666666666667,0.42857142857142855,0.2,0.7714285714285715,0.3333333333333333,0.6857142857142857,0.2761904761904762,0.5619047619047619,0.20952380952380953,0.3619047619047619,0.37142857142857144,0.638095238095238,0.6,0.819047619047619,0.7333333333333333,0.9619047619047619,0.8476190476190476
j,0.0,0.0,0.22641509433962265,-0.24528301886792453,0.5471698113207547,-0.36792452830188677,0.839622641509434,-0.32075471698113206,1.0,-0.16037735849056603,0.6037735849056604,-0.20754716981132076,0.9433962264150944,0.0,0.8584905660377359,-0.04716981132075472,0.7358490566037735,-0.10377358490566038,0.5094339622641509,0.009433962264150943,0.8679245283018868,0.16981132075471697,0.7830188679245284,0.11320754716981132,0.6698113207547169,0.0660377358490566,0.41509433962264153,0.19811320754716982,0.7547169811320755,0.33962264150943394,0.6886792452830188,0.27358490566037735,0.5660377358490566,0.20754716981132076,0.3490566037735849,0.36792452830188677,0.6132075471698113,0.6037735849056604,0.7924528301886793,0.7358490566037735,0.9339622641509434,0.8490566037735849
j,0.0,0.0,0.22641509433962265,-0.2358490566037736,0.5471698113207547,-0.3584905660377358,0.8490566037735849,-0.3113207547169811,1.0,-0.14150943396226415,0.6037735849056604,-0.2169811320754717,0.9433962264150944,0.009433962264150943,0.8584905660377359,-0.02830188679245283,0.7452830188679245,-0.08490566037735849,0.5,0.0,0.8679245283018868,0.1792452830188679,0.7735849056603774,0.1320754716981132,0.660377358490566,0.08490566037735849,0.41509433962264153,0.18867924528301888,0.7641509433962265,0.3584905660377358,0.6792452830188679,0.3018867924528302,0.5471698113207547,0.2358490566037736,0.3490566037735849,0.36792452830188677,0.6226415094339622,0.6037735849056604,0.7924528301886793,0.7358490566037735,0.9339622641509434,0.8584905660377359
j,0.0,0.0,0.22641509433962265,-0.2358490566037736,0.5566037735849056,-0.3490566037735849,0.8490566037735849,-0.29245283018867924,1.0,-0.1320754716981132,0.5943396226415094,-0.20754716981132076,0.9433962264150944,0.018867924528301886,0.8679245283018868,-0.009433962264150943,0.7547169811320755,-0.07547169811320754,0.5,0.0,0.8490566037735849,0.18867924528301888,0.7641509433962265,0.1320754716981132,0.660377358490566,0.08490566037735849,0.4056603773584906,0.18867924528301888,0.7452830188679245,0.36792452830188677,0.6792452830188679,0.29245283018867924,0.5471698113207547,0.20754716981132076,0.33962264150943394,0.3584905660377358,0.6037735849056604,0.6037735849056604,0.7735849056603774,0.7452830188679245,0.9150943396226415,0.8584905660377359
j,0.0,0.0,0.23076923076923078,-0.23076923076923078,0.5673076923076923,-0.34615384615384615,0.8653846153846154,-0.2980769230769231,1.0,-0.125,0.6153846153846154,-0.21153846153846154,0.9423076923076923,0.028846153846153848,0.8653846153846154,0.0,0.7596153846153846,-0.07692307692307693,0.5096153846153846,-0.009615384615384616,0.8557692307692307,0.20192307692307693,0.7788461538461539,0.15384615384615385,0.6923076923076923,0.10576923076923077,0.41346153846153844,0.18269230769230768,0.7403846153846154,0.38461538461538464,0.6634615384615384,0.3076923076923077,0.5480769230769231,0.23076923076923078,0.3269230769230769,0.3557692307692308,0.5865384615384616,0.6057692307692307,0.75,0.75,0.8846153846153846,0.8846153846153846
j,0.0,0.0,0.2336448598130841,-0.21495327102803738,0.5700934579439252,-0.32710280373831774,0.8691588785046729,-0.2803738317757009,1.0,-0.11214953271028037,0.6074766355140186,-0.205607476635514,0.9345794392523364,0.04672897196261682,0.8691588785046729,0.028037383177570093,0.7663551401869159,-0.037383177570093455,0.5046728971962616,-0.018691588785046728,0.8317757009345794,0.205607476635514,0.7570093457943925,0.17757009345794392,0.6728971962616822,0.12149532710280374,0.40186915887850466,0.1588785046728972,0.719626168224299,0.37383177570093457,0.6448598130841121,0.3177570093457944,0.5420560747663551,0.24299065420560748,0.32710280373831774,0.32710280373831774,0.5700934579439252,0.5794392523364486,0.7289719626168224,0.719626168224299,0.8598130841121495,0.8411214953271028
j,0.0,0.0,0.24299065420560748,-0.21495327102803738,0.5607476635514018,-0.3177570093457944,0.8504672897196262,-0.2803738317757009,1.0,-0.11214953271028037,0.5981308411214953,-0.21495327102803738,0.9345794392523364,0.028037383177570093,0.8691588785046729,0.009345794392523364,0.7570093457943925,-0.056074766355140186,0.4953271028037383,-0.018691588785046728,0.8317757009345794,0.205607476635514,0.7570093457943925,0.1588785046728972,0.6728971962616822,0.11214953271028037,0.3925233644859813,0.16822429906542055,0.719626168224299,0.37383177570093457,0.6448598130841121,0.29906542056074764,0.5327102803738317,0.22429906542056074,0.3177570093457944,0.3364485981308411,0.5700934579439252,0.5794392523364486,0.7289719626168224,0.7289719626168224,0.8691588785046729,0.8504672897196262
j,0.0,0.0,0.2336448598130841,-0.22429906542056074,0.5700934579439252,-0.32710280373831774,0.8598130841121495,-0.2897196261682243,1.0,-0.11214953271028037,0.5981308411214953,-0.205607476635514,0.9439252336448598,0.028037383177570093,0.8691588785046729,0.0,0.7570093457943925,-0.06542056074766354,0.4953271028037383,-0.018691588785046728,0.8598130841121495,0.19626168224299065,0.7850467289719626,0.1588785046728972,0.6822429906542056,0.102803738317757,0.40186915887850466,0.16822429906542055,0.7383177570093458,0.3644859813084112,0.6728971962616822,0.308411214953271,0.5514018691588785,0.2336448598130841,0.3177570093457944,0.3364485981308411,0.5887850467289719,0.5887850467289719,0.7476635514018691,0.7383177570093458,0.897196261682243,0.8598130841121495
j,0.0,0.0,0.21904761904761905,-0.23809523809523808,0.5523809523809524,-0.3619047619047619,0.8476190476190476,-0.3142857142857143,1.0,-0.1523809523809524,0.6,-0.20952380952380953,0.9523809523809523,0.009523809523809525,0.8857142857142857,-0.01904761904761905,0.7714285714285715,-0.0761904761904762,0.5047619047619047,0.0,0.8666666666666667,0.2,0.8,0.14285714285714285,0.6952380952380952,0.08571428571428572,0.41904761904761906,0.19047619047619047,0.7619047619047619,0.37142857142857144,0.6857142857142857,0.29523809523809524,0.5619047619047619,0.21904761904761905,0.3523809523809524,0.3523809523809524,0.6095238095238096,0.6,0.780952380952381,0.7333333333333333,0.9238095238095239,0.8571428571428571
k,0.0,0.0,0.147239263803681,-0.15337423312883436,0.2147239263803681,-0.4110429447852761,0.1901840490797546,-0.6257668711656442,0.17177914110429449,-0.7914110429447853,0.17791411042944785,-0.5398773006134969,0.25153374233128833,-0.7668711656441718,0.294478527607362,-0.8834355828220859,0.31901840490797545,-0.9938650306748467,0.04294478527607362,-0.5460122699386503,0.07975460122699386,-0.7361963190184049,0.07975460122699386,-0.8773006134969326,0.06134969325153374,-1.0,-0.07975460122699386,-0.5214723926380368,0.0,-0.5644171779141104,0.049079754601226995,-0.3987730061349693,0.06748466257668712,-0.2822085889570552,-0.18404907975460122,-0.4723926380368098,-0.08588957055214724,-0.4601226993865031,-0.024539877300613498,-0.32515337423312884,0.0,-0.22085889570552147
k,0.0,0.0,0.16568047337278108,-0.14792899408284024,0.23076923076923078,-0.40236686390532544,0.1893491124260355,-0.6094674556213018,0.1834319526627219,-0.7810650887573964,0.17751479289940827,-0.5088757396449705,0.24260355029585798,-0.7337278106508875,0.28402366863905326,-0.8520710059171598,0.3136094674556213,-0.9644970414201184,0.05325443786982249,-0.514792899408284,0.08875739644970414,-0.727810650887574,0.09467455621301775,-0.8757396449704142,0.07692307692307693,-1.0,-0.07100591715976332,-0.4970414201183432,0.01775147928994083,-0.5443786982248521,0.07100591715976332,-0.38461538461538464,0.08875739644970414,-0.27218934911242604,-0.17751479289940827,-0.4437869822485207,-0.0650887573964497,-0.44970414201183434,-0.005917159763313609,-0.31952662721893493,0.01775147928994083,-0.22485207100591717
k,0.0,0.0,0.15294117647058825,-0.1588235294117647,0.2,-0.4176470588235294,0.15294117647058825,-0.6235294117647059,0.13529411764705881,-0.7823529411764706,0.14705882352941177,-0.5235294117647059,0.2,-0.7470588235294118,0.22941176470588234,-0.8705882352941177,0.2529411764705882,-0.9823529411764705,0.023529411764705882,-0.5235294117647059,0.052941176470588235,-0.7294117647058823,0.047058823529411764,-0.8705882352941177,0.023529411764705882,-1.0,-0.08823529411764706,-0.48823529411764705,-0.011764705882352941,-0.5470588235294118,0.052941176470588235,-0.4,0.08235294117647059,-0.29411764705882354,-0.19411764705882353,-0.4294117647058823,-0.08823529411764706,-0.4470588235294118,-0.01764705882352941,-0.3235294117647059,0.011764705882352941,-0.22941176470588234
k,0.0,0.0,0.13609467455621302,-0.16568047337278108,0.17159763313609466,-0.4260355029585799,0.11834319526627218,-0.6331360946745562,0.08875739644970414,-0.7928994082840237,0.1242603550295858,-0.5266272189349113,0.16568047337278108,-0.757396449704142,0.1952662721893491,-0.8757396449704142,0.20710059171597633,-0.9940828402366864,0.0,-0.5207100591715976,0.01775147928994083,-0.7337278106508875,0.005917159763313609,-0.8757396449704142,-0.029585798816568046,-1.0,-0.11834319526627218,-0.47928994082840237,-0.04142011834319527,-0.5384615384615384,0.03550295857988166,-0.38461538461538464,0.07100591715976332,-0.2781065088757396,-0.21893491124260356,-0.41420118343195267,-0.11242603550295859,-0.4319526627218935,-0.04142011834319527,-0.3076923076923077,0.0,-0.21893491124260356
k,0.0,0.0,0.13372093023255813,-0.18023255813953487,0.1569767441860465,-0.43023255813953487,0.0755813953488372,-0.622093023255814,0.03488372093023256,-0.7732558139534884,0.09883720930232558,-0.5581395348837209,0.13372093023255813,-0.7848837209302325,0.14534883720930233,-0.8953488372093024,0.1569767441860465,-1.0,-0.029069767441860465,-0.5348837209302325,-0.03488372093023256,-0.7325581395348837,-0.05232558139534884,-0.8662790697674418,-0.08139534883720931,-0.9825581395348837,-0.13953488372093023,-0.48255813953488375,-0.06976744186046512,-0.5290697674418605,0.01744186046511628,-0.38372093023255816,0.06395348837209303,-0.27325581395348836,-0.23255813953488372,-0.4011627906976744,-0.13372093023255813,-0.43023255813953487,-0.05813953488372093,-0.31976744186046513,-0.011627906976744186,-0.23255813953488372
k,0.0,0.0,0.1301775147928994,-0.1893491124260355,0.14201183431952663,-0.4378698224852071,0.047337278106508875,-0.6331360946745562,-0.011834319526627219,-0.7810650887573964,0.0650887573964497,-0.5562130177514792,0.08875739644970414,-0.7810650887573964,0.10059171597633136,-0.893491124260355,0.11242603550295859,-1.0,-0.0650887573964497,-0.5325443786982249,-0.07100591715976332,-0.7218934911242604,-0.08875739644970414,-0.863905325443787,-0.1242603550295858,-0.9763313609467456,-0.17159763313609466,-0.47337278106508873,-0.10059171597633136,-0.5266272189349113,0.0,-0.378698224852071,0.05325443786982249,-0.27218934911242604,-0.2603550295857988,-0.39644970414201186,-0.15976331360946747,-0.41420118343195267,-0.07692307692307693,-0.3076923076923077,-0.023668639053254437,-0.22485207100591717
k,0.0,0.0,0.1242603550295858,-0.1834319526627219,0.1301775147928994,-0.4260355029585799,0.03550295857988166,-0.621301775147929,-0.029585798816568046,-0.7633136094674556,0.05325443786982249,-0.5562130177514792,0.07100591715976332,-0.7810650887573964,0.08284023668639054,-0.8994082840236687,0.09467455621301775,-1.0,-0.07692307692307693,-0.5266272189349113,-0.08284023668639054,-0.7218934911242604,-0.10650887573964497,-0.863905325443787,-0.14201183431952663,-0.9763313609467456,-0.1834319526627219,-0.46745562130177515,-0.10650887573964497,-0.514792899408284,-0.005917159763313609,-0.378698224852071,0.05325443786982249,-0.27218934911242604,-0.26627218934911245,-0.38461538461538464,-0.15976331360946747,-0.40828402366863903,-0.07100591715976332,-0.3076923076923077,-0.023668639053254437,-0.21893491124260356
k,0.0,0.0,0.1301775147928994,-0.1893491124260355,0.14201183431952663,-0.4437869822485207,0.04142011834319527,-0.6390532544378699,-0.01775147928994083,-0.7751479289940828,0.05917159763313609,-0.5562130177514792,0.08284023668639054,-0.7869822485207101,0.09467455621301775,-0.8994082840236687,0.10650887573964497,-1.0,-0.0650887573964497,-0.5266272189349113,-0.07692307692307693,-0.727810650887574,-0.10059171597633136,-0.863905325443787,-0.13609467455621302,-0.9822485207100592,-0.17159763313609466,-0.46745562130177515,-0.10650887573964497,-0.5266272189349113,0.0,-0.3905325443786982,0.05325443786982249,-0.28402366863905326,-0.2603550295857988,-0.3905325443786982,-0.15976331360946747,-0.41420118343195267,-0.0650887573964497,-0.3136094674556213,-0.01775147928994083,-0.23076923076923078
k,0.0,0.0,0.12209302325581395,-0.19186046511627908,0.12790697674418605,-0.4476744186046512,0.029069767441860465,-0.6337209302325582,-0.046511627906976744,-0.7616279069767442,0.046511627906976744,-0.5523255813953488,0.05813953488372093,-0.7848837209302325,0.06976744186046512,-0.8953488372093024,0.0755813953488372,-1.0,-0.08139534883720931,-0.5290697674418605,-0.09302325581395349,-0.7267441860465116,-0.11627906976744186,-0.8604651162790697,-0.1511627906976744,-0.9767441860465116,-0.18604651162790697,-0.47093023255813954,-0.10465116279069768,-0.5116279069767442,-0.005813953488372093,-0.38372093023255816,0.05232558139534884,-0.28488372093023256,-0.26744186046511625,-0.38953488372093026,-0.16279069767441862,-0.4011627906976744,-0.06976744186046512,-0.3023255813953488,-0.01744186046511628,-0.22093023255813954
k,0.0,0.0,0.11494252873563218,-0.20689655172413793,0.10919540229885058,-0.4482758620689655,0.011494252873563218,-0.6264367816091954,-0.05747126436781609,-0.7586206896551724,0.034482758620689655,-0.5632183908045977,0.040229885057471264,-0.7873563218390804,0.04597701149425287,-0.896551724137931,0.04597701149425287,-1.0,-0.09195402298850575,-0.5344827586206896,-0.11494252873563218,-0.7241379310344828,-0.13793103448275862,-0.8620689655172413,-0.1781609195402299,-0.9770114942528736,-0.1896551724137931,-0.47126436781609193,-0.10919540229885058,-0.5114942528735632,0.0,-0.39080459770114945,0.05747126436781609,-0.29310344827586204,-0.27011494252873564,-0.39080459770114945,-0.14942528735632185,-0.39080459770114945,-0.05747126436781609,-0.3045977011494253,-0.011494252873563218,-0.22988505747126436
k,0.0,0.0,0.11627906976744186,-0.19186046511627908,0.11046511627906977,-0.4418604651162791,0.005813953488372093,-0.622093023255814,-0.0755813953488372,-0.75,0.01744186046511628,-0.5523255813953488,0.01744186046511628,-0.7848837209302325,0.023255813953488372,-0.9011627906976745,0.029069767441860465,-1.0,-0.10465116279069768,-0.5232558139534884,-0.13372093023255813,-0.7151162790697675,-0.1569767441860465,-0.8546511627906976,-0.19767441860465115,-0.9651162790697675,-0.20348837209302326,-0.45930232558139533,-0.11627906976744186,-0.5058139534883721,-0.011627906976744186,-0.38372093023255816,0.046511627906976744,-0.28488372093023256,-0.27906976744186046,-0.37790697674418605,-0.1569767441860465,-0.38372093023255816,-0.06395348837209303,-0.29069767441860467,-0.01744186046511628,-0.21511627906976744
k,0.0,0.0,0.11627906976744186,-0.19767441860465115,0.11627906976744186,-0.45930232558139533,0.01744186046511628,-0.6453488372093024,-0.05232558139534884,-0.7732558139534884,0.046511627906976744,-0.5523255813953488,0.046511627906976744,-0.7790697674418605,0.05232558139534884,-0.8953488372093024,0.05232558139534884,-1.0,-0.08139534883720931,-0.5232558139534884,-0.09302325581395349,-0.7151162790697675,-0.12209302325581395,-0.8546511627906976,-0.1686046511627907,-0.9767441860465116,-0.18604651162790697,-0.46511627906976744,-0.09883720930232558,-0.5058139534883721,0.005813953488372093,-0.37790697674418605,0.06395348837209303,-0.29069767441860467,-0.26744186046511625,-0.38953488372093026,-0.1511627906976744,-0.3953488372093023,-0.05813953488372093,-0.3023255813953488,0.0,-0.23255813953488372
k,0.0,0.0,0.12571428571428572,-0.2057142857142857,0.13714285714285715,-0.45714285714285713,0.05714285714285714,-0.6514285714285715,0.0,-0.7942857142857143,0.08571428571428572,-0.5542857142857143,0.10857142857142857,-0.7771428571428571,0.12,-0.8914285714285715,0.12,-1.0,-0.04,-0.5371428571428571,-0.045714285714285714,-0.72,-0.06857142857142857,-0.8571428571428571,-0.10285714285714286,-0.9771428571428571,-0.14857142857142858,-0.48,-0.07428571428571429,-0.52,0.017142857142857144,-0.38857142857142857,0.06857142857142857,-0.2857142857142857,-0.2342857142857143,-0.4057142857142857,-0.14285714285714285,-0.41714285714285715,-0.05142857142857143,-0.32571428571428573,0.0,-0.24571428571428572
k,0.0,0.0,0.1329479768786127,-0.1791907514450867,0.16184971098265896,-0.43352601156069365,0.09248554913294797,-0.630057803468208,0.05202312138728324,-0.7803468208092486,0.09248554913294797,-0.5317919075144508,0.12138728323699421,-0.7630057803468208,0.15028901734104047,-0.884393063583815,0.15606936416184972,-1.0,-0.028901734104046242,-0.5202312138728323,-0.023121387283236993,-0.7225433526011561,-0.04046242774566474,-0.8670520231213873,-0.08092485549132948,-0.9942196531791907,-0.14450867052023122,-0.47398843930635837,-0.06358381502890173,-0.5260115606936416,0.023121387283236993,-0.3815028901734104,0.06358381502890173,-0.28901734104046245,-0.23121387283236994,-0.4046242774566474,-0.12716763005780346,-0.4161849710982659,-0.04046242774566474,-0.31213872832369943,0.011560693641618497,-0.21965317919075145
k,0.0,0.0,0.13450292397660818,-0.15789473684210525,0.17543859649122806,-0.4152046783625731,0.11695906432748537,-0.6140350877192983,0.07602339181286549,-0.7719298245614035,0.11695906432748537,-0.52046783625731,0.15789473684210525,-0.7543859649122807,0.19298245614035087,-0.8713450292397661,0.21637426900584794,-0.9824561403508771,-0.005847953216374269,-0.5087719298245614,0.0,-0.7251461988304093,-0.005847953216374269,-0.8713450292397661,-0.03508771929824561,-1.0,-0.11695906432748537,-0.4678362573099415,-0.04093567251461988,-0.5321637426900585,0.03508771929824561,-0.38596491228070173,0.07017543859649122,-0.2807017543859649,-0.21052631578947367,-0.40350877192982454,-0.10526315789473684,-0.4152046783625731,-0.029239766081871343,-0.30409356725146197,0.011695906432748537,-0.21052631578947367
k,0.0,0.0,0.13372093023255813,-0.16279069767441862,0.1744186046511628,-0.4069767441860465,0.11046511627906977,-0.6104651162790697,0.09302325581395349,-0.7732558139534884,0.11627906976744186,-0.5232558139534884,0.1686046511627907,-0.75,0.21511627906976744,-0.8604651162790697,0.2441860465116279,-0.9651162790697675,-0.005813953488372093,-0.5174418604651163,0.011627906976744186,-0.7325581395348837,0.005813953488372093,-0.877906976744186,-0.01744186046511628,-1.0,-0.11627906976744186,-0.47674418604651164,-0.03488372093023256,-0.5348837209302325,0.03488372093023256,-0.38372093023255816,0.06976744186046512,-0.27906976744186046,-0.20930232558139536,-0.4069767441860465,-0.09883720930232558,-0.42441860465116277,-0.029069767441860465,-0.3081395348837209,0.005813953488372093,-0.21511627906976744
k,0.0,0.0,0.13068181818181818,-0.1590909090909091,0.18181818181818182,-0.3977272727272727,0.125,-0.5965909090909091,0.09659090909090909,-0.7443181818181818,0.1534090909090909,-0.5227272727272727,0.21022727272727273,-0.7386363636363636,0.25,-0.8409090909090909,0.2784090909090909,-0.9431818181818182,0.022727272727272728,-0.5170454545454546,0.03409090909090909,-0.7386363636363636,0.028409090909090908,-0.8806818181818182,0.005681818181818182,-1.0,-0.09090909090909091,-0.48295454545454547,-0.017045454545454544,-0.5511363636363636,0.045454545454545456,-0.3977272727272727,0.07386363636363637,-0.2897727272727273,-0.19318181818181818,-0.42045454545454547,-0.08522727272727272,-0.42613636363636365,-0.011363636363636364,-0.3125,0.022727272727272728,-0.2215909090909091
k,0.0,0.0,0.13793103448275862,-0.16091954022988506,0.1839080459770115,-0.40229885057471265,0.11494252873563218,-0.5919540229885057,0.06321839080459771,-0.7298850574712644,0.13218390804597702,-0.5402298850574713,0.1839080459770115,-0.7528735632183908,0.21839080459770116,-0.8620689655172413,0.2471264367816092,-0.9597701149425287,0.005747126436781609,-0.5344827586206896,0.011494252873563218,-0.7471264367816092,0.005747126436781609,-0.8850574712643678,-0.011494252873563218,-1.0,-0.10919540229885058,-0.4942528735632184,-0.005747126436781609,-0.5287356321839081,0.06321839080459771,-0.3793103448275862,0.09195402298850575,-0.27586206896551724,-0.20114942528735633,-0.42528735632183906,-0.06896551724137931,-0.40804597701149425,0.005747126436781609,-0.29310344827586204,0.034482758620689655,-0.21264367816091953
k,0.0,0.0,0.13636363636363635,-0.1534090909090909,0.1875,-0.3977272727272727,0.125,-0.5909090909090909,0.06818181818181818,-0.7272727272727273,0.13636363636363635,-0.5340909090909091,0.1875,-0.75,0.2215909090909091,-0.8579545454545454,0.25,-0.9545454545454546,0.011363636363636364,-0.5284090909090909,0.017045454545454544,-0.7443181818181818,0.011363636363636364,-0.8806818181818182,-0.011363636363636364,-1.0,-0.10227272727272728,-0.48863636363636365,-0.011363636363636364,-0.5454545454545454,0.05113636363636364,-0.39204545454545453,0.07386363636363637,-0.2840909090909091,-0.19318181818181818,-0.42045454545454547,-0.06818181818181818,-0.4147727272727273,0.0,-0.29545454545454547,0.028409090909090908,-0.21022727272727273
k,0.0,0.0,0.14450867052023122,-0.15028901734104047,0.2023121387283237,-0.3988439306358382,0.1329479768786127,-0.6011560693641619,0.07514450867052024,-0.7341040462427746,0.15028901734104047,-0.5317919075144508,0.19653179190751446,-0.7514450867052023,0.2254335260115607,-0.861271676300578,0.2543352601156069,-0.9595375722543352,0.017341040462427744,-0.5260115606936416,0.023121387283236993,-0.7456647398843931,0.023121387283236993,-0.884393063583815,0.005780346820809248,-1.0,-0.09826589595375723,-0.48554913294797686,-0.017341040462427744,-0.5491329479768786,0.046242774566473986,-0.3988439306358382,0.06936416184971098,-0.28901734104046245,-0.19653179190751446,-0.42196531791907516,-0.08092485549132948,-0.4277456647398844,-0.017341040462427744,-0.30057803468208094,0.011560693641618497,-0.2138728323699422
l,0.0,0.0,0.19662921348314608,-0.07865168539325842,0.3258426966292135,-0.28651685393258425,0.38764044943820225,-0.4438202247191011,0.47191011235955055,-0.550561797752809,0.17415730337078653,-0.5224719101123596,0.16853932584269662,-0.7528089887640449,0.17415730337078653,-0.8820224719101124,0.16292134831460675,-1.0,0.05056179775280899,-0.5,0.0898876404494382,-0.6235955056179775,0.11797752808988764,-0.43258426966292135,0.11235955056179775,-0.34269662921348315,-0.07303370786516854,-0.449438202247191,-0.028089887640449437,-0.5224719101123596,0.0,-0.33707865168539325,-0.0056179775280898875,-0.2808988764044944,-0.19101123595505617,-0.37640449438202245,-0.15730337078651685,-0.4550561797752809,-0.10674157303370786,-0.33146067415730335,-0.10674157303370786,-0.28651685393258425
l,0.0,0.0,0.1712707182320442,-0.09944751381215469,0.26519337016574585,-0.3149171270718232,0.2983425414364641,-0.48066298342541436,0.35359116022099446,-0.6077348066298343,0.11049723756906077,-0.5359116022099447,0.0718232044198895,-0.7679558011049724,0.06077348066298342,-0.8895027624309392,0.03867403314917127,-1.0,-0.0055248618784530384,-0.5027624309392266,0.027624309392265192,-0.6298342541436464,0.07734806629834254,-0.4530386740331492,0.08287292817679558,-0.35359116022099446,-0.11602209944751381,-0.43646408839779005,-0.07734806629834254,-0.5138121546961326,-0.022099447513812154,-0.3370165745856354,-0.022099447513812154,-0.27071823204419887,-0.22099447513812154,-0.35359116022099446,-0.19337016574585636,-0.430939226519337,-0.13259668508287292,-0.3149171270718232,-0.12154696132596685,-0.2596685082872928
l,0.0,0.0,0.17679558011049723,-0.09392265193370165,0.27071823204419887,-0.30939226519337015,0.30386740331491713,-0.47513812154696133,0.35911602209944754,-0.5966850828729282,0.11049723756906077,-0.5359116022099447,0.07734806629834254,-0.7624309392265194,0.06629834254143646,-0.8895027624309392,0.049723756906077346,-1.0,-0.0055248618784530384,-0.5027624309392266,0.03314917127071823,-0.6298342541436464,0.08287292817679558,-0.44751381215469616,0.08287292817679558,-0.35359116022099446,-0.11602209944751381,-0.43646408839779005,-0.06629834254143646,-0.5082872928176796,-0.022099447513812154,-0.3259668508287293,-0.027624309392265192,-0.26519337016574585,-0.22099447513812154,-0.35911602209944754,-0.1878453038674033,-0.43646408839779005,-0.1270718232044199,-0.32044198895027626,-0.1270718232044199,-0.26519337016574585
l,0.0,0.0,0.19337016574585636,-0.09392265193370165,0.2983425414364641,-0.30386740331491713,0.3370165745856354,-0.46408839779005523,0.3867403314917127,-0.585635359116022,0.13812154696132597,-0.5303867403314917,0.11049723756906077,-0.7513812154696132,0.10497237569060773,-0.8839779005524862,0.08839779005524862,-1.0,0.022099447513812154,-0.4972375690607735,0.055248618784530384,-0.6298342541436464,0.09392265193370165,-0.44751381215469616,0.09392265193370165,-0.35911602209944754,-0.08839779005524862,-0.43646408839779005,-0.055248618784530384,-0.5193370165745856,-0.0055248618784530384,-0.34806629834254144,-0.0055248618784530384,-0.287292817679558,-0.19889502762430938,-0.35911602209944754,-0.1712707182320442,-0.44751381215469616,-0.11602209944751381,-0.3370165745856354,-0.11049723756906077,-0.281767955801105
l,0.0,0.0,0.19444444444444445,-0.09444444444444444,0.31666666666666665,-0.29444444444444445,0.36666666666666664,-0.45,0.43333333333333335,-0.5666666666666667,0.15555555555555556,-0.5277777777777778,0.1388888888888889,-0.7555555555555555,0.1388888888888889,-0.8777777777777778,0.12222222222222222,-1.0,0.03333333333333333,-0.5055555555555555,0.07222222222222222,-0.6277777777777778,0.10555555555555556,-0.4444444444444444,0.1,-0.35555555555555557,-0.07777777777777778,-0.4444444444444444,-0.03888888888888889,-0.5277777777777778,0.0,-0.34444444444444444,0.0,-0.28888888888888886,-0.18888888888888888,-0.37777777777777777,-0.15555555555555556,-0.45555555555555555,-0.10555555555555556,-0.34444444444444444,-0.10555555555555556,-0.29444444444444445
l,0.0,0.0,0.19662921348314608,-0.0898876404494382,0.33146067415730335,-0.28651685393258425,0.4101123595505618,-0.4438202247191011,0.5056179775280899,-0.5449438202247191,0.16853932584269662,-0.5224719101123596,0.16292134831460675,-0.7528089887640449,0.16853932584269662,-0.8820224719101124,0.15730337078651685,-1.0,0.05056179775280899,-0.5056179775280899,0.0898876404494382,-0.6348314606741573,0.12359550561797752,-0.449438202247191,0.11797752808988764,-0.3651685393258427,-0.06741573033707865,-0.449438202247191,-0.028089887640449437,-0.5337078651685393,0.011235955056179775,-0.3539325842696629,0.0056179775280898875,-0.29775280898876405,-0.1797752808988764,-0.38202247191011235,-0.15168539325842698,-0.47752808988764045,-0.10112359550561797,-0.3595505617977528,-0.10112359550561797,-0.30337078651685395
l,0.0,0.0,0.1977401129943503,-0.0847457627118644,0.3333333333333333,-0.2768361581920904,0.4293785310734463,-0.423728813559322,0.5254237288135594,-0.5254237288135594,0.1751412429378531,-0.519774011299435,0.1694915254237288,-0.751412429378531,0.1751412429378531,-0.8813559322033898,0.1638418079096045,-1.0,0.05649717514124294,-0.4971751412429379,0.096045197740113,-0.632768361581921,0.12429378531073447,-0.4463276836158192,0.12429378531073447,-0.3502824858757062,-0.062146892655367235,-0.4463276836158192,-0.022598870056497175,-0.5310734463276836,0.01694915254237288,-0.3502824858757062,0.011299435028248588,-0.288135593220339,-0.1751412429378531,-0.3785310734463277,-0.14689265536723164,-0.4689265536723164,-0.1016949152542373,-0.3559322033898305,-0.096045197740113,-0.2994350282485876
l,0.0,0.0,0.19553072625698323,-0.0893854748603352,0.3407821229050279,-0.2737430167597765,0.43575418994413406,-0.41899441340782123,0.5363128491620112,-0.5195530726256983,0.18435754189944134,-0.5251396648044693,0.1787709497206704,-0.7541899441340782,0.18435754189944134,-0.88268156424581,0.1787709497206704,-1.0,0.07262569832402235,-0.5027932960893855,0.10614525139664804,-0.6312849162011173,0.1340782122905028,-0.44692737430167595,0.1340782122905028,-0.35195530726256985,-0.0446927374301676,-0.44692737430167595,-0.0111731843575419,-0.5363128491620112,0.0223463687150838,-0.36312849162011174,0.0223463687150838,-0.2905027932960894,-0.16201117318435754,-0.37988826815642457,-0.13966480446927373,-0.4748603351955307,-0.1005586592178771,-0.3687150837988827,-0.09497206703910614,-0.3128491620111732
l,0.0,0.0,0.19553072625698323,-0.0782122905027933,0.3407821229050279,-0.26256983240223464,0.44692737430167595,-0.39664804469273746,0.547486033519553,-0.49162011173184356,0.18994413407821228,-0.5195530726256983,0.18435754189944134,-0.7486033519553073,0.18994413407821228,-0.88268156424581,0.18435754189944134,-1.0,0.07262569832402235,-0.4972067039106145,0.11173184357541899,-0.6256983240223464,0.1340782122905028,-0.44692737430167595,0.1340782122905028,-0.3463687150837989,-0.0446927374301676,-0.44692737430167595,-0.00558659217877095,-0.5307262569832403,0.0223463687150838,-0.35195530726256985,0.0223463687150838,-0.27932960893854747,-0.1564245810055866,-0.3854748603351955,-0.1340782122905028,-0.4748603351955307,-0.09497206703910614,-0.36312849162011174,-0.0893854748603352,-0.30726256983240224
l,0.0,0.0,0.1977401129943503,-0.07344632768361582,0.3615819209039548,-0.2542372881355932,0.4745762711864407,-0.384180790960452,0.5875706214689266,-0.4689265536723164,0.2033898305084746,-0.519774011299435,0.2033898305084746,-0.7457627118644068,0.20903954802259886,-0.8813559322033898,0.2033898305084746,-1.0,0.0847457627118644,-0.5084745762711864,0.12994350282485875,-0.6271186440677966,0.15254237288135594,-0.4406779661016949,0.14124293785310735,-0.3446327683615819,-0.03389830508474576,-0.4576271186440678,0.005649717514124294,-0.536723163841808,0.02824858757062147,-0.3615819209039548,0.022598870056497175,-0.3050847457627119,-0.15254237288135594,-0.4011299435028249,-0.12429378531073447,-0.4858757062146893,-0.0847457627118644,-0.3728813559322034,-0.0847457627118644,-0.3220338983050847
l,0.0,0.0,0.19662921348314608,-0.07303370786516854,0.3651685393258427,-0.24719101123595505,0.48314606741573035,-0.3707865168539326,0.5955056179775281,-0.4550561797752809,0.20786516853932585,-0.5168539325842697,0.20786516853932585,-0.7471910112359551,0.21910112359550563,-0.8764044943820225,0.21348314606741572,-1.0,0.0898876404494382,-0.5056179775280899,0.1348314606741573,-0.6348314606741573,0.16292134831460675,-0.4438202247191011,0.15168539325842698,-0.3539325842696629,-0.028089887640449437,-0.4606741573033708,0.016853932584269662,-0.5449438202247191,0.03932584269662921,-0.3651685393258427,0.028089887640449437,-0.30337078651685395,-0.14606741573033707,-0.4044943820224719,-0.10674157303370786,-0.4887640449438202,-0.06741573033707865,-0.37640449438202245,-0.07865168539325842,-0.3258426966292135
l,0.0,0.0,0.20224719101123595,-0.07303370786516854,0.37640449438202245,-0.23595505617977527,0.5112359550561798,-0.34831460674157305,0.6292134831460674,-0.42134831460674155,0.21910112359550563,-0.5168539325842697,0.2303370786516854,-0.7471910112359551,0.24719101123595505,-0.8764044943820225,0.24719101123595505,-1.0,0.10674157303370786,-0.5112359550561798,0.16292134831460675,-0.6348314606741573,0.17415730337078653,-0.4438202247191011,0.16292134831460675,-0.3539325842696629,-0.016853932584269662,-0.46629213483146065,0.03932584269662921,-0.5449438202247191,0.05056179775280899,-0.3595505617977528,0.033707865168539325,-0.30337078651685395,-0.1348314606741573,-0.4157303370786517,-0.0898876404494382,-0.4887640449438202,-0.056179775280898875,-0.3707865168539326,-0.06741573033707865,-0.3258426966292135
l,0.0,0.0,0.20224719101123595,-0.07865168539325842,0.37640449438202245,-0.23595505617977527,0.5168539325842697,-0.34269662921348315,0.6460674157303371,-0.4044943820224719,0.2247191011235955,-0.5112359550561798,0.23595505617977527,-0.7415730337078652,0.25280898876404495,-0.8707865168539326,0.25280898876404495,-1.0,0.10674157303370786,-0.5056179775280899,0.16853932584269662,-0.6348314606741573,0.17415730337078653,-0.43820224719101125,0.15730337078651685,-0.3595505617977528,-0.011235955056179775,-0.4606741573033708,0.0449438202247191,-0.550561797752809,0.056179775280898875,-0.3651685393258427,0.03932584269662921,-0.3202247191011236,-0.1348314606741573,-0.4044943820224719,-0.0898876404494382,-0.4887640449438202,-0.056179775280898875,-0.3707865168539326,-0.06741573033707865,-0.3258426966292135
l,0.0,0.0,0.20224719101123595,-0.07303370786516854,0.38202247191011235,-0.2247191011235955,0.5337078651685393,-0.33707865168539325,0.6629213483146067,-0.398876404494382,0.2303370786516854,-0.5112359550561798,0.24719101123595505,-0.7415730337078652,0.2696629213483146,-0.8707865168539326,0.2696629213483146,-1.0,0.11235955056179775,-0.5056179775280899,0.16853932584269662,-0.6235955056179775,0.17415730337078653,-0.43258426966292135,0.15730337078651685,-0.3651685393258427,-0.0056179775280898875,-0.4606741573033708,0.03932584269662921,-0.5449438202247191,0.05056179775280899,-0.3595505617977528,0.033707865168539325,-0.3258426966292135,-0.12921348314606743,-0.4044943820224719,-0.0898876404494382,-0.47752808988764045,-0.05056179775280899,-0.3595505617977528,-0.06741573033707865,-0.3258426966292135
l,0.0,0.0,0.20224719101123595,-0.06741573033707865,0.38764044943820225,-0.2247191011235955,0.5337078651685393,-0.33146067415730335,0.6629213483146067,-0.38764044943820225,0.2303370786516854,-0.5112359550561798,0.24719101123595505,-0.7415730337078652,0.25842696629213485,-0.8651685393258427,0.25842696629213485,-1.0,0.11235955056179775,-0.5,0.16853932584269662,-0.6235955056179775,0.17415730337078653,-0.43258426966292135,0.15730337078651685,-0.3595505617977528,-0.011235955056179775,-0.4606741573033708,0.033707865168539325,-0.5393258426966292,0.05056179775280899,-0.3539325842696629,0.03932584269662921,-0.3146067415730337,-0.1348314606741573,-0.4044943820224719,-0.0898876404494382,-0.47752808988764045,-0.056179775280898875,-0.3539325842696629,-0.07303370786516854,-0.3146067415730337
l,0.0,0.0,0.19889502762430938,-0.07734806629834254,0.3756906077348066,-0.2265193370165746,0.5248618784530387,-0.3314917127071823,0.6629834254143646,-0.3756906077348066,0.22099447513812154,-0.5082872928176796,0.23756906077348067,-0.7403314917127072,0.24861878453038674,-0.8729281767955801,0.2430939226519337,-1.0,0.10497237569060773,-0.5027624309392266,0.16022099447513813,-0.6187845303867403,0.16574585635359115,-0.430939226519337,0.14917127071823205,-0.35911602209944754,-0.016574585635359115,-0.4585635359116022,0.03867403314917127,-0.5359116022099447,0.049723756906077346,-0.35359116022099446,0.03314917127071823,-0.3149171270718232,-0.143646408839779,-0.40331491712707185,-0.09392265193370165,-0.47513812154696133,-0.055248618784530384,-0.35359116022099446,-0.0718232044198895,-0.3149171270718232
l,0.0,0.0,0.20670391061452514,-0.0670391061452514,0.39106145251396646,-0.22346368715083798,0.547486033519553,-0.3240223463687151,0.6815642458100558,-0.3743016759776536,0.2346368715083799,-0.5139664804469274,0.25139664804469275,-0.7430167597765364,0.26256983240223464,-0.8715083798882681,0.25139664804469275,-1.0,0.11731843575418995,-0.5027932960893855,0.17318435754189945,-0.6201117318435754,0.1787709497206704,-0.4301675977653631,0.16201117318435754,-0.3575418994413408,-0.00558659217877095,-0.46368715083798884,0.0446927374301676,-0.5363128491620112,0.061452513966480445,-0.3575418994413408,0.0446927374301676,-0.31843575418994413,-0.12849162011173185,-0.4022346368715084,-0.0782122905027933,-0.4692737430167598,-0.0446927374301676,-0.3463687150837989,-0.061452513966480445,-0.3128491620111732
l,0.0,0.0,0.20555555555555555,-0.07222222222222222,0.38333333333333336,-0.2222222222222222,0.5333333333333333,-0.32222222222222224,0.6666666666666666,-0.37222222222222223,0.22777777777777777,-0.5111111111111111,0.2388888888888889,-0.7444444444444445,0.25,-0.8722222222222222,0.24444444444444444,-1.0,0.10555555555555556,-0.5055555555555555,0.16666666666666666,-0.6166666666666667,0.17222222222222222,-0.42777777777777776,0.15555555555555556,-0.36666666666666664,-0.011111111111111112,-0.46111111111111114,0.03888888888888889,-0.5388888888888889,0.05555555555555555,-0.35555555555555557,0.03888888888888889,-0.3277777777777778,-0.1388888888888889,-0.40555555555555556,-0.08333333333333333,-0.4722222222222222,-0.044444444444444446,-0.34444444444444444,-0.06666666666666667,-0.31666666666666665
l,0.0,0.0,0.20670391061452514,-0.07262569832402235,0.3854748603351955,-0.22346368715083798,0.5418994413407822,-0.31843575418994413,0.6759776536312849,-0.3687150837988827,0.22905027932960895,-0.5139664804469274,0.24581005586592178,-0.7430167597765364,0.2569832402234637,-0.8715083798882681,0.2569832402234637,-1.0,0.10614525139664804,-0.5027932960893855,0.16201117318435754,-0.6145251396648045,0.16759776536312848,-0.4245810055865922,0.1564245810055866,-0.36312849162011174,-0.01675977653631285,-0.46368715083798884,0.03910614525139665,-0.5363128491620112,0.055865921787709494,-0.35195530726256985,0.03910614525139665,-0.3240223463687151,-0.13966480446927373,-0.40782122905027934,-0.08379888268156424,-0.4692737430167598,-0.0446927374301676,-0.3463687150837989,-0.061452513966480445,-0.30726256983240224
l,0.0,0.0,0.21348314606741572,-0.06179775280898876,0.398876404494382,-0.21348314606741572,0.550561797752809,-0.3146067415730337,0.6797752808988764,-0.3651685393258427,0.24157303370786518,-0.5056179775280899,0.25280898876404495,-0.7359550561797753,0.2640449438202247,-0.8651685393258427,0.25842696629213485,-1.0,0.11797752808988764,-0.5,0.16853932584269662,-0.6067415730337079,0.16853932584269662,-0.4157303370786517,0.15730337078651685,-0.3651685393258427,-0.0056179775280898875,-0.4606741573033708,0.03932584269662921,-0.5337078651685393,0.05056179775280899,-0.34831460674157305,0.03932584269662921,-0.3258426966292135,-0.12921348314606743,-0.4044943820224719,-0.07865168539325842,-0.46629213483146065,-0.0449438202247191,-0.34269662921348315,-0.06179775280898876,-0.3089887640449438
m,0.0,0.0,0.3217391304347826,-0.26956521739130435,0.3391304347826087,-0.5652173913043478,0.28695652173913044,-0.7652173913043478,0.21739130434782608,-0.9217391304347826,-0.06956521739130435,-0.7913043478260869,0.16521739130434782,-0.9304347826086956,0.3652173913043478,-0.8,0.46956521739130436,-0.6521739130434783,-0.1565217391304348,-0.7913043478260869,0.16521739130434782,-1.0,0.391304347826087,-0.8521739130434782,0.5043478260869565,-0.6869565217391305,-0.1826086956521739,-0.7478260869565218,0.1565217391304348,-1.0,0.3739130434782609,-0.8608695652173913,0.45217391304347826,-0.7043478260869566,-0.14782608695652175,-0.6782608695652174,0.22608695652173913,-0.6521739130434783,0.4260869565217391,-0.5217391304347826,0.5217391304347826,-0.4
m,0.0,0.0,0.30357142857142855,-0.09821428571428571,0.42857142857142855,-0.42857142857142855,0.2857142857142857,-0.6696428571428571,0.10714285714285714,-0.8214285714285714,0.4107142857142857,-0.6428571428571429,0.5535714285714286,-0.7767857142857143,0.6071428571428571,-0.6071428571428571,0.5982142857142857,-0.42857142857142855,0.26785714285714285,-0.7142857142857143,0.4107142857142857,-0.9196428571428571,0.5267857142857143,-0.7589285714285714,0.5446428571428571,-0.5535714285714286,0.09821428571428571,-0.75,0.24107142857142858,-1.0,0.35714285714285715,-0.8303571428571429,0.4017857142857143,-0.6517857142857143,-0.07142857142857142,-0.7232142857142857,0.13392857142857142,-0.6785714285714286,0.2767857142857143,-0.5,0.35714285714285715,-0.35714285714285715
m,0.0,0.0,0.3008849557522124,-0.11504424778761062,0.40707964601769914,-0.4336283185840708,0.2743362831858407,-0.6902654867256637,0.10619469026548672,-0.8584070796460177,0.4247787610619469,-0.6371681415929203,0.5575221238938053,-0.7787610619469026,0.6106194690265486,-0.6106194690265486,0.6106194690265486,-0.4336283185840708,0.2743362831858407,-0.7079646017699115,0.40707964601769914,-0.911504424778761,0.5221238938053098,-0.7522123893805309,0.5398230088495575,-0.5575221238938053,0.11504424778761062,-0.7345132743362832,0.25663716814159293,-1.0,0.37168141592920356,-0.831858407079646,0.40707964601769914,-0.6548672566371682,-0.061946902654867256,-0.7079646017699115,0.13274336283185842,-0.6814159292035398,0.2831858407079646,-0.5221238938053098,0.37168141592920356,-0.3893805309734513
m,0.0,0.0,0.2920353982300885,-0.11504424778761062,0.39823008849557523,-0.4336283185840708,0.2743362831858407,-0.6991150442477876,0.11504424778761062,-0.8672566371681416,0.4336283185840708,-0.6371681415929203,0.5663716814159292,-0.7787610619469026,0.6194690265486725,-0.6194690265486725,0.6106194690265486,-0.4424778761061947,0.2920353982300885,-0.7168141592920354,0.415929203539823,-0.911504424778761,0.5309734513274337,-0.7522123893805309,0.5398230088495575,-0.5575221238938053,0.12389380530973451,-0.7433628318584071,0.25663716814159293,-1.0,0.37168141592920356,-0.831858407079646,0.40707964601769914,-0.6548672566371682,-0.05309734513274336,-0.7168141592920354,0.13274336283185842,-0.6902654867256637,0.2831858407079646,-0.5221238938053098,0.37168141592920356,-0.3893805309734513
m,0.0,0.0,0.2982456140350877,-0.12280701754385964,0.40350877192982454,-0.4298245614035088,0.2807017543859649,-0.6842105263157895,0.11403508771929824,-0.8508771929824561,0.42105263157894735,-0.6403508771929824,0.543859649122807,-0.7807017543859649,0.6052631578947368,-0.6140350877192983,0.5964912280701754,-0.43859649122807015,0.2719298245614035,-0.7105263157894737,0.39473684210526316,-0.9122807017543859,0.5087719298245614,-0.7543859649122807,0.5263157894736842,-0.5614035087719298,0.10526315789473684,-0.7368421052631579,0.24561403508771928,-1.0,0.35964912280701755,-0.8245614035087719,0.38596491228070173,-0.6491228070175439,-0.06140350877192982,-0.7105263157894737,0.13157894736842105,-0.6842105263157895,0.2807017543859649,-0.5087719298245614,0.3508771929824561,-0.37719298245614036
m,0.0,0.0,0.30357142857142855,-0.11607142857142858,0.4107142857142857,-0.42857142857142855,0.2857142857142857,-0.6875,0.125,-0.8571428571428571,0.41964285714285715,-0.6428571428571429,0.5535714285714286,-0.7767857142857143,0.6160714285714286,-0.6160714285714286,0.6160714285714286,-0.4375,0.2767857142857143,-0.7142857142857143,0.4107142857142857,-0.9107142857142857,0.5267857142857143,-0.75,0.5446428571428571,-0.5535714285714286,0.10714285714285714,-0.7410714285714286,0.25892857142857145,-1.0,0.375,-0.8214285714285714,0.4107142857142857,-0.6428571428571429,-0.0625,-0.7142857142857143,0.13392857142857142,-0.6875,0.2857142857142857,-0.5178571428571429,0.36607142857142855,-0.375
m,0.0,0.0,0.3063063063063063,-0.11711711711711711,0.4144144144144144,-0.43243243243243246,0.2882882882882883,-0.6846846846846847,0.12612612612612611,-0.8468468468468469,0.4144144144144144,-0.6486486486486487,0.5405405405405406,-0.7927927927927928,0.6126126126126126,-0.6306306306306306,0.6126126126126126,-0.4594594594594595,0.2702702702702703,-0.7207207207207207,0.3963963963963964,-0.9279279279279279,0.5135135135135135,-0.7657657657657657,0.5405405405405406,-0.5675675675675675,0.10810810810810811,-0.7477477477477478,0.23423423423423423,-1.0,0.36036036036036034,-0.8288288288288288,0.3963963963963964,-0.6486486486486487,-0.07207207207207207,-0.7207207207207207,0.12612612612612611,-0.6936936936936937,0.2702702702702703,-0.5225225225225225,0.36036036036036034,-0.38738738738738737
m,0.0,0.0,0.30275229357798167,-0.10091743119266056,0.42201834862385323,-0.41284403669724773,0.30275229357798167,-0.6697247706422018,0.12844036697247707,-0.8348623853211009,0.44036697247706424,-0.6422018348623854,0.5688073394495413,-0.7798165137614679,0.6330275229357798,-0.6146788990825688,0.6330275229357798,-0.44036697247706424,0.29357798165137616,-0.7247706422018348,0.42201834862385323,-0.926605504587156,0.5412844036697247,-0.7614678899082569,0.5504587155963303,-0.5596330275229358,0.11926605504587157,-0.7431192660550459,0.25688073394495414,-1.0,0.3761467889908257,-0.8348623853211009,0.41284403669724773,-0.6513761467889908,-0.05504587155963303,-0.7155963302752294,0.13761467889908258,-0.6880733944954128,0.28440366972477066,-0.5229357798165137,0.3669724770642202,-0.3853211009174312
m,0.0,0.0,0.3090909090909091,-0.10909090909090909,0.41818181818181815,-0.41818181818181815,0.3,-0.6727272727272727,0.14545454545454545,-0.8454545454545455,0.44545454545454544,-0.6454545454545455,0.5727272727272728,-0.7818181818181819,0.6272727272727273,-0.6090909090909091,0.6272727272727273,-0.42727272727272725,0.3,-0.7181818181818181,0.42727272727272725,-0.9181818181818182,0.5363636363636364,-0.7454545454545455,0.5545454545454546,-0.5363636363636364,0.12727272727272726,-0.7454545454545455,0.2727272727272727,-1.0,0.39090909090909093,-0.8272727272727273,0.42727272727272725,-0.6454545454545455,-0.05454545454545454,-0.7181818181818181,0.12727272727272726,-0.6909090909090909,0.2909090909090909,-0.5454545454545454,0.39090909090909093,-0.41818181818181815
m,0.0,0.0,0.2962962962962963,-0.09259259259259259,0.4351851851851852,-0.4074074074074074,0.3148148148148148,-0.6574074074074074,0.17592592592592593,-0.8240740740740741,0.46296296296296297,-0.6388888888888888,0.5925925925925926,-0.75,0.6481481481481481,-0.5833333333333334,0.6574074074074074,-0.4074074074074074,0.3148148148148148,-0.7222222222222222,0.4537037037037037,-0.9074074074074074,0.5648148148148148,-0.7407407407407407,0.5833333333333334,-0.5370370370370371,0.14814814814814814,-0.75,0.2777777777777778,-1.0,0.39814814814814814,-0.8240740740740741,0.4444444444444444,-0.6481481481481481,-0.037037037037037035,-0.7222222222222222,0.1388888888888889,-0.6944444444444444,0.2962962962962963,-0.5462962962962963,0.4166666666666667,-0.4074074074074074
m,0.0,0.0,0.29906542056074764,-0.08411214953271028,0.42990654205607476,-0.40186915887850466,0.308411214953271,-0.6635514018691588,0.14018691588785046,-0.822429906542056,0.4485981308411215,-0.6355140186915887,0.5887850467289719,-0.7570093457943925,0.6448598130841121,-0.5887850467289719,0.6448598130841121,-0.40186915887850466,0.308411214953271,-0.719626168224299,0.45794392523364486,-0.9252336448598131,0.5700934579439252,-0.7476635514018691,0.5794392523364486,-0.5420560747663551,0.14018691588785046,-0.7476635514018691,0.2803738317757009,-1.0,0.3925233644859813,-0.8317757009345794,0.42990654205607476,-0.6448598130841121,-0.04672897196261682,-0.719626168224299,0.14953271028037382,-0.6915887850467289,0.29906542056074764,-0.5327102803738317,0.40186915887850466,-0.3925233644859813
m,0.0,0.0,0.24347826086956523,-0.10434782608695652,0.3652173913043478,-0.4,0.20869565217391303,-0.6869565217391305,0.0782608695652174,-0.8782608695652174,0.4434782608695652,-0.6,0.5217391304347826,-0.7739130434782608,0.46956521739130436,-0.6260869565217392,0.41739130434782606,-0.4608695652173913,0.28695652173913044,-0.6695652173913044,0.391304347826087,-0.9217391304347826,0.3565217391304348,-0.7565217391304347,0.3130434782608696,-0.5826086956521739,0.11304347826086956,-0.6782608695652174,0.20869565217391303,-1.0,0.2,-0.8260869565217391,0.1826086956521739,-0.6608695652173913,-0.0782608695652174,-0.6260869565217392,0.02608695652173913,-0.7565217391304347,0.06086956521739131,-0.5739130434782609,0.06086956521739131,-0.41739130434782606
m,0.0,0.0,0.26126126126126126,-0.0990990990990991,0.3963963963963964,-0.38738738738738737,0.25225225225225223,-0.6756756756756757,0.13513513513513514,-0.8918918918918919,0.4864864864864865,-0.6036036036036037,0.5855855855855856,-0.7747747747747747,0.5315315315315315,-0.6216216216216216,0.4594594594594595,-0.45045045045045046,0.3333333333333333,-0.6756756756756757,0.45045045045045046,-0.918918918918919,0.4144144144144144,-0.7477477477477478,0.36036036036036034,-0.5765765765765766,0.14414414414414414,-0.6936936936936937,0.26126126126126126,-1.0,0.26126126126126126,-0.8198198198198198,0.23423423423423423,-0.6486486486486487,-0.04504504504504504,-0.6486486486486487,0.05405405405405406,-0.7567567567567568,0.0990990990990991,-0.5765765765765766,0.10810810810810811,-0.43243243243243246
m,0.0,0.0,0.25892857142857145,-0.09821428571428571,0.4017857142857143,-0.375,0.25892857142857145,-0.6607142857142857,0.14285714285714285,-0.8660714285714286,0.48214285714285715,-0.5803571428571429,0.5892857142857143,-0.7589285714285714,0.5267857142857143,-0.6071428571428571,0.45535714285714285,-0.4375,0.32142857142857145,-0.6607142857142857,0.4375,-0.9107142857142857,0.4107142857142857,-0.7321428571428571,0.35714285714285715,-0.5535714285714286,0.15178571428571427,-0.6875,0.25892857142857145,-1.0,0.25892857142857145,-0.8125,0.22321428571428573,-0.6339285714285714,-0.03571428571428571,-0.6607142857142857,0.0625,-0.7410714285714286,0.125,-0.5625,0.14285714285714285,-0.41964285714285715
m,0.0,0.0,0.25892857142857145,-0.08035714285714286,0.4107142857142857,-0.35714285714285715,0.2767857142857143,-0.625,0.15178571428571427,-0.8125,0.48214285714285715,-0.5892857142857143,0.5892857142857143,-0.7678571428571429,0.5357142857142857,-0.6071428571428571,0.4642857142857143,-0.4375,0.33035714285714285,-0.6696428571428571,0.4375,-0.9196428571428571,0.4107142857142857,-0.75,0.375,-0.5625,0.15178571428571427,-0.6875,0.25,-1.0,0.25892857142857145,-0.8214285714285714,0.24107142857142858,-0.6428571428571429,-0.03571428571428571,-0.6428571428571429,0.05357142857142857,-0.7232142857142857,0.125,-0.5625,0.16964285714285715,-0.41964285714285715
m,0.0,0.0,0.24770642201834864,-0.06422018348623854,0.4036697247706422,-0.3302752293577982,0.27522935779816515,-0.5871559633027523,0.14678899082568808,-0.7798165137614679,0.46788990825688076,-0.6055045871559633,0.5688073394495413,-0.7798165137614679,0.5321100917431193,-0.6146788990825688,0.46788990825688076,-0.44036697247706424,0.3119266055045872,-0.6788990825688074,0.41284403669724773,-0.9357798165137615,0.4036697247706422,-0.7706422018348624,0.3761467889908257,-0.5871559633027523,0.13761467889908258,-0.6972477064220184,0.21100917431192662,-1.0,0.22935779816513763,-0.8440366972477065,0.22018348623853212,-0.6788990825688074,-0.045871559633027525,-0.6422018348623854,0.03669724770642202,-0.7064220183486238,0.12844036697247707,-0.5504587155963303,0.1743119266055046,-0.4036697247706422
m,0.0,0.0,0.24770642201834864,-0.07339449541284404,0.3944954128440367,-0.3486238532110092,0.25688073394495414,-0.6146788990825688,0.11009174311926606,-0.8165137614678899,0.45871559633027525,-0.5963302752293578,0.5596330275229358,-0.7706422018348624,0.5229357798165137,-0.6238532110091743,0.45871559633027525,-0.44954128440366975,0.30275229357798167,-0.6788990825688074,0.4036697247706422,-0.944954128440367,0.3944954128440367,-0.7706422018348624,0.3577981651376147,-0.5871559633027523,0.12844036697247707,-0.6880733944954128,0.2018348623853211,-1.0,0.22018348623853212,-0.8532110091743119,0.2018348623853211,-0.6972477064220184,-0.05504587155963303,-0.6422018348623854,0.045871559633027525,-0.6972477064220184,0.12844036697247707,-0.5229357798165137,0.1743119266055046,-0.3761467889908257
m,0.0,0.0,0.25688073394495414,-0.08256880733944955,0.4036697247706422,-0.3486238532110092,0.26605504587155965,-0.6238532110091743,0.12844036697247707,-0.8256880733944955,0.46788990825688076,-0.6055045871559633,0.5596330275229358,-0.7798165137614679,0.5321100917431193,-0.6238532110091743,0.46788990825688076,-0.44954128440366975,0.3119266055045872,-0.6788990825688074,0.4036697247706422,-0.9357798165137615,0.3944954128440367,-0.7614678899082569,0.3669724770642202,-0.5688073394495413,0.12844036697247707,-0.6972477064220184,0.21100917431192662,-1.0,0.23853211009174313,-0.8348623853211009,0.22018348623853212,-0.6605504587155964,-0.05504587155963303,-0.6422018348623854,0.03669724770642202,-0.6972477064220184,0.12844036697247707,-0.5504587155963303,0.1834862385321101,-0.42201834862385323
m,0.0,0.0,0.2523364485981308,-0.07476635514018691,0.40186915887850466,-0.35514018691588783,0.2616822429906542,-0.6074766355140186,0.11214953271028037,-0.794392523364486,0.45794392523364486,-0.5981308411214953,0.5607476635514018,-0.7663551401869159,0.5327102803738317,-0.616822429906542,0.4766355140186916,-0.4392523364485981,0.29906542056074764,-0.6728971962616822,0.40186915887850466,-0.9345794392523364,0.411214953271028,-0.7757009345794392,0.37383177570093457,-0.5887850467289719,0.1308411214953271,-0.6822429906542056,0.19626168224299065,-1.0,0.2336448598130841,-0.8504672897196262,0.22429906542056074,-0.6915887850467289,-0.056074766355140186,-0.6355140186915887,0.037383177570093455,-0.7102803738317757,0.1308411214953271,-0.5607476635514018,0.18691588785046728,-0.42990654205607476
m,0.0,0.0,0.25925925925925924,-0.08333333333333333,0.39814814814814814,-0.3425925925925926,0.25,-0.6111111111111112,0.12037037037037036,-0.8148148148148148,0.4722222222222222,-0.6018518518518519,0.5740740740740741,-0.7685185185185185,0.5370370370370371,-0.6203703703703703,0.48148148148148145,-0.4537037037037037,0.3148148148148148,-0.6759259259259259,0.4074074074074074,-0.9259259259259259,0.4074074074074074,-0.7592592592592593,0.37037037037037035,-0.5740740740740741,0.1388888888888889,-0.6944444444444444,0.21296296296296297,-1.0,0.24074074074074073,-0.8333333333333334,0.23148148148148148,-0.6666666666666666,-0.046296296296296294,-0.6574074074074074,0.046296296296296294,-0.7037037037037037,0.12962962962962962,-0.5648148148148148,0.19444444444444445,-0.4351851851851852
n,0.0,0.0,0.3118279569892473,-0.11827956989247312,0.4838709677419355,-0.44086021505376344,0.4731182795698925,-0.7526881720430108,0.45161290322580644,-1.0,0.5376344086021505,-0.6666666666666666,0.6881720430107527,-0.7741935483870968,0.6774193548387096,-0.6451612903225806,0.6129032258064516,-0.46236559139784944,0.3655913978494624,-0.7634408602150538,0.5591397849462365,-0.967741935483871,0.6021505376344086,-0.8924731182795699,0.5913978494623656,-0.7634408602150538,0.17204301075268819,-0.8064516129032258,0.3118279569892473,-0.7634408602150538,0.27956989247311825,-0.46236559139784944,0.23655913978494625,-0.22580645161290322,-0.010752688172043012,-0.7956989247311828,0.12903225806451613,-0.6881720430107527,0.11827956989247312,-0.45161290322580644,0.0967741935483871,-0.27956989247311825
n,0.0,0.0,0.297029702970297,-0.15841584158415842,0.43564356435643564,-0.4752475247524752,0.43564356435643564,-0.7722772277227723,0.44554455445544555,-1.0,0.43564356435643564,-0.7128712871287128,0.5742574257425742,-0.8217821782178217,0.6237623762376238,-0.6534653465346535,0.6237623762376238,-0.45544554455445546,0.26732673267326734,-0.7623762376237624,0.45544554455445546,-0.8712871287128713,0.504950495049505,-0.6831683168316832,0.504950495049505,-0.49504950495049505,0.09900990099009901,-0.7722772277227723,0.297029702970297,-0.7326732673267327,0.3069306930693069,-0.44554455445544555,0.27722772277227725,-0.24752475247524752,-0.0594059405940594,-0.7425742574257426,0.1485148514851485,-0.6633663366336634,0.16831683168316833,-0.44554455445544555,0.13861386138613863,-0.297029702970297
n,0.0,0.0,0.3069306930693069,-0.1485148514851485,0.45544554455445546,-0.46534653465346537,0.45544554455445546,-0.7623762376237624,0.45544554455445546,-1.0,0.44554455445544555,-0.7128712871287128,0.6138613861386139,-0.7920792079207921,0.6534653465346535,-0.6138613861386139,0.6435643564356436,-0.42574257425742573,0.2871287128712871,-0.7722772277227723,0.49504950495049505,-0.8811881188118812,0.5544554455445545,-0.7029702970297029,0.5544554455445545,-0.5247524752475248,0.10891089108910891,-0.7920792079207921,0.32673267326732675,-0.7326732673267327,0.33663366336633666,-0.43564356435643564,0.297029702970297,-0.22772277227722773,-0.0594059405940594,-0.7623762376237624,0.16831683168316833,-0.6732673267326733,0.1782178217821782,-0.44554455445544555,0.1485148514851485,-0.297029702970297
n,0.0,0.0,0.3,-0.15,0.45,-0.47,0.45,-0.76,0.44,-1.0,0.44,-0.72,0.62,-0.8,0.66,-0.62,0.65,-0.42,0.28,-0.78,0.51,-0.87,0.56,-0.68,0.56,-0.5,0.1,-0.81,0.33,-0.74,0.33,-0.44,0.3,-0.23,-0.07,-0.78,0.16,-0.68,0.18,-0.45,0.15,-0.3
n,0.0,0.0,0.3,-0.15,0.45,-0.46,0.45,-0.76,0.45,-1.0,0.45,-0.73,0.62,-0.79,0.67,-0.61,0.66,-0.41,0.28,-0.79,0.52,-0.87,0.59,-0.69,0.59,-0.51,0.11,-0.81,0.34,-0.73,0.35,-0.44,0.31,-0.22,-0.06,-0.79,0.17,-0.68,0.18,-0.45,0.16,-0.29
n,0.0,0.0,0.3163265306122449,-0.14285714285714285,0.47959183673469385,-0.4489795918367347,0.47959183673469385,-0.7551020408163265,0.47959183673469385,-1.0,0.42857142857142855,-0.7653061224489796,0.6224489795918368,-0.8061224489795918,0.6836734693877551,-0.6122448979591837,0.6938775510204082,-0.40816326530612246,0.2653061224489796,-0.826530612244898,0.5408163265306123,-0.8673469387755102,0.6224489795918368,-0.673469387755102,0.6428571428571429,-0.47959183673469385,0.09183673469387756,-0.8367346938775511,0.37755102040816324,-0.7040816326530612,0.3877551020408163,-0.41836734693877553,0.35714285714285715,-0.20408163265306123,-0.05102040816326531,-0.7959183673469388,0.19387755102040816,-0.6428571428571429,0.21428571428571427,-0.41836734693877553,0.19387755102040816,-0.25510204081632654
n,0.0,0.0,0.32323232323232326,-0.15151515151515152,0.47474747474747475,-0.46464646464646464,0.47474747474747475,-0.7575757575757576,0.47474747474747475,-1.0,0.3434343434343434,-0.8080808080808081,0.5757575757575758,-0.8484848484848485,0.6666666666666666,-0.6464646464646465,0.696969696969697,-0.4444444444444444,0.1919191919191919,-0.8585858585858586,0.48484848484848486,-0.797979797979798,0.5555555555555556,-0.5555555555555556,0.5555555555555556,-0.35353535353535354,0.050505050505050504,-0.8484848484848485,0.36363636363636365,-0.6767676767676768,0.3838383838383838,-0.3838383838383838,0.35353535353535354,-0.1919191919191919,-0.06060606060606061,-0.7777777777777778,0.2222222222222222,-0.6161616161616161,0.25252525252525254,-0.40404040404040403,0.23232323232323232,-0.2727272727272727
n,0.0,0.0,0.31,-0.18,0.42,-0.48,0.41,-0.76,0.42,-1.0,0.27,-0.84,0.51,-0.88,0.61,-0.68,0.65,-0.47,0.12,-0.87,0.46,-0.89,0.58,-0.71,0.63,-0.53,0.0,-0.85,0.36,-0.69,0.43,-0.42,0.44,-0.22,-0.09,-0.77,0.22,-0.59,0.28,-0.37,0.28,-0.23
n,0.0,0.0,0.30392156862745096,-0.17647058823529413,0.43137254901960786,-0.4803921568627451,0.4117647058823529,-0.7647058823529411,0.4019607843137255,-1.0,0.2647058823529412,-0.8431372549019608,0.49019607843137253,-0.8823529411764706,0.5882352941176471,-0.6862745098039216,0.6274509803921569,-0.4803921568627451,0.12745098039215685,-0.8725490196078431,0.45098039215686275,-0.8725490196078431,0.5784313725490197,-0.7058823529411765,0.6274509803921569,-0.5490196078431373,0.00980392156862745,-0.8431372549019608,0.35294117647058826,-0.6862745098039216,0.4215686274509804,-0.4215686274509804,0.4411764705882353,-0.23529411764705882,-0.08823529411764706,-0.7647058823529411,0.21568627450980393,-0.5882352941176471,0.27450980392156865,-0.38235294117647056,0.28431372549019607,-0.23529411764705882
n,0.0,0.0,0.31,-0.16,0.45,-0.47,0.44,-0.76,0.41,-1.0,0.28,-0.81,0.51,-0.89,0.61,-0.69,0.65,-0.48,0.14,-0.85,0.47,-0.91,0.59,-0.73,0.64,-0.55,0.01,-0.83,0.36,-0.7,0.41,-0.42,0.41,-0.22,-0.09,-0.76,0.22,-0.61,0.27,-0.39,0.28,-0.25
n,0.0,0.0,0.32323232323232326,-0.15151515151515152,0.46464646464646464,-0.46464646464646464,0.45454545454545453,-0.7575757575757576,0.3939393939393939,-1.0,0.32323232323232326,-0.797979797979798,0.5252525252525253,-0.8787878787878788,0.6262626262626263,-0.696969696969697,0.6666666666666666,-0.5050505050505051,0.1717171717171717,-0.8383838383838383,0.46464646464646464,-0.9191919191919192,0.5858585858585859,-0.7373737373737373,0.6363636363636364,-0.5656565656565656,0.030303030303030304,-0.8282828282828283,0.35353535353535354,-0.7171717171717171,0.40404040404040403,-0.4444444444444444,0.3939393939393939,-0.24242424242424243,-0.09090909090909091,-0.7676767676767676,0.20202020202020202,-0.6262626262626263,0.24242424242424243,-0.41414141414141414,0.24242424242424243,-0.2727272727272727
n,0.0,0.0,0.33,-0.16,0.47,-0.47,0.47,-0.77,0.41,-1.0,0.35,-0.81,0.56,-0.9,0.65,-0.7,0.68,-0.49,0.19,-0.85,0.48,-0.95,0.58,-0.74,0.61,-0.53,0.04,-0.84,0.36,-0.73,0.39,-0.45,0.36,-0.25,-0.08,-0.78,0.2,-0.65,0.23,-0.44,0.21,-0.3
n,0.0,0.0,0.32653061224489793,-0.15306122448979592,0.47959183673469385,-0.45918367346938777,0.45918367346938777,-0.7653061224489796,0.40816326530612246,-1.0,0.35714285714285715,-0.7959183673469388,0.5612244897959183,-0.8877551020408163,0.6530612244897959,-0.7040816326530612,0.6938775510204082,-0.5,0.20408163265306123,-0.8367346938775511,0.5,-0.9489795918367347,0.6122448979591837,-0.7653061224489796,0.6530612244897959,-0.5714285714285714,0.05102040816326531,-0.8469387755102041,0.35714285714285715,-0.7346938775510204,0.3877551020408163,-0.4489795918367347,0.3673469387755102,-0.25510204081632654,-0.08163265306122448,-0.7959183673469388,0.19387755102040816,-0.6428571428571429,0.22448979591836735,-0.41836734693877553,0.19387755102040816,-0.2755102040816326
n,0.0,0.0,0.31958762886597936,-0.13402061855670103,0.4845360824742268,-0.44329896907216493,0.4742268041237113,-0.7525773195876289,0.422680412371134,-1.0,0.3917525773195876,-0.7731958762886598,0.5979381443298969,-0.865979381443299,0.6701030927835051,-0.6907216494845361,0.6907216494845361,-0.4845360824742268,0.23711340206185566,-0.8247422680412371,0.5257731958762887,-0.9484536082474226,0.6391752577319587,-0.7731958762886598,0.6597938144329897,-0.5773195876288659,0.07216494845360824,-0.8350515463917526,0.3711340206185567,-0.7319587628865979,0.3917525773195876,-0.44329896907216493,0.3711340206185567,-0.23711340206185566,-0.07216494845360824,-0.7938144329896907,0.18556701030927836,-0.6494845360824743,0.20618556701030927,-0.41237113402061853,0.17525773195876287,-0.26804123711340205
n,0.0,0.0,0.3263157894736842,-0.11578947368421053,0.5052631578947369,-0.42105263157894735,0.4842105263157895,-0.7368421052631579,0.43157894736842106,-1.0,0.4421052631578947,-0.7368421052631579,0.6421052631578947,-0.8421052631578947,0.7052631578947368,-0.6736842105263158,0.7052631578947368,-0.4631578947368421,0.2736842105263158,-0.8105263157894737,0.5578947368421052,-0.968421052631579,0.6421052631578947,-0.7894736842105263,0.6421052631578947,-0.5894736842105263,0.10526315789473684,-0.8315789473684211,0.37894736842105264,-0.7473684210526316,0.3684210526315789,-0.45263157894736844,0.3368421052631579,-0.24210526315789474,-0.06315789473684211,-0.8105263157894737,0.17894736842105263,-0.6526315789473685,0.17894736842105263,-0.42105263157894735,0.1368421052631579,-0.2736842105263158
n,0.0,0.0,0.3263157894736842,-0.11578947368421053,0.49473684210526314,-0.42105263157894735,0.4842105263157895,-0.7473684210526316,0.4421052631578947,-1.0,0.4842105263157895,-0.7052631578947368,0.6842105263157895,-0.8,0.7157894736842105,-0.631578947368421,0.6736842105263158,-0.43157894736842106,0.30526315789473685,-0.7789473684210526,0.5894736842105263,-0.9368421052631579,0.631578947368421,-0.7578947368421053,0.6,-0.5578947368421052,0.12631578947368421,-0.8210526315789474,0.3684210526315789,-0.7473684210526316,0.3473684210526316,-0.4421052631578947,0.29473684210526313,-0.23157894736842105,-0.05263157894736842,-0.8105263157894737,0.16842105263157894,-0.6736842105263158,0.15789473684210525,-0.4421052631578947,0.11578947368421053,-0.28421052631578947
n,0.0,0.0,0.3333333333333333,-0.0967741935483871,0.5161290322580645,-0.41935483870967744,0.4946236559139785,-0.7419354838709677,0.46236559139784944,-1.0,0.5161290322580645,-0.6774193548387096,0.7204301075268817,-0.8064516129032258,0.7311827956989247,-0.6451612903225806,0.6774193548387096,-0.44086021505376344,0.34408602150537637,-0.7634408602150538,0.6021505376344086,-0.946236559139785,0.6344086021505376,-0.7634408602150538,0.5913978494623656,-0.5698924731182796,0.15053763440860216,-0.8172043010752689,0.3548387096774194,-0.7634408602150538,0.34408602150537637,-0.45161290322580644,0.2903225806451613,-0.22580645161290322,-0.03225806451612903,-0.8064516129032258,0.17204301075268819,-0.6881720430107527,0.16129032258064516,-0.45161290322580644,0.12903225806451613,-0.2903225806451613
n,0.0,0.0,0.3333333333333333,-0.08888888888888889,0.5333333333333333,-0.4111111111111111,0.5111111111111111,-0.7444444444444445,0.4888888888888889,-1.0,0.5444444444444444,-0.6666666666666666,0.7444444444444445,-0.8,0.7444444444444445,-0.6222222222222222,0.6777777777777778,-0.4111111111111111,0.36666666666666664,-0.7555555555555555,0.6333333333333333,-0.9444444444444444,0.6555555555555556,-0.7777777777777778,0.6222222222222222,-0.6,0.16666666666666666,-0.8111111111111111,0.37777777777777777,-0.7555555555555555,0.34444444444444444,-0.4444444444444444,0.2777777777777778,-0.2111111111111111,-0.03333333333333333,-0.8222222222222222,0.17777777777777778,-0.7,0.16666666666666666,-0.4444444444444444,0.12222222222222222,-0.28888888888888886
n,0.0,0.0,0.3258426966292135,-0.07865168539325842,0.5393258426966292,-0.39325842696629215,0.5393258426966292,-0.7415730337078652,0.5056179775280899,-1.0,0.5617977528089888,-0.6404494382022472,0.7528089887640449,-0.7865168539325843,0.7640449438202247,-0.6292134831460674,0.6966292134831461,-0.4157303370786517,0.38202247191011235,-0.7415730337078652,0.651685393258427,-0.9325842696629213,0.6966292134831461,-0.7752808988764045,0.6629213483146067,-0.5842696629213483,0.1797752808988764,-0.8089887640449438,0.39325842696629215,-0.7752808988764045,0.33707865168539325,-0.449438202247191,0.2696629213483146,-0.2247191011235955,-0.02247191011235955,-0.8202247191011236,0.1797752808988764,-0.7191011235955056,0.14606741573033707,-0.47191011235955055,0.0898876404494382,-0.30337078651685395
n,0.0,0.0,0.32954545454545453,-0.07954545454545454,0.5568181818181818,-0.3977272727272727,0.5454545454545454,-0.7386363636363636,0.5113636363636364,-1.0,0.5795454545454546,-0.6590909090909091,0.7840909090909091,-0.8068181818181818,0.7840909090909091,-0.6363636363636364,0.7159090909090909,-0.42045454545454547,0.3977272727272727,-0.7613636363636364,0.6590909090909091,-0.9545454545454546,0.7045454545454546,-0.7840909090909091,0.6590909090909091,-0.5909090909090909,0.19318181818181818,-0.8295454545454546,0.3977272727272727,-0.7727272727272727,0.3522727272727273,-0.45454545454545453,0.2840909090909091,-0.2159090909090909,-0.011363636363636364,-0.8409090909090909,0.18181818181818182,-0.7159090909090909,0.14772727272727273,-0.4659090909090909,0.10227272727272728,-0.3068181818181818
o,0.0,0.0,0.3392857142857143,-0.08035714285714286,0.5535714285714286,-0.25,0.7142857142857143,-0.39285714285714285,0.7946428571428571,-0.5714285714285714,0.39285714285714285,-0.6339285714285714,0.5535714285714286,-0.8125,0.7053571428571429,-0.7678571428571429,0.7857142857142857,-0.6696428571428571,0.30357142857142855,-0.6964285714285714,0.49107142857142855,-0.9375,0.6607142857142857,-0.875,0.7589285714285714,-0.7321428571428571,0.21428571428571427,-0.7232142857142857,0.38392857142857145,-1.0,0.5714285714285714,-0.9464285714285714,0.6875,-0.8125,0.10714285714285714,-0.7232142857142857,0.29464285714285715,-0.9107142857142857,0.4732142857142857,-0.9375,0.625,-0.8839285714285714
o,0.0,0.0,0.3,-0.14166666666666666,0.4583333333333333,-0.3416666666666667,0.5916666666666667,-0.49166666666666664,0.65,-0.65,0.20833333333333334,-0.65,0.35,-0.8333333333333334,0.525,-0.8,0.6416666666666667,-0.725,0.13333333333333333,-0.6916666666666667,0.2833333333333333,-0.9583333333333334,0.49166666666666664,-0.9,0.6166666666666667,-0.7583333333333333,0.06666666666666667,-0.7083333333333334,0.2,-1.0,0.4166666666666667,-0.95,0.5583333333333333,-0.825,0.0,-0.6916666666666667,0.15833333333333333,-0.9,0.35833333333333334,-0.9083333333333333,0.525,-0.8416666666666667
o,0.0,0.0,0.29508196721311475,-0.16393442622950818,0.4426229508196721,-0.36885245901639346,0.5737704918032787,-0.5245901639344263,0.6229508196721312,-0.6885245901639344,0.14754098360655737,-0.6639344262295082,0.28688524590163933,-0.8524590163934426,0.45901639344262296,-0.8278688524590164,0.5737704918032787,-0.7459016393442623,0.07377049180327869,-0.6885245901639344,0.21311475409836064,-0.9590163934426229,0.4262295081967213,-0.9180327868852459,0.5655737704918032,-0.7868852459016393,0.0,-0.7049180327868853,0.13934426229508196,-1.0,0.36065573770491804,-0.9590163934426229,0.5163934426229508,-0.8442622950819673,-0.04918032786885246,-0.6721311475409836,0.12295081967213115,-0.8852459016393442,0.3114754098360656,-0.9016393442622951,0.4672131147540984,-0.8524590163934426
o,0.0,0.0,0.288,-0.208,0.416,-0.44,0.536,-0.608,0.568,-0.784,0.056,-0.704,0.176,-0.928,0.368,-0.92,0.496,-0.856,-0.016,-0.712,0.136,-0.992,0.36,-0.968,0.512,-0.864,-0.064,-0.696,0.096,-1.0,0.336,-0.976,0.488,-0.88,-0.072,-0.656,0.112,-0.864,0.304,-0.896,0.456,-0.872
o,0.0,0.0,0.3008130081300813,-0.21138211382113822,0.42276422764227645,-0.45528455284552843,0.5365853658536586,-0.6260162601626016,0.5691056910569106,-0.8048780487804879,0.08943089430894309,-0.7073170731707317,0.17886178861788618,-0.9349593495934959,0.36585365853658536,-0.9349593495934959,0.5040650406504065,-0.8699186991869918,0.008130081300813009,-0.7154471544715447,0.12195121951219512,-1.0,0.34959349593495936,-0.983739837398374,0.5040650406504065,-0.8780487804878049,-0.04878048780487805,-0.6991869918699187,0.07317073170731707,-1.0,0.3170731707317073,-0.991869918699187,0.4796747967479675,-0.8861788617886179,-0.07317073170731707,-0.6504065040650406,0.08943089430894309,-0.8617886178861789,0.2926829268292683,-0.9024390243902439,0.45528455284552843,-0.8699186991869918
o,0.0,0.0,0.2926829268292683,-0.2032520325203252,0.4146341463414634,-0.43902439024390244,0.5365853658536586,-0.6178861788617886,0.5609756097560976,-0.8048780487804879,0.08943089430894309,-0.7073170731707317,0.17073170731707318,-0.943089430894309,0.35772357723577236,-0.9349593495934959,0.4959349593495935,-0.8699186991869918,0.0,-0.7073170731707317,0.11382113821138211,-1.0,0.34146341463414637,-0.983739837398374,0.4878048780487805,-0.8699186991869918,-0.056910569105691054,-0.6910569105691057,0.06504065040650407,-0.991869918699187,0.3008130081300813,-0.975609756097561,0.4715447154471545,-0.8861788617886179,-0.08130081300813008,-0.6341463414634146,0.08130081300813008,-0.8455284552845529,0.2764227642276423,-0.8861788617886179,0.43089430894308944,-0.8536585365853658
o,0.0,0.0,0.27419354838709675,-0.20161290322580644,0.4032258064516129,-0.4435483870967742,0.5241935483870968,-0.6129032258064516,0.5483870967741935,-0.7983870967741935,0.08870967741935484,-0.7016129032258065,0.16129032258064516,-0.9435483870967742,0.3548387096774194,-0.9274193548387096,0.49193548387096775,-0.8548387096774194,0.008064516129032258,-0.7096774193548387,0.11290322580645161,-1.0,0.3387096774193548,-0.9758064516129032,0.49193548387096775,-0.8629032258064516,-0.056451612903225805,-0.6935483870967742,0.06451612903225806,-0.9919354838709677,0.3064516129032258,-0.967741935483871,0.46774193548387094,-0.8709677419354839,-0.08870967741935484,-0.6370967741935484,0.06451612903225806,-0.8467741935483871,0.2661290322580645,-0.8870967741935484,0.41935483870967744,-0.8548387096774194
o,0.0,0.0,0.2926829268292683,-0.2032520325203252,0.42276422764227645,-0.43089430894308944,0.5447154471544715,-0.6097560975609756,0.5691056910569106,-0.7886178861788617,0.10569105691056911,-0.6910569105691057,0.18699186991869918,-0.9349593495934959,0.3821138211382114,-0.9186991869918699,0.5121951219512195,-0.8536585365853658,0.016260162601626018,-0.6991869918699187,0.12195121951219512,-1.0,0.34959349593495936,-0.967479674796748,0.5040650406504065,-0.8617886178861789,-0.04065040650406504,-0.6829268292682927,0.07317073170731707,-0.991869918699187,0.3170731707317073,-0.975609756097561,0.4878048780487805,-0.8699186991869918,-0.07317073170731707,-0.6422764227642277,0.08130081300813008,-0.8536585365853658,0.2764227642276423,-0.8861788617886179,0.43902439024390244,-0.8455284552845529
o,0.0,0.0,0.319672131147541,-0.19672131147540983,0.45081967213114754,-0.4344262295081967,0.5655737704918032,-0.6065573770491803,0.5983606557377049,-0.7868852459016393,0.13934426229508196,-0.6885245901639344,0.22131147540983606,-0.9344262295081968,0.4098360655737705,-0.9180327868852459,0.5409836065573771,-0.8442622950819673,0.05737704918032787,-0.6967213114754098,0.1557377049180328,-1.0,0.38524590163934425,-0.9672131147540983,0.5409836065573771,-0.8442622950819673,-0.00819672131147541,-0.6885245901639344,0.09836065573770492,-1.0,0.3442622950819672,-0.9754098360655737,0.5163934426229508,-0.8688524590163934,-0.040983606557377046,-0.6475409836065574,0.10655737704918032,-0.860655737704918,0.30327868852459017,-0.8934426229508197,0.45901639344262296,-0.8524590163934426
o,0.0,0.0,0.2926829268292683,-0.18699186991869918,0.42276422764227645,-0.4146341463414634,0.5528455284552846,-0.5772357723577236,0.5853658536585366,-0.7560975609756098,0.0975609756097561,-0.6910569105691057,0.2032520325203252,-0.9186991869918699,0.3902439024390244,-0.9024390243902439,0.5121951219512195,-0.8211382113821138,0.016260162601626018,-0.6991869918699187,0.14634146341463414,-0.991869918699187,0.37398373983739835,-0.9512195121951219,0.5203252032520326,-0.8373983739837398,-0.04065040650406504,-0.6910569105691057,0.08943089430894309,-1.0,0.3333333333333333,-0.967479674796748,0.4959349593495935,-0.8536585365853658,-0.07317073170731707,-0.6504065040650406,0.0975609756097561,-0.8617886178861789,0.3008130081300813,-0.8861788617886179,0.45528455284552843,-0.8455284552845529
o,0.0,0.0,0.2926829268292683,-0.17073170731707318,0.43902439024390244,-0.3983739837398374,0.5691056910569106,-0.5528455284552846,0.5853658536585366,-0.7317073170731707,0.18699186991869918,-0.6666666666666666,0.2764227642276423,-0.8780487804878049,0.43902439024390244,-0.8455284552845529,0.5528455284552846,-0.7642276422764228,0.10569105691056911,-0.6910569105691057,0.17886178861788618,-0.975609756097561,0.3821138211382114,-0.943089430894309,0.5121951219512195,-0.8211382113821138,0.024390243902439025,-0.6910569105691057,0.11382113821138211,-1.0,0.3252032520325203,-0.975609756097561,0.4715447154471545,-0.8536585365853658,-0.04065040650406504,-0.6666666666666666,0.08130081300813008,-0.8780487804878049,0.2682926829268293,-0.9024390243902439,0.42276422764227645,-0.8455284552845529
o,0.0,0.0,0.2926829268292683,-0.14634146341463414,0.45528455284552843,-0.36585365853658536,0.5772357723577236,-0.5203252032520326,0.6016260162601627,-0.6747967479674797,0.1951219512195122,-0.6666666666666666,0.3170731707317073,-0.8536585365853658,0.4796747967479675,-0.8130081300813008,0.5934959349593496,-0.7154471544715447,0.11382113821138211,-0.6991869918699187,0.21138211382113822,-0.959349593495935,0.4146341463414634,-0.9186991869918699,0.5447154471544715,-0.7804878048780488,0.032520325203252036,-0.6991869918699187,0.12195121951219512,-1.0,0.3333333333333333,-0.967479674796748,0.4796747967479675,-0.8373983739837398,-0.04065040650406504,-0.6666666666666666,0.08130081300813008,-0.8861788617886179,0.2601626016260163,-0.9024390243902439,0.42276422764227645,-0.8373983739837398
o,0.0,0.0,0.2916666666666667,-0.14166666666666666,0.4666666666666667,-0.3416666666666667,0.5916666666666667,-0.5,0.625,-0.6666666666666666,0.21666666666666667,-0.6583333333333333,0.3416666666666667,-0.85,0.5083333333333333,-0.8166666666666667,0.6083333333333333,-0.725,0.13333333333333333,-0.6916666666666667,0.25,-0.9583333333333334,0.44166666666666665,-0.9166666666666666,0.5666666666666667,-0.7833333333333333,0.05,-0.7,0.15,-1.0,0.35833333333333334,-0.9666666666666667,0.49166666666666664,-0.8416666666666667,-0.025,-0.6833333333333333,0.09166666666666666,-0.9166666666666666,0.26666666666666666,-0.9333333333333333,0.425,-0.8666666666666667
o,0.0,0.0,0.3025210084033613,-0.13445378151260504,0.48739495798319327,-0.3277310924369748,0.6302521008403361,-0.4789915966386555,0.6470588235294118,-0.6638655462184874,0.25210084033613445,-0.6554621848739496,0.3697478991596639,-0.8403361344537815,0.5294117647058824,-0.7983193277310925,0.6470588235294118,-0.7058823529411765,0.17647058823529413,-0.6974789915966386,0.29411764705882354,-0.957983193277311,0.48739495798319327,-0.8991596638655462,0.5966386554621849,-0.7563025210084033,0.08403361344537816,-0.7058823529411765,0.19327731092436976,-1.0,0.3949579831932773,-0.957983193277311,0.5294117647058824,-0.8151260504201681,-0.008403361344537815,-0.6890756302521008,0.1092436974789916,-0.9159663865546218,0.29411764705882354,-0.9411764705882353,0.453781512605042,-0.8823529411764706
o,0.0,0.0,0.3162393162393162,-0.11965811965811966,0.5042735042735043,-0.3076923076923077,0.6581196581196581,-0.46153846153846156,0.6752136752136753,-0.6495726495726496,0.2564102564102564,-0.6410256410256411,0.39316239316239315,-0.8290598290598291,0.5555555555555556,-0.8034188034188035,0.6666666666666666,-0.717948717948718,0.1794871794871795,-0.6837606837606838,0.3162393162393162,-0.9401709401709402,0.5128205128205128,-0.8888888888888888,0.6324786324786325,-0.7435897435897436,0.09401709401709402,-0.7094017094017094,0.2222222222222222,-1.0,0.42735042735042733,-0.9487179487179487,0.5641025641025641,-0.811965811965812,0.0,-0.6923076923076923,0.1282051282051282,-0.9230769230769231,0.3076923076923077,-0.9572649572649573,0.4700854700854701,-0.905982905982906
o,0.0,0.0,0.3217391304347826,-0.10434782608695652,0.5304347826086957,-0.30434782608695654,0.6782608695652174,-0.48695652173913045,0.6869565217391305,-0.6695652173913044,0.3130434782608696,-0.6434782608695652,0.4434782608695652,-0.8260869565217391,0.6086956521739131,-0.782608695652174,0.7217391304347827,-0.6869565217391305,0.22608695652173913,-0.6869565217391305,0.3826086956521739,-0.9391304347826087,0.5652173913043478,-0.8695652173913043,0.6695652173913044,-0.7304347826086957,0.13043478260869565,-0.7130434782608696,0.26956521739130435,-1.0,0.4608695652173913,-0.9478260869565217,0.5739130434782609,-0.8173913043478261,0.017391304347826087,-0.7130434782608696,0.1391304347826087,-0.9391304347826087,0.3217391304347826,-0.9739130434782609,0.4782608695652174,-0.9304347826086956
o,0.0,0.0,0.3333333333333333,-0.10526315789473684,0.543859649122807,-0.2982456140350877,0.6929824561403509,-0.47368421052631576,0.6929824561403509,-0.6666666666666666,0.3333333333333333,-0.6403508771929824,0.4649122807017544,-0.8421052631578947,0.6228070175438597,-0.7982456140350878,0.7280701754385965,-0.7017543859649122,0.24561403508771928,-0.6842105263157895,0.40350877192982454,-0.9473684210526315,0.5789473684210527,-0.8771929824561403,0.6754385964912281,-0.7368421052631579,0.14912280701754385,-0.7105263157894737,0.2894736842105263,-1.0,0.47368421052631576,-0.9473684210526315,0.5964912280701754,-0.8070175438596491,0.03508771929824561,-0.7105263157894737,0.15789473684210525,-0.9473684210526315,0.3333333333333333,-0.9824561403508771,0.49122807017543857,-0.9298245614035088
o,0.0,0.0,0.336283185840708,-0.07964601769911504,0.5663716814159292,-0.2743362831858407,0.7256637168141593,-0.45132743362831856,0.7256637168141593,-0.6371681415929203,0.35398230088495575,-0.6371681415929203,0.48672566371681414,-0.8230088495575221,0.6460176991150443,-0.7787610619469026,0.7522123893805309,-0.6814159292035398,0.26548672566371684,-0.6814159292035398,0.4336283185840708,-0.9292035398230089,0.6106194690265486,-0.8584070796460177,0.7079646017699115,-0.7256637168141593,0.168141592920354,-0.7168141592920354,0.3185840707964602,-1.0,0.504424778761062,-0.9469026548672567,0.6194690265486725,-0.8053097345132744,0.05309734513274336,-0.7256637168141593,0.17699115044247787,-0.9646017699115044,0.35398230088495575,-1.0,0.504424778761062,-0.9557522123893806
o,0.0,0.0,0.35135135135135137,-0.08108108108108109,0.5945945945945946,-0.26126126126126126,0.7567567567567568,-0.44144144144144143,0.7657657657657657,-0.6396396396396397,0.40540540540540543,-0.6216216216216216,0.5495495495495496,-0.8198198198198198,0.6936936936936937,-0.7747747747747747,0.7837837837837838,-0.6846846846846847,0.3153153153153153,-0.6846846846846847,0.5045045045045045,-0.9279279279279279,0.6666666666666666,-0.8558558558558559,0.7477477477477478,-0.7117117117117117,0.21621621621621623,-0.7207207207207207,0.38738738738738737,-0.972972972972973,0.5675675675675675,-0.9099099099099099,0.6756756756756757,-0.7657657657657657,0.08108108108108109,-0.7477477477477478,0.2072072072072072,-0.972972972972973,0.38738738738738737,-1.0,0.5315315315315315,-0.954954954954955
o,0.0,0.0,0.3486238532110092,-0.05504587155963303,0.6146788990825688,-0.21100917431192662,0.7981651376146789,-0.3853211009174312,0.8256880733944955,-0.5871559633027523,0.45871559633027525,-0.6055045871559633,0.6055045871559633,-0.8073394495412844,0.7522935779816514,-0.7706422018348624,0.8348623853211009,-0.6880733944954128,0.3669724770642202,-0.6605504587155964,0.5596330275229358,-0.908256880733945,0.7247706422018348,-0.8440366972477065,0.7981651376146789,-0.7155963302752294,0.25688073394495414,-0.7064220183486238,0.44954128440366975,-0.9541284403669725,0.6238532110091743,-0.8990825688073395,0.7247706422018348,-0.7522935779816514,0.11926605504587157,-0.7431192660550459,0.26605504587155965,-0.963302752293578,0.44036697247706424,-1.0,0.5779816513761468,-0.9541284403669725
p,0.0,0.0,0.08333333333333333,-0.2222222222222222,0.034722222222222224,-0.4652777777777778,-0.08333333333333333,-0.6180555555555556,-0.1875,-0.7291666666666666,-0.041666666666666664,-0.5555555555555556,-0.11805555555555555,-0.7638888888888888,-0.1597222222222222,-0.8819444444444444,-0.20833333333333334,-1.0,-0.1527777777777778,-0.4861111111111111,-0.2847222222222222,-0.6319444444444444,-0.3888888888888889,-0.7361111111111112,-0.4930555555555556,-0.8263888888888888,-0.2361111111111111,-0.3819444444444444,-0.2847222222222222,-0.4513888888888889,-0.1527777777777778,-0.3263888888888889,-0.06944444444444445,-0.2361111111111111,-0.2916666666666667,-0.2638888888888889,-0.3125,-0.3263888888888889,-0.2152777777777778,-0.24305555555555555,-0.13194444444444445,-0.1736111111111111
p,0.0,0.0,0.047244094488188976,-0.25984251968503935,-0.06299212598425197,-0.4881889763779528,-0.23622047244094488,-0.6220472440944882,-0.3779527559055118,-0.7007874015748031,-0.1732283464566929,-0.5826771653543307,-0.33070866141732286,-0.7716535433070866,-0.4251968503937008,-0.889763779527559,-0.5118110236220472,-1.0,-0.28346456692913385,-0.47244094488188976,-0.48031496062992124,-0.5748031496062992,-0.6299212598425197,-0.6535433070866141,-0.7716535433070866,-0.7244094488188977,-0.33858267716535434,-0.3464566929133858,-0.4094488188976378,-0.36220472440944884,-0.25196850393700787,-0.2755905511811024,-0.12598425196850394,-0.2047244094488189,-0.3543307086614173,-0.2047244094488189,-0.3937007874015748,-0.2047244094488189,-0.2755905511811024,-0.15748031496062992,-0.15748031496062992,-0.12598425196850394
p,0.0,0.0,0.042735042735042736,-0.26495726495726496,-0.08547008547008547,-0.49572649572649574,-0.2905982905982906,-0.6153846153846154,-0.4444444444444444,-0.7008547008547008,-0.21367521367521367,-0.5811965811965812,-0.38461538461538464,-0.7777777777777778,-0.49572649572649574,-0.8888888888888888,-0.6068376068376068,-1.0,-0.3247863247863248,-0.4700854700854701,-0.5384615384615384,-0.5641025641025641,-0.7094017094017094,-0.6324786324786325,-0.8632478632478633,-0.6923076923076923,-0.37606837606837606,-0.3333333333333333,-0.4444444444444444,-0.3418803418803419,-0.27350427350427353,-0.2564102564102564,-0.13675213675213677,-0.19658119658119658,-0.38461538461538464,-0.1794871794871795,-0.4188034188034188,-0.1794871794871795,-0.2905982905982906,-0.1282051282051282,-0.17094017094017094,-0.1111111111111111
p,0.0,0.0,0.05172413793103448,-0.2672413793103448,-0.06896551724137931,-0.5,-0.2672413793103448,-0.6293103448275862,-0.41379310344827586,-0.7068965517241379,-0.20689655172413793,-0.6120689655172413,-0.3879310344827586,-0.7931034482758621,-0.5,-0.896551724137931,-0.5948275862068966,-1.0,-0.31896551724137934,-0.49137931034482757,-0.5172413793103449,-0.5775862068965517,-0.6810344827586207,-0.646551724137931,-0.8362068965517241,-0.7068965517241379,-0.3793103448275862,-0.35344827586206895,-0.4396551724137931,-0.3448275862068966,-0.2672413793103448,-0.25862068965517243,-0.1206896551724138,-0.20689655172413793,-0.3879310344827586,-0.19827586206896552,-0.41379310344827586,-0.1810344827586207,-0.27586206896551724,-0.12931034482758622,-0.14655172413793102,-0.10344827586206896
p,0.0,0.0,0.03418803418803419,-0.26495726495726496,-0.09401709401709402,-0.49572649572649574,-0.28205128205128205,-0.6324786324786325,-0.4358974358974359,-0.7094017094017094,-0.21367521367521367,-0.6153846153846154,-0.4017094017094017,-0.7948717948717948,-0.5128205128205128,-0.8974358974358975,-0.6153846153846154,-1.0,-0.3247863247863248,-0.49572649572649574,-0.5299145299145299,-0.5897435897435898,-0.6923076923076923,-0.6410256410256411,-0.8461538461538461,-0.6837606837606838,-0.37606837606837606,-0.358974358974359,-0.452991452991453,-0.358974358974359,-0.27350427350427353,-0.27350427350427353,-0.13675213675213677,-0.21367521367521367,-0.39316239316239315,-0.20512820512820512,-0.42735042735042733,-0.18803418803418803,-0.2905982905982906,-0.1282051282051282,-0.1623931623931624,-0.1111111111111111
p,0.0,0.0,0.05172413793103448,-0.2672413793103448,-0.06896551724137931,-0.5,-0.2672413793103448,-0.6293103448275862,-0.41379310344827586,-0.7068965517241379,-0.1896551724137931,-0.6120689655172413,-0.3793103448275862,-0.7931034482758621,-0.49137931034482757,-0.896551724137931,-0.603448275862069,-1.0,-0.29310344827586204,-0.49137931034482757,-0.5086206896551724,-0.5775862068965517,-0.6724137931034483,-0.6293103448275862,-0.8189655172413793,-0.6637931034482759,-0.35344827586206895,-0.35344827586206895,-0.4224137931034483,-0.3620689655172414,-0.25862068965517243,-0.27586206896551724,-0.1206896551724138,-0.22413793103448276,-0.3706896551724138,-0.20689655172413793,-0.4051724137931034,-0.20689655172413793,-0.2672413793103448,-0.15517241379310345,-0.13793103448275862,-0.12931034482758622
p,0.0,0.0,0.03571428571428571,-0.26785714285714285,-0.08928571428571429,-0.5,-0.29464285714285715,-0.625,-0.44642857142857145,-0.7142857142857143,-0.22321428571428573,-0.6071428571428571,-0.4107142857142857,-0.7946428571428571,-0.5178571428571429,-0.9017857142857143,-0.6339285714285714,-1.0,-0.32142857142857145,-0.48214285714285715,-0.5446428571428571,-0.5714285714285714,-0.7142857142857143,-0.625,-0.8660714285714286,-0.6785714285714286,-0.375,-0.3392857142857143,-0.44642857142857145,-0.3482142857142857,-0.25892857142857145,-0.25892857142857145,-0.125,-0.20535714285714285,-0.38392857142857145,-0.1875,-0.41964285714285715,-0.1875,-0.2857142857142857,-0.13392857142857142,-0.16071428571428573,-0.11607142857142858
p,0.0,0.0,0.05309734513274336,-0.2743362831858407,-0.07079646017699115,-0.504424778761062,-0.2743362831858407,-0.6283185840707964,-0.4336283185840708,-0.7079646017699115,-0.19469026548672566,-0.6017699115044248,-0.3893805309734513,-0.7876106194690266,-0.504424778761062,-0.8938053097345132,-0.6106194690265486,-1.0,-0.3008849557522124,-0.48672566371681414,-0.5221238938053098,-0.584070796460177,-0.6991150442477876,-0.6371681415929203,-0.8584070796460177,-0.6902654867256637,-0.35398230088495575,-0.34513274336283184,-0.4424778761061947,-0.37168141592920356,-0.2743362831858407,-0.2920353982300885,-0.13274336283185842,-0.23893805309734514,-0.36283185840707965,-0.18584070796460178,-0.415929203539823,-0.20353982300884957,-0.2920353982300885,-0.1504424778761062,-0.1592920353982301,-0.12389380530973451
p,0.0,0.0,0.04504504504504504,-0.2702702702702703,-0.08108108108108109,-0.5045045045045045,-0.2882882882882883,-0.6216216216216216,-0.45045045045045046,-0.7027027027027027,-0.2072072072072072,-0.6126126126126126,-0.3963963963963964,-0.7927927927927928,-0.5135135135135135,-0.9009009009009009,-0.6216216216216216,-1.0,-0.3063063063063063,-0.4864864864864865,-0.5405405405405406,-0.5675675675675675,-0.7117117117117117,-0.6306306306306306,-0.8738738738738738,-0.6846846846846847,-0.36036036036036034,-0.3333333333333333,-0.45045045045045046,-0.35135135135135137,-0.2702702702702703,-0.2702702702702703,-0.13513513513513514,-0.21621621621621623,-0.36036036036036034,-0.18018018018018017,-0.4144144144144144,-0.1891891891891892,-0.27927927927927926,-0.13513513513513514,-0.15315315315315314,-0.10810810810810811
p,0.0,0.0,0.05309734513274336,-0.2743362831858407,-0.07079646017699115,-0.504424778761062,-0.26548672566371684,-0.6283185840707964,-0.4247787610619469,-0.7079646017699115,-0.19469026548672566,-0.6283185840707964,-0.3893805309734513,-0.8053097345132744,-0.504424778761062,-0.9026548672566371,-0.6194690265486725,-1.0,-0.3008849557522124,-0.504424778761062,-0.5309734513274337,-0.5929203539823009,-0.7079646017699115,-0.6460176991150443,-0.8584070796460177,-0.6902654867256637,-0.35398230088495575,-0.36283185840707965,-0.4336283185840708,-0.37168141592920356,-0.26548672566371684,-0.2831858407079646,-0.12389380530973451,-0.23008849557522124,-0.35398230088495575,-0.20353982300884957,-0.40707964601769914,-0.20353982300884957,-0.2743362831858407,-0.1504424778761062,-0.1415929203539823,-0.13274336283185842
p,0.0,0.0,0.05405405405405406,-0.27927927927927926,-0.08108108108108109,-0.5135135135135135,-0.2882882882882883,-0.6306306306306306,-0.45045045045045046,-0.7117117117117117,-0.1981981981981982,-0.6216216216216216,-0.40540540540540543,-0.7927927927927928,-0.5315315315315315,-0.9009009009009009,-0.6486486486486487,-1.0,-0.3063063063063063,-0.4954954954954955,-0.5495495495495496,-0.5765765765765766,-0.7297297297297297,-0.6306306306306306,-0.8918918918918919,-0.6756756756756757,-0.35135135135135137,-0.35135135135135137,-0.4594594594594595,-0.36036036036036034,-0.27927927927927926,-0.2702702702702703,-0.13513513513513514,-0.22522522522522523,-0.35135135135135137,-0.1891891891891892,-0.4144144144144144,-0.1891891891891892,-0.27927927927927926,-0.14414414414414414,-0.15315315315315314,-0.11711711711711711
p,0.0,0.0,0.05555555555555555,-0.2777777777777778,-0.09259259259259259,-0.5185185185185185,-0.3055555555555556,-0.6388888888888888,-0.4722222222222222,-0.7222222222222222,-0.21296296296296297,-0.6111111111111112,-0.42592592592592593,-0.7962962962962963,-0.5555555555555556,-0.8981481481481481,-0.6759259259259259,-1.0,-0.32407407407407407,-0.49074074074074076,-0.5740740740740741,-0.5740740740740741,-0.7592592592592593,-0.6388888888888888,-0.9259259259259259,-0.6944444444444444,-0.37037037037037035,-0.3425925925925926,-0.46296296296296297,-0.3611111111111111,-0.28703703703703703,-0.2777777777777778,-0.14814814814814814,-0.2222222222222222,-0.37037037037037035,-0.18518518518518517,-0.42592592592592593,-0.19444444444444445,-0.2962962962962963,-0.1574074074074074,-0.1574074074074074,-0.1388888888888889
p,0.0,0.0,0.05660377358490566,-0.29245283018867924,-0.10377358490566038,-0.5283018867924528,-0.32075471698113206,-0.6509433962264151,-0.5,-0.7169811320754716,-0.2358490566037736,-0.6320754716981132,-0.46226415094339623,-0.8113207547169812,-0.5943396226415094,-0.9056603773584906,-0.7264150943396226,-1.0,-0.330188679245283,-0.5094339622641509,-0.5943396226415094,-0.5754716981132075,-0.7830188679245284,-0.6226415094339622,-0.9622641509433962,-0.6698113207547169,-0.37735849056603776,-0.3490566037735849,-0.4811320754716981,-0.3584905660377358,-0.3018867924528302,-0.2830188679245283,-0.16037735849056603,-0.2358490566037736,-0.37735849056603776,-0.19811320754716982,-0.44339622641509435,-0.20754716981132076,-0.3113207547169811,-0.16981132075471697,-0.16981132075471697,-0.1509433962264151
p,0.0,0.0,0.05714285714285714,-0.3047619047619048,-0.10476190476190476,-0.5523809523809524,-0.3333333333333333,-0.6571428571428571,-0.5238095238095238,-0.6857142857142857,-0.23809523809523808,-0.6571428571428571,-0.4666666666666667,-0.8285714285714286,-0.6190476190476191,-0.9047619047619048,-0.7619047619047619,-0.9809523809523809,-0.3333333333333333,-0.5238095238095238,-0.6095238095238096,-0.580952380952381,-0.8095238095238095,-0.6190476190476191,-1.0,-0.6476190476190476,-0.37142857142857144,-0.37142857142857144,-0.49523809523809526,-0.37142857142857144,-0.3142857142857143,-0.29523809523809524,-0.1523809523809524,-0.24761904761904763,-0.37142857142857144,-0.20952380952380953,-0.45714285714285713,-0.20952380952380953,-0.3142857142857143,-0.1619047619047619,-0.1619047619047619,-0.1523809523809524
p,0.0,0.0,0.05825242718446602,-0.30097087378640774,-0.0970873786407767,-0.5339805825242718,-0.3300970873786408,-0.6310679611650486,-0.5145631067961165,-0.6504854368932039,-0.24271844660194175,-0.6310679611650486,-0.4854368932038835,-0.7961165048543689,-0.6213592233009708,-0.8737864077669902,-0.7669902912621359,-0.941747572815534,-0.34951456310679613,-0.49514563106796117,-0.6116504854368932,-0.5436893203883495,-0.8155339805825242,-0.5825242718446602,-1.0,-0.6213592233009708,-0.3883495145631068,-0.33980582524271846,-0.4854368932038835,-0.33980582524271846,-0.2912621359223301,-0.27184466019417475,-0.13592233009708737,-0.23300970873786409,-0.3786407766990291,-0.17475728155339806,-0.42718446601941745,-0.17475728155339806,-0.2912621359223301,-0.13592233009708737,-0.14563106796116504,-0.1262135922330097
p,0.0,0.0,0.057692307692307696,-0.2980769230769231,-0.09615384615384616,-0.5384615384615384,-0.3269230769230769,-0.6346153846153846,-0.5192307692307693,-0.6538461538461539,-0.2403846153846154,-0.6442307692307693,-0.4807692307692308,-0.8076923076923077,-0.625,-0.875,-0.7788461538461539,-0.9519230769230769,-0.33653846153846156,-0.5096153846153846,-0.6153846153846154,-0.5576923076923077,-0.8173076923076923,-0.5961538461538461,-1.0,-0.6346153846153846,-0.38461538461538464,-0.34615384615384615,-0.4807692307692308,-0.34615384615384615,-0.2980769230769231,-0.27884615384615385,-0.14423076923076922,-0.25,-0.375,-0.19230769230769232,-0.4326923076923077,-0.19230769230769232,-0.28846153846153844,-0.15384615384615385,-0.14423076923076922,-0.14423076923076922
p,0.0,0.0,0.09,-0.3,-0.06,-0.57,-0.3,-0.69,-0.5,-0.72,-0.18,-0.7,-0.44,-0.87,-0.61,-0.93,-0.78,-1.0,-0.29,-0.57,-0.57,-0.63,-0.8,-0.66,-0.98,-0.7,-0.36,-0.41,-0.47,-0.39,-0.31,-0.3,-0.15,-0.27,-0.37,-0.24,-0.42,-0.22,-0.26,-0.18,-0.1,-0.17
p,0.0,0.0,0.0891089108910891,-0.297029702970297,-0.04950495049504951,-0.5544554455445545,-0.297029702970297,-0.6633663366336634,-0.49504950495049505,-0.6831683168316832,-0.18811881188118812,-0.6534653465346535,-0.43564356435643564,-0.8316831683168316,-0.594059405940594,-0.9108910891089109,-0.7524752475247525,-1.0,-0.2871287128712871,-0.5346534653465347,-0.5742574257425742,-0.594059405940594,-0.7920792079207921,-0.6336633663366337,-0.9900990099009901,-0.7029702970297029,-0.3465346534653465,-0.38613861386138615,-0.46534653465346537,-0.3465346534653465,-0.297029702970297,-0.27722772277227725,-0.15841584158415842,-0.25742574257425743,-0.3465346534653465,-0.21782178217821782,-0.40594059405940597,-0.19801980198019803,-0.25742574257425743,-0.16831683168316833,-0.09900990099009901,-0.16831683168316833
p,0.0,0.0,0.08163265306122448,-0.29591836734693877,-0.08163265306122448,-0.5510204081632653,-0.32653061224489793,-0.6632653061224489,-0.5306122448979592,-0.6938775510204082,-0.21428571428571427,-0.6530612244897959,-0.46938775510204084,-0.826530612244898,-0.6428571428571429,-0.9183673469387755,-0.7959183673469388,-1.0,-0.3163265306122449,-0.5204081632653061,-0.6020408163265306,-0.5816326530612245,-0.8163265306122449,-0.6224489795918368,-1.0,-0.673469387755102,-0.3673469387755102,-0.3673469387755102,-0.47959183673469385,-0.336734693877551,-0.30612244897959184,-0.25510204081632654,-0.16326530612244897,-0.22448979591836735,-0.3673469387755102,-0.21428571428571427,-0.41836734693877553,-0.17346938775510204,-0.2653061224489796,-0.14285714285714285,-0.11224489795918367,-0.1326530612244898
p,0.0,0.0,0.06796116504854369,-0.32038834951456313,-0.08737864077669903,-0.5728155339805825,-0.3106796116504854,-0.6796116504854369,-0.5048543689320388,-0.7087378640776699,-0.21359223300970873,-0.6601941747572816,-0.4368932038834951,-0.8349514563106796,-0.5922330097087378,-0.9223300970873787,-0.7475728155339806,-1.0,-0.3106796116504854,-0.5242718446601942,-0.5825242718446602,-0.5728155339805825,-0.7961165048543689,-0.6116504854368932,-0.9805825242718447,-0.6504854368932039,-0.34951456310679613,-0.3592233009708738,-0.47572815533980584,-0.34951456310679613,-0.3106796116504854,-0.2912621359223301,-0.1650485436893204,-0.27184466019417475,-0.33980582524271846,-0.1941747572815534,-0.4077669902912621,-0.18446601941747573,-0.27184466019417475,-0.1553398058252427,-0.1262135922330097,-0.1553398058252427
q,0.0,0.0,0.10144927536231885,-0.11594202898550725,-0.014492753623188406,-0.21739130434782608,-0.391304347826087,-0.14492753623188406,-0.6956521739130435,-0.08695652173913043,-0.014492753623188406,-0.8840579710144928,-0.391304347826087,-0.8840579710144928,-0.7536231884057971,-0.7971014492753623,-1.0,-0.6811594202898551,-0.21739130434782608,-0.8405797101449275,-0.5942028985507246,-0.5942028985507246,-0.6521739130434783,-0.3333333333333333,-0.6086956521739131,-0.15942028985507245,-0.37681159420289856,-0.7391304347826086,-0.6521739130434783,-0.463768115942029,-0.4927536231884058,-0.2608695652173913,-0.3188405797101449,-0.15942028985507245,-0.4782608695652174,-0.6086956521739131,-0.6666666666666666,-0.391304347826087,-0.6086956521739131,-0.21739130434782608,-0.5362318840579711,-0.13043478260869565
q,0.0,0.0,0.09302325581395349,-0.06976744186046512,-0.023255813953488372,-0.12790697674418605,-0.29069767441860467,0.0,-0.4883720930232558,0.10465116279069768,-0.2441860465116279,-0.6395348837209303,-0.5697674418604651,-0.5232558139534884,-0.8255813953488372,-0.43023255813953487,-1.0,-0.37209302325581395,-0.37209302325581395,-0.6046511627906976,-0.6046511627906976,-0.29069767441860467,-0.5,-0.10465116279069768,-0.36046511627906974,0.011627906976744186,-0.46511627906976744,-0.5116279069767442,-0.6046511627906976,-0.19767441860465115,-0.3953488372093023,-0.05813953488372093,-0.23255813953488372,-0.023255813953488372,-0.5232558139534884,-0.3953488372093023,-0.6046511627906976,-0.16279069767441862,-0.5,-0.023255813953488372,-0.4186046511627907,0.023255813953488372
q,0.0,0.0,0.08139534883720931,-0.046511627906976744,-0.03488372093023256,-0.08139534883720931,-0.313953488372093,0.046511627906976744,-0.5,0.13953488372093023,-0.20930232558139536,-0.5930232558139535,-0.5348837209302325,-0.46511627906976744,-0.8023255813953488,-0.37209302325581395,-1.0,-0.3023255813953488,-0.3372093023255814,-0.5697674418604651,-0.5697674418604651,-0.23255813953488372,-0.4883720930232558,-0.046511627906976744,-0.37209302325581395,0.046511627906976744,-0.4418604651162791,-0.47674418604651164,-0.5930232558139535,-0.1511627906976744,-0.3953488372093023,-0.011627906976744186,-0.2441860465116279,0.03488372093023256,-0.5,-0.37209302325581395,-0.5813953488372093,-0.12790697674418605,-0.47674418604651164,0.011627906976744186,-0.3953488372093023,0.05813953488372093
q,0.0,0.0,0.06593406593406594,-0.02197802197802198,-0.04395604395604396,-0.054945054945054944,-0.32967032967032966,0.07692307692307693,-0.5274725274725275,0.18681318681318682,-0.26373626373626374,-0.5494505494505495,-0.5824175824175825,-0.4065934065934066,-0.8241758241758241,-0.3076923076923077,-1.0,-0.24175824175824176,-0.38461538461538464,-0.5274725274725275,-0.5934065934065934,-0.1978021978021978,-0.4835164835164835,-0.02197802197802198,-0.3516483516483517,0.054945054945054944,-0.46153846153846156,-0.43956043956043955,-0.5934065934065934,-0.12087912087912088,-0.3956043956043956,0.0,-0.23076923076923078,0.03296703296703297,-0.5054945054945055,-0.32967032967032966,-0.5824175824175825,-0.08791208791208792,-0.4835164835164835,0.03296703296703297,-0.3956043956043956,0.08791208791208792
q,0.0,0.0,0.2777777777777778,0.09259259259259259,0.2222222222222222,0.14814814814814814,-0.2777777777777778,0.3888888888888889,-0.6666666666666666,0.5185185185185185,0.12962962962962962,-0.48148148148148145,-0.2037037037037037,0.0,-0.6296296296296297,0.37037037037037035,-1.0,0.5925925925925926,-0.24074074074074073,-0.5185185185185185,-0.6111111111111112,-0.07407407407407407,-0.7222222222222222,0.05555555555555555,-0.7962962962962963,0.09259259259259259,-0.5185185185185185,-0.46296296296296297,-0.7592592592592593,0.018518518518518517,-0.5185185185185185,0.18518518518518517,-0.3148148148148148,0.18518518518518517,-0.7222222222222222,-0.3333333333333333,-0.8518518518518519,0.07407407407407407,-0.7222222222222222,0.2962962962962963,-0.6296296296296297,0.42592592592592593
q,0.0,0.0,0.3137254901960784,0.17647058823529413,0.3137254901960784,0.3333333333333333,-0.23529411764705882,0.6470588235294118,-0.6274509803921569,0.8627450980392157,0.23529411764705882,-0.19607843137254902,-0.0392156862745098,0.37254901960784315,-0.47058823529411764,0.7647058823529411,-0.803921568627451,1.0,-0.17647058823529413,-0.27450980392156865,-0.5686274509803921,0.13725490196078433,-0.6862745098039216,0.17647058823529413,-0.7450980392156863,0.17647058823529413,-0.5098039215686274,-0.27450980392156865,-0.7843137254901961,0.19607843137254902,-0.5882352941176471,0.29411764705882354,-0.4117647058823529,0.27450980392156865,-0.7647058823529411,-0.21568627450980393,-0.9803921568627451,0.17647058823529413,-0.9607843137254902,0.37254901960784315,-0.9607843137254902,0.5294117647058824
q,0.0,0.0,0.24561403508771928,0.15789473684210525,0.19298245614035087,0.2807017543859649,-0.21052631578947367,0.5263157894736842,-0.5087719298245614,0.7719298245614035,0.24561403508771928,-0.17543859649122806,-0.03508771929824561,0.3333333333333333,-0.43859649122807015,0.631578947368421,-0.7719298245614035,0.8421052631578947,-0.08771929824561403,-0.24561403508771928,-0.49122807017543857,0.017543859649122806,-0.6140350877192983,0.08771929824561403,-0.7017543859649122,0.15789473684210525,-0.40350877192982454,-0.2807017543859649,-0.7192982456140351,0.07017543859649122,-0.6140350877192983,0.21052631578947367,-0.5087719298245614,0.2982456140350877,-0.6491228070175439,-0.24561403508771928,-0.9122807017543859,0.017543859649122806,-0.9473684210526315,0.17543859649122806,-1.0,0.2982456140350877
q,0.0,0.0,0.21875,0.0,0.15625,0.0,-0.296875,0.1875,-0.609375,0.3125,-0.0625,-0.625,-0.375,-0.421875,-0.734375,-0.25,-1.0,-0.125,-0.3125,-0.609375,-0.609375,-0.140625,-0.546875,0.078125,-0.4375,0.1875,-0.5,-0.5,-0.6875,-0.03125,-0.40625,0.109375,-0.203125,0.125,-0.625,-0.359375,-0.734375,-0.03125,-0.609375,0.15625,-0.515625,0.25
q,0.0,0.0,0.21333333333333335,-0.06666666666666667,0.17333333333333334,-0.13333333333333333,-0.17333333333333334,-0.013333333333333334,-0.44,0.09333333333333334,-0.09333333333333334,-0.72,-0.44,-0.6533333333333333,-0.76,-0.5733333333333334,-1.0,-0.48,-0.29333333333333333,-0.72,-0.56,-0.37333333333333335,-0.4533333333333333,-0.13333333333333333,-0.32,0.0,-0.44,-0.64,-0.6133333333333333,-0.29333333333333333,-0.3333333333333333,-0.10666666666666667,-0.12,-0.02666666666666667,-0.5333333333333333,-0.5333333333333333,-0.6533333333333333,-0.32,-0.5466666666666666,-0.14666666666666667,-0.4533333333333333,-0.05333333333333334
q,0.0,0.0,0.15384615384615385,-0.07692307692307693,0.08974358974358974,-0.16666666666666666,-0.21794871794871795,-0.07692307692307693,-0.47435897435897434,0.01282051282051282,-0.07692307692307693,-0.7435897435897436,-0.44871794871794873,-0.6923076923076923,-0.7692307692307693,-0.6282051282051282,-1.0,-0.5384615384615384,-0.23076923076923078,-0.7307692307692307,-0.5128205128205128,-0.41025641025641024,-0.4358974358974359,-0.19230769230769232,-0.32051282051282054,-0.038461538461538464,-0.358974358974359,-0.6410256410256411,-0.5512820512820513,-0.32051282051282054,-0.34615384615384615,-0.14102564102564102,-0.16666666666666666,-0.0641025641025641,-0.4358974358974359,-0.5384615384615384,-0.5641025641025641,-0.3076923076923077,-0.48717948717948717,-0.14102564102564102,-0.41025641025641024,-0.05128205128205128
q,0.0,0.0,0.18181818181818182,-0.1038961038961039,0.14285714285714285,-0.19480519480519481,-0.18181818181818182,-0.11688311688311688,-0.42857142857142855,0.0,-0.05194805194805195,-0.7792207792207793,-0.42857142857142855,-0.7012987012987013,-0.7532467532467533,-0.6363636363636364,-1.0,-0.5714285714285714,-0.23376623376623376,-0.7532467532467533,-0.5194805194805194,-0.42857142857142855,-0.42857142857142855,-0.2077922077922078,-0.3116883116883117,-0.03896103896103896,-0.37662337662337664,-0.6623376623376623,-0.5584415584415584,-0.35064935064935066,-0.3246753246753247,-0.15584415584415584,-0.12987012987012986,-0.05194805194805195,-0.45454545454545453,-0.5584415584415584,-0.5844155844155844,-0.36363636363636365,-0.5194805194805194,-0.2077922077922078,-0.45454545454545453,-0.11688311688311688
q,0.0,0.0,0.17721518987341772,-0.05063291139240506,0.13924050632911392,-0.10126582278481013,-0.17721518987341772,0.0,-0.4177215189873418,0.08860759493670886,-0.0759493670886076,-0.6582278481012658,-0.4430379746835443,-0.569620253164557,-0.759493670886076,-0.5063291139240507,-1.0,-0.4430379746835443,-0.26582278481012656,-0.6582278481012658,-0.5189873417721519,-0.3037974683544304,-0.4050632911392405,-0.11392405063291139,-0.25316455696202533,0.012658227848101266,-0.4050632911392405,-0.5822784810126582,-0.569620253164557,-0.24050632911392406,-0.31645569620253167,-0.08860759493670886,-0.11392405063291139,-0.012658227848101266,-0.4936708860759494,-0.4810126582278481,-0.6075949367088608,-0.27848101265822783,-0.5189873417721519,-0.12658227848101267,-0.45569620253164556,-0.02531645569620253
q,0.0,0.0,0.21333333333333335,-0.05333333333333334,0.18666666666666668,-0.10666666666666667,-0.13333333333333333,0.02666666666666667,-0.4,0.17333333333333334,-0.09333333333333334,-0.6666666666666666,-0.4266666666666667,-0.5466666666666666,-0.76,-0.4533333333333333,-1.0,-0.36,-0.29333333333333333,-0.64,-0.5333333333333333,-0.28,-0.44,-0.09333333333333334,-0.30666666666666664,0.013333333333333334,-0.44,-0.5333333333333333,-0.5733333333333334,-0.18666666666666668,-0.30666666666666664,-0.02666666666666667,-0.09333333333333334,0.04,-0.52,-0.4266666666666667,-0.6,-0.18666666666666668,-0.52,-0.02666666666666667,-0.4533333333333333,0.08
q,0.0,0.0,0.13636363636363635,0.0,0.09090909090909091,0.030303030303030304,-0.2878787878787879,0.19696969696969696,-0.6212121212121212,0.3939393939393939,0.045454545454545456,-0.5454545454545454,-0.2727272727272727,-0.30303030303030304,-0.6212121212121212,-0.12121212121212122,-0.9090909090909091,0.045454545454545456,-0.21212121212121213,-0.5606060606060606,-0.5454545454545454,-0.18181818181818182,-0.5454545454545454,0.030303030303030304,-0.5303030303030303,0.21212121212121213,-0.42424242424242425,-0.5151515151515151,-0.7121212121212122,-0.18181818181818182,-0.6060606060606061,-0.045454545454545456,-0.5,0.06060606060606061,-0.6060606060606061,-0.4393939393939394,-0.8636363636363636,-0.2727272727272727,-0.9393939393939394,-0.16666666666666666,-1.0,-0.07575757575757576
q,0.0,0.0,0.2459016393442623,0.0,0.19672131147540983,0.01639344262295082,-0.21311475409836064,0.21311475409836064,-0.5409836065573771,0.4426229508196721,0.08196721311475409,-0.5901639344262295,-0.2459016393442623,-0.36065573770491804,-0.6721311475409836,-0.16393442622950818,-1.0,0.0,-0.21311475409836064,-0.5901639344262295,-0.5737704918032787,-0.21311475409836064,-0.5737704918032787,-0.04918032786885246,-0.5245901639344263,0.09836065573770492,-0.45901639344262296,-0.5409836065573771,-0.7049180327868853,-0.14754098360655737,-0.5081967213114754,0.03278688524590164,-0.36065573770491804,0.14754098360655737,-0.639344262295082,-0.4426229508196721,-0.8524590163934426,-0.21311475409836064,-0.8524590163934426,-0.04918032786885246,-0.9016393442622951,0.08196721311475409
q,0.0,0.0,0.2982456140350877,0.05263157894736842,0.2807017543859649,0.12280701754385964,-0.21052631578947367,0.3508771929824561,-0.5964912280701754,0.5964912280701754,0.07017543859649122,-0.5263157894736842,-0.19298245614035087,-0.08771929824561403,-0.5087719298245614,0.2807017543859649,-0.7719298245614035,0.543859649122807,-0.2631578947368421,-0.5614035087719298,-0.5789473684210527,-0.07017543859649122,-0.5614035087719298,0.14035087719298245,-0.5087719298245614,0.2807017543859649,-0.5263157894736842,-0.543859649122807,-0.7368421052631579,-0.05263157894736842,-0.5263157894736842,0.10526315789473684,-0.3684210526315789,0.15789473684210525,-0.7017543859649122,-0.45614035087719296,-0.8947368421052632,-0.17543859649122806,-0.9298245614035088,0.0,-1.0,0.12280701754385964
q,0.0,0.0,0.3137254901960784,0.058823529411764705,0.3137254901960784,0.1568627450980392,-0.1568627450980392,0.43137254901960786,-0.5294117647058824,0.6666666666666666,0.1568627450980392,-0.5686274509803921,-0.17647058823529413,-0.13725490196078433,-0.6274509803921569,0.23529411764705882,-1.0,0.49019607843137253,-0.23529411764705882,-0.6274509803921569,-0.6274509803921569,-0.23529411764705882,-0.7647058823529411,-0.17647058823529413,-0.8235294117647058,-0.11764705882352941,-0.5490196078431373,-0.5686274509803921,-0.803921568627451,-0.058823529411764705,-0.5686274509803921,0.19607843137254902,-0.4117647058823529,0.37254901960784315,-0.7843137254901961,-0.47058823529411764,-1.0,-0.11764705882352941,-0.9803921568627451,0.0784313725490196,-1.0,0.23529411764705882
q,0.0,0.0,0.18181818181818182,-0.030303030303030304,0.15151515151515152,0.0,-0.21212121212121213,0.19696969696969696,-0.5151515151515151,0.42424242424242425,0.045454545454545456,-0.5606060606060606,-0.3333333333333333,-0.42424242424242425,-0.7121212121212122,-0.3181818181818182,-1.0,-0.19696969696969696,-0.21212121212121213,-0.5606060606060606,-0.5757575757575758,-0.24242424242424243,-0.6515151515151515,-0.06060606060606061,-0.6666666666666666,0.09090909090909091,-0.42424242424242425,-0.48484848484848486,-0.6818181818181818,-0.09090909090909091,-0.5303030303030303,0.13636363636363635,-0.42424242424242425,0.30303030303030304,-0.5909090909090909,-0.3939393939393939,-0.7878787878787878,-0.13636363636363635,-0.7727272727272727,0.030303030303030304,-0.7727272727272727,0.16666666666666666
q,0.0,0.0,0.2,-0.04285714285714286,0.14285714285714285,-0.04285714285714286,-0.22857142857142856,0.12857142857142856,-0.5,0.32857142857142857,-0.04285714285714286,-0.6285714285714286,-0.4142857142857143,-0.4,-0.7571428571428571,-0.24285714285714285,-1.0,-0.12857142857142856,-0.3,-0.6,-0.6,-0.22857142857142856,-0.6142857142857143,-0.07142857142857142,-0.5857142857142857,0.05714285714285714,-0.4857142857142857,-0.5,-0.6571428571428571,-0.12857142857142856,-0.44285714285714284,0.02857142857142857,-0.2714285714285714,0.11428571428571428,-0.6,-0.37142857142857144,-0.7428571428571429,-0.12857142857142856,-0.6714285714285714,0.04285714285714286,-0.6,0.17142857142857143
q,0.0,0.0,0.22413793103448276,0.05172413793103448,0.20689655172413793,0.1206896551724138,-0.1896551724137931,0.3620689655172414,-0.5172413793103449,0.603448275862069,0.06896551724137931,-0.5344827586206896,-0.27586206896551724,-0.1896551724137931,-0.6896551724137931,0.06896551724137931,-1.0,0.2413793103448276,-0.2413793103448276,-0.5689655172413793,-0.603448275862069,-0.13793103448275862,-0.6551724137931034,0.017241379310344827,-0.6724137931034483,0.13793103448275862,-0.5,-0.5,-0.7586206896551724,-0.034482758620689655,-0.5517241379310345,0.1896551724137931,-0.39655172413793105,0.29310344827586204,-0.7068965517241379,-0.39655172413793105,-0.9137931034482759,-0.08620689655172414,-0.8793103448275862,0.10344827586206896,-0.8620689655172413,0.25862068965517243
r,0.0,0.0,0.17032967032967034,-0.10989010989010989,0.24725274725274726,-0.3516483516483517,0.18681318681318682,-0.5274725274725275,0.07142857142857142,-0.6318681318681318,0.14285714285714285,-0.5494505494505495,0.13186813186813187,-0.7692307692307693,0.1043956043956044,-0.8956043956043956,0.08241758241758242,-1.0,0.03296703296703297,-0.5494505494505495,0.06593406593406594,-0.7967032967032966,0.13186813186813187,-0.8901098901098901,0.17032967032967034,-0.967032967032967,-0.07142857142857142,-0.510989010989011,-0.005494505494505495,-0.6868131868131868,0.054945054945054944,-0.5164835164835165,0.06593406593406594,-0.3791208791208791,-0.15384615384615385,-0.43956043956043955,-0.038461538461538464,-0.521978021978022,0.01098901098901099,-0.3956043956043956,0.016483516483516484,-0.2967032967032967
r,0.0,0.0,0.1657142857142857,-0.09714285714285714,0.2571428571428571,-0.32571428571428573,0.2,-0.5085714285714286,0.08571428571428572,-0.6171428571428571,0.16,-0.5314285714285715,0.14857142857142858,-0.7485714285714286,0.12,-0.8857142857142857,0.08571428571428572,-1.0,0.045714285714285714,-0.5371428571428571,0.09142857142857143,-0.7885714285714286,0.16,-0.9028571428571428,0.19428571428571428,-0.9828571428571429,-0.06285714285714286,-0.5028571428571429,0.005714285714285714,-0.68,0.06285714285714286,-0.5142857142857142,0.07428571428571429,-0.38285714285714284,-0.15428571428571428,-0.44,-0.04,-0.52,0.005714285714285714,-0.38857142857142857,0.005714285714285714,-0.2914285714285714
r,0.0,0.0,0.1744186046511628,-0.09883720930232558,0.2616279069767442,-0.3313953488372093,0.20930232558139536,-0.5058139534883721,0.09302325581395349,-0.622093023255814,0.1686046511627907,-0.5406976744186046,0.16279069767441862,-0.7558139534883721,0.13953488372093023,-0.8895348837209303,0.11046511627906977,-1.0,0.05232558139534884,-0.5465116279069767,0.10465116279069768,-0.7965116279069767,0.18604651162790697,-0.9069767441860465,0.22674418604651161,-0.9883720930232558,-0.05813953488372093,-0.5174418604651163,0.01744186046511628,-0.686046511627907,0.06976744186046512,-0.5116279069767442,0.06976744186046512,-0.37209302325581395,-0.1511627906976744,-0.4476744186046512,-0.03488372093023256,-0.5174418604651163,0.011627906976744186,-0.38953488372093026,0.011627906976744186,-0.29069767441860467
r,0.0,0.0,0.1791907514450867,-0.09826589595375723,0.2774566473988439,-0.32947976878612717,0.21965317919075145,-0.5202312138728323,0.10982658959537572,-0.6416184971098265,0.1907514450867052,-0.5433526011560693,0.1907514450867052,-0.7687861271676301,0.1676300578034682,-0.8959537572254336,0.1329479768786127,-1.0,0.07514450867052024,-0.5491329479768786,0.1329479768786127,-0.8034682080924855,0.21965317919075145,-0.8959537572254336,0.2774566473988439,-0.9595375722543352,-0.04046242774566474,-0.5202312138728323,0.03468208092485549,-0.6878612716763006,0.08670520231213873,-0.5144508670520231,0.09248554913294797,-0.37572254335260113,-0.1329479768786127,-0.45664739884393063,-0.017341040462427744,-0.5260115606936416,0.023121387283236993,-0.3930635838150289,0.017341040462427744,-0.2947976878612717
r,0.0,0.0,0.1834319526627219,-0.10650887573964497,0.2781065088757396,-0.33727810650887574,0.21301775147928995,-0.5384615384615384,0.11242603550295859,-0.6745562130177515,0.1893491124260355,-0.5562130177514792,0.1952662721893491,-0.7810650887573964,0.17751479289940827,-0.9171597633136095,0.14201183431952663,-1.0,0.07100591715976332,-0.5621301775147929,0.13609467455621302,-0.8106508875739645,0.23668639053254437,-0.8461538461538461,0.2958579881656805,-0.863905325443787,-0.04142011834319527,-0.5325443786982249,0.05325443786982249,-0.7041420118343196,0.10650887573964497,-0.5207100591715976,0.09467455621301775,-0.38461538461538464,-0.14792899408284024,-0.46745562130177515,-0.01775147928994083,-0.5562130177514792,0.023668639053254437,-0.41420118343195267,0.011834319526627219,-0.3076923076923077
r,0.0,0.0,0.1927710843373494,-0.10843373493975904,0.2891566265060241,-0.3433734939759036,0.23493975903614459,-0.5481927710843374,0.13855421686746988,-0.6867469879518072,0.20481927710843373,-0.5662650602409639,0.21686746987951808,-0.7951807228915663,0.21084337349397592,-0.9216867469879518,0.18072289156626506,-1.0,0.08433734939759036,-0.5662650602409639,0.1566265060240964,-0.8313253012048193,0.25301204819277107,-0.8373493975903614,0.30120481927710846,-0.8313253012048193,-0.03614457831325301,-0.5421686746987951,0.06626506024096386,-0.7168674698795181,0.1144578313253012,-0.5301204819277109,0.10240963855421686,-0.39759036144578314,-0.14457831325301204,-0.4819277108433735,0.0,-0.5602409638554217,0.04216867469879518,-0.41566265060240964,0.018072289156626505,-0.3132530120481928
r,0.0,0.0,0.20125786163522014,-0.10062893081761007,0.32075471698113206,-0.34591194968553457,0.27044025157232704,-0.5660377358490566,0.16352201257861634,-0.710691823899371,0.2389937106918239,-0.5723270440251572,0.2578616352201258,-0.8113207547169812,0.2641509433962264,-0.9433962264150944,0.25157232704402516,-1.0,0.1069182389937107,-0.5911949685534591,0.18238993710691823,-0.8679245283018868,0.2830188679245283,-0.8742138364779874,0.33962264150943394,-0.8490566037735849,-0.018867924528301886,-0.5660377358490566,0.09433962264150944,-0.7547169811320755,0.13836477987421383,-0.5534591194968553,0.12578616352201258,-0.4088050314465409,-0.1320754716981132,-0.5094339622641509,0.018867924528301886,-0.5974842767295597,0.06289308176100629,-0.44025157232704404,0.03773584905660377,-0.3270440251572327
r,0.0,0.0,0.20245398773006135,-0.07975460122699386,0.3374233128834356,-0.31901840490797545,0.3006134969325153,-0.5276073619631901,0.2085889570552147,-0.6809815950920245,0.26993865030674846,-0.5521472392638037,0.3006134969325153,-0.7730061349693251,0.3067484662576687,-0.9079754601226994,0.2822085889570552,-1.0,0.1411042944785276,-0.5705521472392638,0.2392638036809816,-0.8098159509202454,0.3374233128834356,-0.7423312883435583,0.37423312883435583,-0.6748466257668712,0.012269938650306749,-0.558282208588957,0.1411042944785276,-0.7177914110429447,0.17791411042944785,-0.5153374233128835,0.147239263803681,-0.37423312883435583,-0.09815950920245399,-0.5030674846625767,0.05521472392638037,-0.5705521472392638,0.07975460122699386,-0.4171779141104294,0.049079754601226995,-0.3128834355828221
r,0.0,0.0,0.2129032258064516,-0.07096774193548387,0.36774193548387096,-0.3032258064516129,0.33548387096774196,-0.5225806451612903,0.24516129032258063,-0.6838709677419355,0.3096774193548387,-0.5483870967741935,0.36129032258064514,-0.7677419354838709,0.3741935483870968,-0.9096774193548387,0.3548387096774194,-1.0,0.17419354838709677,-0.5870967741935483,0.2903225806451613,-0.832258064516129,0.38064516129032255,-0.7935483870967742,0.4129032258064516,-0.7548387096774194,0.03870967741935484,-0.5806451612903226,0.1870967741935484,-0.7419354838709677,0.2064516129032258,-0.535483870967742,0.16774193548387098,-0.3935483870967742,-0.07741935483870968,-0.5290322580645161,0.08387096774193549,-0.5741935483870968,0.1032258064516129,-0.41935483870967744,0.06451612903225806,-0.3161290322580645
r,0.0,0.0,0.2465753424657534,-0.0410958904109589,0.4178082191780822,-0.2808219178082192,0.3972602739726027,-0.5205479452054794,0.3356164383561644,-0.6986301369863014,0.3972602739726027,-0.5205479452054794,0.4726027397260274,-0.7397260273972602,0.4931506849315068,-0.8972602739726028,0.4726027397260274,-1.0,0.2602739726027397,-0.589041095890411,0.3972602739726027,-0.8493150684931506,0.5,-0.863013698630137,0.5547945205479452,-0.8561643835616438,0.11643835616438356,-0.589041095890411,0.2671232876712329,-0.7671232876712328,0.273972602739726,-0.5547945205479452,0.22602739726027396,-0.4041095890410959,-0.0136986301369863,-0.541095890410959,0.1506849315068493,-0.5958904109589042,0.17123287671232876,-0.4246575342465753,0.136986301369863,-0.3082191780821918
r,0.0,0.0,0.24305555555555555,-0.041666666666666664,0.4305555555555556,-0.2847222222222222,0.4166666666666667,-0.5277777777777778,0.3541666666666667,-0.7152777777777778,0.3958333333333333,-0.5277777777777778,0.4791666666666667,-0.7430555555555556,0.4861111111111111,-0.8888888888888888,0.4583333333333333,-1.0,0.2638888888888889,-0.5902777777777778,0.4027777777777778,-0.8472222222222222,0.5277777777777778,-0.8958333333333334,0.5902777777777778,-0.9166666666666666,0.125,-0.5972222222222222,0.2777777777777778,-0.7777777777777778,0.2916666666666667,-0.5555555555555556,0.24305555555555555,-0.4027777777777778,-0.006944444444444444,-0.5555555555555556,0.16666666666666666,-0.6041666666666666,0.1736111111111111,-0.4375,0.13194444444444445,-0.3263888888888889
r,0.0,0.0,0.23943661971830985,-0.04225352112676056,0.4225352112676056,-0.2887323943661972,0.4084507042253521,-0.5352112676056338,0.352112676056338,-0.7253521126760564,0.39436619718309857,-0.5352112676056338,0.47183098591549294,-0.7535211267605634,0.4859154929577465,-0.8943661971830986,0.4647887323943662,-1.0,0.2535211267605634,-0.5985915492957746,0.4014084507042254,-0.8661971830985915,0.5211267605633803,-0.9295774647887324,0.5774647887323944,-0.9647887323943662,0.11267605633802817,-0.6056338028169014,0.2676056338028169,-0.7887323943661971,0.2746478873239437,-0.5633802816901409,0.22535211267605634,-0.4084507042253521,-0.02112676056338028,-0.5633802816901409,0.15492957746478872,-0.6126760563380281,0.1619718309859155,-0.44366197183098594,0.11971830985915492,-0.33098591549295775
r,0.0,0.0,0.20253164556962025,-0.056962025316455694,0.37341772151898733,-0.27848101265822783,0.35443037974683544,-0.4873417721518987,0.2721518987341772,-0.6455696202531646,0.3291139240506329,-0.5316455696202531,0.379746835443038,-0.7341772151898734,0.3924050632911392,-0.8924050632911392,0.379746835443038,-1.0,0.2088607594936709,-0.5759493670886076,0.33544303797468356,-0.7911392405063291,0.44936708860759494,-0.7911392405063291,0.5189873417721519,-0.7848101265822784,0.0759493670886076,-0.569620253164557,0.22151898734177214,-0.7025316455696202,0.23417721518987342,-0.5,0.1962025316455696,-0.3670886075949367,-0.04430379746835443,-0.5253164556962026,0.11392405063291139,-0.569620253164557,0.12658227848101267,-0.41139240506329117,0.08860759493670886,-0.310126582278481
r,0.0,0.0,0.21428571428571427,-0.08441558441558442,0.37012987012987014,-0.3181818181818182,0.34415584415584416,-0.5324675324675324,0.2597402597402597,-0.6948051948051948,0.3051948051948052,-0.5974025974025974,0.36363636363636365,-0.8246753246753247,0.38961038961038963,-0.9415584415584416,0.37662337662337664,-1.0,0.16883116883116883,-0.6168831168831169,0.2922077922077922,-0.8441558441558441,0.38311688311688313,-0.7597402597402597,0.4155844155844156,-0.6753246753246753,0.03896103896103896,-0.6038961038961039,0.18181818181818182,-0.7402597402597403,0.2077922077922078,-0.525974025974026,0.16883116883116883,-0.38961038961038963,-0.07792207792207792,-0.538961038961039,0.09090909090909091,-0.6038961038961039,0.12337662337662338,-0.44155844155844154,0.08441558441558442,-0.33766233766233766
r,0.0,0.0,0.21019108280254778,-0.08917197452229299,0.34394904458598724,-0.3248407643312102,0.29936305732484075,-0.5414012738853503,0.20382165605095542,-0.7006369426751592,0.2611464968152866,-0.5605095541401274,0.29936305732484075,-0.7898089171974523,0.3057324840764331,-0.9235668789808917,0.2929936305732484,-1.0,0.14012738853503184,-0.5859872611464968,0.2484076433121019,-0.8535031847133758,0.35668789808917195,-0.910828025477707,0.40764331210191085,-0.9426751592356688,0.012738853503184714,-0.5732484076433121,0.1464968152866242,-0.7133757961783439,0.17834394904458598,-0.5222929936305732,0.1464968152866242,-0.3821656050955414,-0.09554140127388536,-0.5222929936305732,0.07006369426751592,-0.5732484076433121,0.09554140127388536,-0.42038216560509556,0.06369426751592357,-0.3057324840764331
r,0.0,0.0,0.1951219512195122,-0.0975609756097561,0.31097560975609756,-0.32926829268292684,0.2621951219512195,-0.5304878048780488,0.16463414634146342,-0.676829268292683,0.21951219512195122,-0.5609756097560976,0.23780487804878048,-0.7804878048780488,0.25609756097560976,-0.9085365853658537,0.27439024390243905,-1.0,0.10365853658536585,-0.5792682926829268,0.18902439024390244,-0.8353658536585366,0.29878048780487804,-0.9024390243902439,0.3780487804878049,-0.9390243902439024,-0.012195121951219513,-0.5548780487804879,0.11585365853658537,-0.6951219512195121,0.14634146341463414,-0.5182926829268293,0.12195121951219512,-0.38414634146341464,-0.11585365853658537,-0.5,0.042682926829268296,-0.5670731707317073,0.07317073170731707,-0.42073170731707316,0.04878048780487805,-0.31097560975609756
r,0.0,0.0,0.19642857142857142,-0.09523809523809523,0.2976190476190476,-0.3273809523809524,0.23809523809523808,-0.5238095238095238,0.13690476190476192,-0.6607142857142857,0.20238095238095238,-0.5297619047619048,0.21428571428571427,-0.7380952380952381,0.20833333333333334,-0.8809523809523809,0.20238095238095238,-1.0,0.08928571428571429,-0.5476190476190477,0.16071428571428573,-0.8095238095238095,0.25595238095238093,-0.9047619047619048,0.31547619047619047,-0.9642857142857143,-0.023809523809523808,-0.5238095238095238,0.08333333333333333,-0.6964285714285714,0.11904761904761904,-0.5238095238095238,0.10119047619047619,-0.39285714285714285,-0.125,-0.4642857142857143,0.023809523809523808,-0.5535714285714286,0.06547619047619048,-0.4166666666666667,0.047619047619047616,-0.31547619047619047
r,0.0,0.0,0.18128654970760233,-0.09941520467836257,0.28654970760233917,-0.3391812865497076,0.2222222222222222,-0.5321637426900585,0.11695906432748537,-0.6549707602339181,0.18128654970760233,-0.5380116959064327,0.18128654970760233,-0.7426900584795322,0.17543859649122806,-0.8830409356725146,0.1695906432748538,-1.0,0.06432748538011696,-0.5497076023391813,0.1286549707602339,-0.7953216374269005,0.21637426900584794,-0.9064327485380117,0.26900584795321636,-0.9766081871345029,-0.05263157894736842,-0.5263157894736842,0.05263157894736842,-0.695906432748538,0.08771929824561403,-0.5146198830409356,0.07602339181286549,-0.38011695906432746,-0.14035087719298245,-0.4678362573099415,0.005847953216374269,-0.5497076023391813,0.05263157894736842,-0.4152046783625731,0.04678362573099415,-0.30994152046783624
r,0.0,0.0,0.17613636363636365,-0.11931818181818182,0.26704545454545453,-0.3465909090909091,0.20454545454545456,-0.5284090909090909,0.09659090909090909,-0.6534090909090909,0.1534090909090909,-0.5511363636363636,0.1534090909090909,-0.7670454545454546,0.16477272727272727,-0.8977272727272727,0.17613636363636365,-1.0,0.045454545454545456,-0.5511363636363636,0.08522727272727272,-0.8181818181818182,0.17613636363636365,-0.9090909090909091,0.23863636363636365,-0.9602272727272727,-0.0625,-0.5170454545454546,0.03977272727272727,-0.6704545454545454,0.08522727272727272,-0.5056818181818182,0.07954545454545454,-0.375,-0.14772727272727273,-0.45454545454545453,-0.005681818181818182,-0.5397727272727273,0.05113636363636364,-0.4147727272727273,0.03977272727272727,-0.30113636363636365
r,0.0,0.0,0.16201117318435754,-0.11173184357541899,0.24022346368715083,-0.3463687150837989,0.17318435754189945,-0.5195530726256983,0.061452513966480445,-0.6312849162011173,0.12849162011173185,-0.5418994413407822,0.11731843575418995,-0.7541899441340782,0.10614525139664804,-0.888268156424581,0.1005586592178771,-1.0,0.01675977653631285,-0.5363128491620112,0.0446927374301676,-0.7877094972067039,0.10614525139664804,-0.888268156424581,0.1340782122905028,-0.9608938547486033,-0.0893854748603352,-0.4972067039106145,-0.00558659217877095,-0.664804469273743,0.05027932960893855,-0.4972067039106145,0.05027932960893855,-0.3743016759776536,-0.17318435754189945,-0.4301675977653631,-0.03910614525139665,-0.5251396648044693,0.027932960893854747,-0.4022346368715084,0.0335195530726257,-0.29608938547486036
s,0.0,0.0,0.3409090909090909,-0.22727272727272727,0.5568181818181818,-0.5227272727272727,0.5340909090909091,-0.8295454545454546,0.3409090909090909,-1.0,0.29545454545454547,-0.7954545454545454,0.42045454545454547,-0.9545454545454546,0.3977272727272727,-0.6931818181818182,0.3181818181818182,-0.625,0.11363636363636363,-0.8068181818181818,0.25,-0.9886363636363636,0.23863636363636365,-0.6590909090909091,0.14772727272727273,-0.6022727272727273,-0.06818181818181818,-0.7954545454545454,0.06818181818181818,-0.9772727272727273,0.07954545454545454,-0.6590909090909091,0.0,-0.5909090909090909,-0.2727272727272727,-0.75,-0.125,-0.9204545454545454,-0.07954545454545454,-0.7159090909090909,-0.14772727272727273,-0.6363636363636364
s,0.0,0.0,0.33707865168539325,-0.2247191011235955,0.550561797752809,-0.5280898876404494,0.5168539325842697,-0.8314606741573034,0.3258426966292135,-1.0,0.2696629213483146,-0.7752808988764045,0.3707865168539326,-0.9325842696629213,0.34831460674157305,-0.6966292134831461,0.2696629213483146,-0.6292134831460674,0.0898876404494382,-0.797752808988764,0.20224719101123595,-0.9775280898876404,0.20224719101123595,-0.6629213483146067,0.11235955056179775,-0.6067415730337079,-0.0898876404494382,-0.7865168539325843,0.02247191011235955,-1.0,0.0449438202247191,-0.6853932584269663,-0.033707865168539325,-0.6067415730337079,-0.30337078651685395,-0.7528089887640449,-0.15730337078651685,-0.9213483146067416,-0.11235955056179775,-0.7303370786516854,-0.1797752808988764,-0.6404494382022472
s,0.0,0.0,0.3333333333333333,-0.21839080459770116,0.5632183908045977,-0.5172413793103449,0.5172413793103449,-0.8390804597701149,0.3218390804597701,-1.0,0.2988505747126437,-0.7701149425287356,0.40229885057471265,-0.9425287356321839,0.3793103448275862,-0.6896551724137931,0.2988505747126437,-0.6091954022988506,0.10344827586206896,-0.7931034482758621,0.22988505747126436,-0.9770114942528736,0.20689655172413793,-0.6436781609195402,0.12643678160919541,-0.5862068965517241,-0.08045977011494253,-0.7816091954022989,0.034482758620689655,-1.0,0.04597701149425287,-0.6666666666666666,-0.034482758620689655,-0.5862068965517241,-0.3103448275862069,-0.7471264367816092,-0.16091954022988506,-0.9310344827586207,-0.11494252873563218,-0.7126436781609196,-0.1839080459770115,-0.632183908045977
s,0.0,0.0,0.32954545454545453,-0.2159090909090909,0.5454545454545454,-0.5227272727272727,0.5,-0.8295454545454546,0.29545454545454547,-1.0,0.2840909090909091,-0.7727272727272727,0.38636363636363635,-0.9431818181818182,0.375,-0.6818181818181818,0.3068181818181818,-0.6136363636363636,0.09090909090909091,-0.7954545454545454,0.2159090909090909,-0.9659090909090909,0.20454545454545456,-0.6363636363636364,0.125,-0.5909090909090909,-0.09090909090909091,-0.7727272727272727,0.03409090909090909,-0.9772727272727273,0.045454545454545456,-0.6477272727272727,-0.045454545454545456,-0.5795454545454546,-0.3181818181818182,-0.7386363636363636,-0.17045454545454544,-0.9204545454545454,-0.11363636363636363,-0.7159090909090909,-0.18181818181818182,-0.625
s,0.0,0.0,0.3522727272727273,-0.2159090909090909,0.5568181818181818,-0.5227272727272727,0.5340909090909091,-0.8295454545454546,0.3409090909090909,-1.0,0.2840909090909091,-0.7727272727272727,0.3977272727272727,-0.9431818181818182,0.375,-0.6931818181818182,0.3068181818181818,-0.6136363636363636,0.10227272727272728,-0.7954545454545454,0.22727272727272727,-0.9772727272727273,0.2159090909090909,-0.6590909090909091,0.13636363636363635,-0.5909090909090909,-0.07954545454545454,-0.7840909090909091,0.045454545454545456,-0.9886363636363636,0.06818181818181818,-0.6704545454545454,-0.022727272727272728,-0.5909090909090909,-0.29545454545454547,-0.75,-0.14772727272727273,-0.9204545454545454,-0.10227272727272728,-0.7159090909090909,-0.17045454545454544,-0.6363636363636364
s,0.0,0.0,0.3448275862068966,-0.21839080459770116,0.5632183908045977,-0.5172413793103449,0.5402298850574713,-0.8275862068965517,0.3563218390804598,-1.0,0.3103448275862069,-0.7816091954022989,0.41379310344827586,-0.9425287356321839,0.39080459770114945,-0.7011494252873564,0.3103448275862069,-0.6206896551724138,0.11494252873563218,-0.8045977011494253,0.2413793103448276,-0.9885057471264368,0.21839080459770116,-0.6551724137931034,0.13793103448275862,-0.5977011494252874,-0.06896551724137931,-0.7931034482758621,0.04597701149425287,-1.0,0.05747126436781609,-0.6781609195402298,-0.022988505747126436,-0.5977011494252874,-0.28735632183908044,-0.7586206896551724,-0.14942528735632185,-0.9310344827586207,-0.11494252873563218,-0.7241379310344828,-0.1839080459770115,-0.6436781609195402
s,0.0,0.0,0.32954545454545453,-0.20454545454545456,0.5568181818181818,-0.5113636363636364,0.5227272727272727,-0.8181818181818182,0.32954545454545453,-1.0,0.29545454545454547,-0.7727272727272727,0.4090909090909091,-0.9431818181818182,0.38636363636363635,-0.6818181818181818,0.3068181818181818,-0.6136363636363636,0.10227272727272728,-0.7954545454545454,0.22727272727272727,-0.9772727272727273,0.2159090909090909,-0.6477272727272727,0.13636363636363635,-0.5909090909090909,-0.07954545454545454,-0.7840909090909091,0.045454545454545456,-0.9886363636363636,0.056818181818181816,-0.6590909090909091,-0.03409090909090909,-0.5909090909090909,-0.3068181818181818,-0.75,-0.14772727272727273,-0.9204545454545454,-0.10227272727272728,-0.7159090909090909,-0.17045454545454544,-0.625
s,0.0,0.0,0.3563218390804598,-0.20689655172413793,0.5862068965517241,-0.5057471264367817,0.5517241379310345,-0.8275862068965517,0.3563218390804598,-1.0,0.3218390804597701,-0.7586206896551724,0.42528735632183906,-0.9195402298850575,0.39080459770114945,-0.6781609195402298,0.3103448275862069,-0.5862068965517241,0.12643678160919541,-0.7931034482758621,0.25287356321839083,-0.9770114942528736,0.22988505747126436,-0.6436781609195402,0.14942528735632185,-0.5747126436781609,-0.05747126436781609,-0.7816091954022989,0.05747126436781609,-1.0,0.06896551724137931,-0.6666666666666666,-0.011494252873563218,-0.5862068965517241,-0.28735632183908044,-0.7586206896551724,-0.13793103448275862,-0.9310344827586207,-0.09195402298850575,-0.7126436781609196,-0.16091954022988506,-0.632183908045977
s,0.0,0.0,0.3563218390804598,-0.19540229885057472,0.5862068965517241,-0.4827586206896552,0.5632183908045977,-0.8045977011494253,0.367816091954023,-0.9770114942528736,0.3333333333333333,-0.7471264367816092,0.4367816091954023,-0.9195402298850575,0.41379310344827586,-0.6781609195402298,0.3333333333333333,-0.5747126436781609,0.14942528735632185,-0.7816091954022989,0.26436781609195403,-0.9655172413793104,0.25287356321839083,-0.6436781609195402,0.16091954022988506,-0.5517241379310345,-0.034482758620689655,-0.7816091954022989,0.08045977011494253,-1.0,0.08045977011494253,-0.6781609195402298,0.0,-0.5632183908045977,-0.26436781609195403,-0.7586206896551724,-0.12643678160919541,-0.9540229885057471,-0.08045977011494253,-0.735632183908046,-0.13793103448275862,-0.632183908045977
s,0.0,0.0,0.375,-0.18181818181818182,0.6022727272727273,-0.45454545454545453,0.5795454545454546,-0.7840909090909091,0.42045454545454547,-0.9431818181818182,0.36363636363636365,-0.7159090909090909,0.45454545454545453,-0.9204545454545454,0.4090909090909091,-0.6704545454545454,0.3409090909090909,-0.5454545454545454,0.18181818181818182,-0.75,0.2840909090909091,-0.9545454545454546,0.26136363636363635,-0.6477272727272727,0.18181818181818182,-0.5454545454545454,0.0,-0.7613636363636364,0.10227272727272728,-1.0,0.10227272727272728,-0.6818181818181818,0.03409090909090909,-0.5568181818181818,-0.2159090909090909,-0.75,-0.09090909090909091,-0.9431818181818182,-0.056818181818181816,-0.7272727272727273,-0.11363636363636363,-0.625
s,0.0,0.0,0.3977272727272727,-0.18181818181818182,0.6136363636363636,-0.4659090909090909,0.6022727272727273,-0.7840909090909091,0.42045454545454547,-0.9318181818181818,0.38636363636363635,-0.7045454545454546,0.4659090909090909,-0.9090909090909091,0.4318181818181818,-0.6704545454545454,0.36363636363636365,-0.5340909090909091,0.20454545454545456,-0.75,0.3068181818181818,-0.9545454545454546,0.2727272727272727,-0.6590909090909091,0.19318181818181818,-0.5454545454545454,0.022727272727272728,-0.7613636363636364,0.125,-1.0,0.11363636363636363,-0.6931818181818182,0.045454545454545456,-0.5568181818181818,-0.19318181818181818,-0.75,-0.06818181818181818,-0.9431818181818182,-0.045454545454545456,-0.7386363636363636,-0.10227272727272728,-0.6363636363636364
s,0.0,0.0,0.4,-0.17647058823529413,0.6352941176470588,-0.4470588235294118,0.611764705882353,-0.7764705882352941,0.43529411764705883,-0.9411764705882353,0.4,-0.6941176470588235,0.49411764705882355,-0.8941176470588236,0.4470588235294118,-0.6588235294117647,0.3764705882352941,-0.5176470588235295,0.21176470588235294,-0.7411764705882353,0.3176470588235294,-0.9529411764705882,0.2823529411764706,-0.6470588235294118,0.2,-0.5294117647058824,0.023529411764705882,-0.7647058823529411,0.1411764705882353,-1.0,0.11764705882352941,-0.6941176470588235,0.047058823529411764,-0.5529411764705883,-0.2,-0.7647058823529411,-0.047058823529411764,-0.9529411764705882,-0.03529411764705882,-0.7529411764705882,-0.09411764705882353,-0.6352941176470588
s,0.0,0.0,0.4146341463414634,-0.14634146341463414,0.6585365853658537,-0.43902439024390244,0.6463414634146342,-0.7926829268292683,0.4634146341463415,-0.9512195121951219,0.4268292682926829,-0.6951219512195121,0.5365853658536586,-0.9024390243902439,0.5,-0.6463414634146342,0.4268292682926829,-0.5121951219512195,0.24390243902439024,-0.7317073170731707,0.35365853658536583,-0.9512195121951219,0.32926829268292684,-0.6463414634146342,0.24390243902439024,-0.524390243902439,0.04878048780487805,-0.7560975609756098,0.17073170731707318,-1.0,0.15853658536585366,-0.6707317073170732,0.08536585365853659,-0.5365853658536586,-0.18292682926829268,-0.7560975609756098,-0.024390243902439025,-0.9390243902439024,-0.012195121951219513,-0.7073170731707317,-0.07317073170731707,-0.5975609756097561
s,0.0,0.0,0.4074074074074074,-0.14814814814814814,0.654320987654321,-0.49382716049382713,0.6419753086419753,-0.8641975308641975,0.4444444444444444,-1.0,0.38271604938271603,-0.7530864197530864,0.4691358024691358,-0.9629629629629629,0.4567901234567901,-0.6790123456790124,0.4074074074074074,-0.5679012345679012,0.19753086419753085,-0.7654320987654321,0.30864197530864196,-0.9876543209876543,0.30864197530864196,-0.654320987654321,0.2345679012345679,-0.5679012345679012,0.012345679012345678,-0.7654320987654321,0.13580246913580246,-1.0,0.14814814814814814,-0.654320987654321,0.07407407407407407,-0.5555555555555556,-0.20987654320987653,-0.7530864197530864,-0.04938271604938271,-0.9259259259259259,-0.012345679012345678,-0.7037037037037037,-0.08641975308641975,-0.6049382716049383
s,0.0,0.0,0.3563218390804598,-0.20689655172413793,0.5747126436781609,-0.5287356321839081,0.5517241379310345,-0.8505747126436781,0.3793103448275862,-1.0,0.2988505747126437,-0.7701149425287356,0.3793103448275862,-0.9655172413793104,0.3793103448275862,-0.7011494252873564,0.3333333333333333,-0.6091954022988506,0.12643678160919541,-0.7701149425287356,0.22988505747126436,-0.9540229885057471,0.25287356321839083,-0.632183908045977,0.19540229885057472,-0.5977011494252874,-0.04597701149425287,-0.735632183908046,0.08045977011494253,-0.9425287356321839,0.10344827586206896,-0.6206896551724138,0.034482758620689655,-0.5632183908045977,-0.25287356321839083,-0.7011494252873564,-0.09195402298850575,-0.8505747126436781,-0.04597701149425287,-0.6551724137931034,-0.12643678160919541,-0.5977011494252874
s,0.0,0.0,0.32222222222222224,-0.2111111111111111,0.5222222222222223,-0.5333333333333333,0.4888888888888889,-0.8444444444444444,0.32222222222222224,-1.0,0.24444444444444444,-0.7666666666666667,0.3111111111111111,-0.9555555555555556,0.3333333333333333,-0.6888888888888889,0.28888888888888886,-0.6333333333333333,0.06666666666666667,-0.7555555555555555,0.17777777777777778,-0.9222222222222223,0.2111111111111111,-0.6111111111111112,0.15555555555555556,-0.6,-0.08888888888888889,-0.7222222222222222,0.03333333333333333,-0.9,0.07777777777777778,-0.5888888888888889,0.0,-0.5555555555555556,-0.2777777777777778,-0.6666666666666666,-0.12222222222222222,-0.8,-0.06666666666666667,-0.6,-0.15555555555555556,-0.5555555555555556
s,0.0,0.0,0.32222222222222224,-0.2111111111111111,0.5111111111111111,-0.5333333333333333,0.4888888888888889,-0.8333333333333334,0.32222222222222224,-1.0,0.23333333333333334,-0.7666666666666667,0.3111111111111111,-0.9666666666666667,0.3333333333333333,-0.7111111111111111,0.28888888888888886,-0.6555555555555556,0.05555555555555555,-0.7555555555555555,0.17777777777777778,-0.9222222222222223,0.2111111111111111,-0.6111111111111112,0.15555555555555556,-0.6111111111111112,-0.1,-0.7111111111111111,0.022222222222222223,-0.8888888888888888,0.07777777777777778,-0.5777777777777777,0.011111111111111112,-0.5555555555555556,-0.28888888888888886,-0.6666666666666666,-0.12222222222222222,-0.7777777777777778,-0.06666666666666667,-0.5888888888888889,-0.14444444444444443,-0.5555555555555556
s,0.0,0.0,0.31868131868131866,-0.23076923076923078,0.5054945054945055,-0.5494505494505495,0.4725274725274725,-0.8461538461538461,0.3076923076923077,-1.0,0.23076923076923078,-0.7802197802197802,0.3076923076923077,-0.967032967032967,0.32967032967032966,-0.7032967032967034,0.2967032967032967,-0.6593406593406593,0.04395604395604396,-0.7692307692307693,0.16483516483516483,-0.9340659340659341,0.2087912087912088,-0.6263736263736264,0.15384615384615385,-0.6263736263736264,-0.12087912087912088,-0.7252747252747253,0.01098901098901099,-0.8901098901098901,0.06593406593406594,-0.5934065934065934,-0.01098901098901099,-0.5824175824175825,-0.3076923076923077,-0.6703296703296703,-0.13186813186813187,-0.7912087912087912,-0.07692307692307693,-0.5934065934065934,-0.16483516483516483,-0.5604395604395604
s,0.0,0.0,0.33707865168539325,-0.21348314606741572,0.5393258426966292,-0.5168539325842697,0.5056179775280899,-0.8314606741573034,0.33707865168539325,-1.0,0.24719101123595505,-0.7640449438202247,0.33707865168539325,-0.9662921348314607,0.34831460674157305,-0.6966292134831461,0.30337078651685395,-0.6404494382022472,0.056179775280898875,-0.7528089887640449,0.1797752808988764,-0.9325842696629213,0.2247191011235955,-0.6067415730337079,0.15730337078651685,-0.6179775280898876,-0.11235955056179775,-0.7191011235955056,0.02247191011235955,-0.898876404494382,0.06741573033707865,-0.5955056179775281,-0.011235955056179775,-0.5730337078651685,-0.30337078651685395,-0.6741573033707865,-0.1348314606741573,-0.797752808988764,-0.07865168539325842,-0.6067415730337079,-0.16853932584269662,-0.5617977528089888
s,0.0,0.0,0.3258426966292135,-0.21348314606741572,0.5393258426966292,-0.5168539325842697,0.5168539325842697,-0.8314606741573034,0.33707865168539325,-1.0,0.25842696629213485,-0.7752808988764045,0.34831460674157305,-0.9550561797752809,0.3595505617977528,-0.6853932584269663,0.3146067415730337,-0.6404494382022472,0.06741573033707865,-0.7640449438202247,0.19101123595505617,-0.9325842696629213,0.2247191011235955,-0.6179775280898876,0.16853932584269662,-0.6179775280898876,-0.10112359550561797,-0.7303370786516854,0.02247191011235955,-0.9101123595505618,0.06741573033707865,-0.5955056179775281,0.0,-0.5730337078651685,-0.30337078651685395,-0.6741573033707865,-0.1348314606741573,-0.8089887640449438,-0.07865168539325842,-0.6067415730337079,-0.16853932584269662,-0.5617977528089888
t,0.0,0.0,0.25833333333333336,-0.21666666666666667,0.3416666666666667,-0.5416666666666666,0.30833333333333335,-0.8,0.3333333333333333,-1.0,0.20833333333333334,-0.6916666666666667,0.275,-0.8666666666666667,0.375,-0.9333333333333333,0.475,-0.9666666666666667,0.05,-0.6833333333333333,0.14166666666666666,-0.8583333333333333,0.16666666666666666,-0.65,0.15833333333333333,-0.49166666666666664,-0.10833333333333334,-0.6416666666666667,0.008333333333333333,-0.7916666666666666,0.041666666666666664,-0.5583333333333333,0.008333333333333333,-0.4,-0.26666666666666666,-0.575,-0.11666666666666667,-0.7083333333333334,-0.06666666666666667,-0.55,-0.1,-0.43333333333333335
t,0.0,0.0,0.29310344827586204,-0.21551724137931033,0.3879310344827586,-0.5344827586206896,0.3620689655172414,-0.8017241379310345,0.4224137931034483,-1.0,0.25862068965517243,-0.6982758620689655,0.3448275862068966,-0.8879310344827587,0.43103448275862066,-0.9137931034482759,0.5258620689655172,-0.9224137931034483,0.09482758620689655,-0.6982758620689655,0.1896551724137931,-0.8620689655172413,0.19827586206896552,-0.646551724137931,0.1724137931034483,-0.4827586206896552,-0.07758620689655173,-0.6637931034482759,0.0603448275862069,-0.8189655172413793,0.06896551724137931,-0.5775862068965517,0.02586206896551724,-0.41379310344827586,-0.25,-0.603448275862069,-0.07758620689655173,-0.7155172413793104,-0.034482758620689655,-0.5517241379310345,-0.06896551724137931,-0.4396551724137931
t,0.0,0.0,0.29310344827586204,-0.20689655172413793,0.39655172413793105,-0.5258620689655172,0.3706896551724138,-0.8017241379310345,0.41379310344827586,-1.0,0.25862068965517243,-0.6982758620689655,0.3275862068965517,-0.8879310344827587,0.4224137931034483,-0.9051724137931034,0.5172413793103449,-0.896551724137931,0.09482758620689655,-0.6896551724137931,0.1810344827586207,-0.853448275862069,0.20689655172413793,-0.6379310344827587,0.1896551724137931,-0.47413793103448276,-0.06896551724137931,-0.6637931034482759,0.0603448275862069,-0.8103448275862069,0.06896551724137931,-0.5689655172413793,0.034482758620689655,-0.41379310344827586,-0.2413793103448276,-0.603448275862069,-0.06896551724137931,-0.7155172413793104,-0.034482758620689655,-0.5517241379310345,-0.06896551724137931,-0.4396551724137931
t,0.0,0.0,0.32142857142857145,-0.20535714285714285,0.45535714285714285,-0.5357142857142857,0.4732142857142857,-0.8035714285714286,0.5625,-1.0,0.33035714285714285,-0.7321428571428571,0.42857142857142855,-0.9196428571428571,0.5267857142857143,-0.9553571428571429,0.625,-0.9553571428571429,0.16071428571428573,-0.7410714285714286,0.2857142857142857,-0.9107142857142857,0.2857142857142857,-0.6785714285714286,0.25,-0.5089285714285714,-0.017857142857142856,-0.7142857142857143,0.15178571428571427,-0.8482142857142857,0.14285714285714285,-0.5982142857142857,0.08035714285714286,-0.4375,-0.19642857142857142,-0.6607142857142857,0.0,-0.7678571428571429,0.026785714285714284,-0.5982142857142857,-0.026785714285714284,-0.49107142857142855
t,0.0,0.0,0.34579439252336447,-0.18691588785046728,0.4953271028037383,-0.5233644859813084,0.5327102803738317,-0.822429906542056,0.6635514018691588,-1.0,0.38317757009345793,-0.7289719626168224,0.48598130841121495,-0.9439252336448598,0.5700934579439252,-0.9345794392523364,0.6542056074766355,-0.8878504672897196,0.205607476635514,-0.7383177570093458,0.32710280373831774,-0.9158878504672897,0.308411214953271,-0.6822429906542056,0.2616822429906542,-0.4953271028037383,0.018691588785046728,-0.719626168224299,0.17757009345794392,-0.8598130841121495,0.14953271028037382,-0.5981308411214953,0.08411214953271028,-0.4392523364485981,-0.16822429906542055,-0.6728971962616822,0.018691588785046728,-0.7850467289719626,0.04672897196261682,-0.616822429906542,-0.009345794392523364,-0.514018691588785
t,0.0,0.0,0.3364485981308411,-0.17757009345794392,0.4953271028037383,-0.514018691588785,0.514018691588785,-0.8130841121495327,0.6355140186915887,-1.0,0.37383177570093457,-0.7102803738317757,0.45794392523364486,-0.9065420560747663,0.5514018691588785,-0.9439252336448598,0.6542056074766355,-0.9626168224299065,0.18691588785046728,-0.719626168224299,0.3177570093457944,-0.897196261682243,0.308411214953271,-0.6635514018691588,0.2616822429906542,-0.48598130841121495,0.009345794392523364,-0.7009345794392523,0.16822429906542055,-0.8504672897196262,0.14953271028037382,-0.5887850467289719,0.08411214953271028,-0.4205607476635514,-0.17757009345794392,-0.6542056074766355,0.009345794392523364,-0.7757009345794392,0.037383177570093455,-0.6074766355140186,-0.018691588785046728,-0.4953271028037383
t,0.0,0.0,0.3302752293577982,-0.2018348623853211,0.46788990825688076,-0.5321100917431193,0.46788990825688076,-0.8165137614678899,0.5779816513761468,-1.0,0.3394495412844037,-0.7155963302752294,0.42201834862385323,-0.8990825688073395,0.5137614678899083,-0.944954128440367,0.6146788990825688,-0.9541284403669725,0.1651376146788991,-0.7247706422018348,0.27522935779816515,-0.8990825688073395,0.29357798165137616,-0.6697247706422018,0.27522935779816515,-0.4954128440366973,-0.009174311926605505,-0.6972477064220184,0.12844036697247707,-0.8532110091743119,0.12844036697247707,-0.5963302752293578,0.07339449541284404,-0.43119266055045874,-0.2018348623853211,-0.6513761467889908,-0.01834862385321101,-0.7798165137614679,0.01834862385321101,-0.6146788990825688,-0.027522935779816515,-0.4954128440366973
t,0.0,0.0,0.2956521739130435,-0.2,0.40869565217391307,-0.5217391304347826,0.40869565217391307,-0.7913043478260869,0.46956521739130436,-1.0,0.26956521739130435,-0.6956521739130435,0.34782608695652173,-0.8869565217391304,0.45217391304347826,-0.9130434782608695,0.5478260869565217,-0.9043478260869565,0.10434782608695652,-0.6956521739130435,0.23478260869565218,-0.8695652173913043,0.2782608695652174,-0.6434782608695652,0.26956521739130435,-0.46956521739130436,-0.06086956521739131,-0.6695652173913044,0.08695652173913043,-0.8173913043478261,0.10434782608695652,-0.5652173913043478,0.06086956521739131,-0.40869565217391307,-0.23478260869565218,-0.6173913043478261,-0.06086956521739131,-0.7391304347826086,-0.017391304347826087,-0.5739130434782609,-0.06086956521739131,-0.46956521739130436
t,0.0,0.0,0.2796610169491525,-0.2033898305084746,0.3728813559322034,-0.5254237288135594,0.3474576271186441,-0.788135593220339,0.3983050847457627,-1.0,0.2288135593220339,-0.7033898305084746,0.2966101694915254,-0.8983050847457628,0.3983050847457627,-0.9152542372881356,0.5,-0.8983050847457628,0.059322033898305086,-0.6949152542372882,0.17796610169491525,-0.847457627118644,0.23728813559322035,-0.6186440677966102,0.23728813559322035,-0.4491525423728814,-0.1016949152542373,-0.6610169491525424,0.0423728813559322,-0.7966101694915254,0.06779661016949153,-0.5508474576271186,0.03389830508474576,-0.3898305084745763,-0.2711864406779661,-0.6016949152542372,-0.09322033898305085,-0.7203389830508474,-0.05084745762711865,-0.559322033898305,-0.1016949152542373,-0.4576271186440678
t,0.0,0.0,0.2773109243697479,-0.20168067226890757,0.36134453781512604,-0.5294117647058824,0.3277310924369748,-0.7983193277310925,0.36134453781512604,-1.0,0.2184873949579832,-0.7058823529411765,0.2857142857142857,-0.8823529411764706,0.3949579831932773,-0.9243697478991597,0.4957983193277311,-0.9327731092436975,0.058823529411764705,-0.6890756302521008,0.16806722689075632,-0.8487394957983193,0.226890756302521,-0.6302521008403361,0.23529411764705882,-0.46218487394957986,-0.10084033613445378,-0.6554621848739496,0.04201680672268908,-0.7815126050420168,0.07563025210084033,-0.5462184873949579,0.04201680672268908,-0.3865546218487395,-0.2605042016806723,-0.5882352941176471,-0.08403361344537816,-0.6974789915966386,-0.03361344537815126,-0.5378151260504201,-0.06722689075630252,-0.42857142857142855
t,0.0,0.0,0.2627118644067797,-0.211864406779661,0.3389830508474576,-0.5423728813559322,0.2796610169491525,-0.7966101694915254,0.2796610169491525,-1.0,0.1694915254237288,-0.711864406779661,0.23728813559322035,-0.8898305084745762,0.3389830508474576,-0.9491525423728814,0.4406779661016949,-0.9830508474576272,0.00847457627118644,-0.6949152542372882,0.1271186440677966,-0.864406779661017,0.19491525423728814,-0.635593220338983,0.2033898305084746,-0.4745762711864407,-0.1440677966101695,-0.6610169491525424,0.00847457627118644,-0.788135593220339,0.05084745762711865,-0.5338983050847458,0.01694915254237288,-0.3813559322033898,-0.2966101694915254,-0.5847457627118644,-0.11016949152542373,-0.6864406779661016,-0.059322033898305086,-0.5254237288135594,-0.09322033898305085,-0.423728813559322
t,0.0,0.0,0.23333333333333334,-0.21666666666666667,0.3,-0.5416666666666666,0.24166666666666667,-0.7916666666666666,0.21666666666666667,-1.0,0.125,-0.7333333333333333,0.19166666666666668,-0.9083333333333333,0.30833333333333335,-0.95,0.4166666666666667,-0.9666666666666667,-0.041666666666666664,-0.7083333333333334,0.09166666666666666,-0.8583333333333333,0.16666666666666666,-0.6333333333333333,0.18333333333333332,-0.475,-0.19166666666666668,-0.6583333333333333,-0.025,-0.7666666666666667,0.025,-0.525,0.0,-0.375,-0.325,-0.575,-0.13333333333333333,-0.6666666666666666,-0.06666666666666667,-0.5166666666666667,-0.1,-0.4166666666666667
t,0.0,0.0,0.226890756302521,-0.226890756302521,0.2689075630252101,-0.5546218487394958,0.19327731092436976,-0.7983193277310925,0.15126050420168066,-1.0,0.08403361344537816,-0.7310924369747899,0.14285714285714285,-0.9159663865546218,0.25210084033613445,-0.9663865546218487,0.36134453781512604,-0.9915966386554622,-0.08403361344537816,-0.7058823529411765,0.03361344537815126,-0.8571428571428571,0.12605042016806722,-0.6302521008403361,0.15126050420168066,-0.47058823529411764,-0.23529411764705882,-0.6386554621848739,-0.06722689075630252,-0.7563025210084033,-0.008403361344537815,-0.5126050420168067,-0.04201680672268908,-0.3697478991596639,-0.3697478991596639,-0.5546218487394958,-0.17647058823529413,-0.6554621848739496,-0.1092436974789916,-0.5042016806722689,-0.14285714285714285,-0.4117647058823529
t,0.0,0.0,0.226890756302521,-0.226890756302521,0.2605042016806723,-0.5546218487394958,0.17647058823529413,-0.7983193277310925,0.11764705882352941,-0.9915966386554622,0.07563025210084033,-0.7226890756302521,0.12605042016806722,-0.907563025210084,0.23529411764705882,-0.9663865546218487,0.33613445378151263,-1.0,-0.09243697478991597,-0.6890756302521008,0.01680672268907563,-0.8403361344537815,0.11764705882352941,-0.6218487394957983,0.15126050420168066,-0.46218487394957986,-0.23529411764705882,-0.6302521008403361,-0.09243697478991597,-0.7563025210084033,-0.025210084033613446,-0.5126050420168067,-0.05042016806722689,-0.3697478991596639,-0.37815126050420167,-0.5294117647058824,-0.19327731092436976,-0.6554621848739496,-0.12605042016806722,-0.5042016806722689,-0.15966386554621848,-0.40336134453781514
t,0.0,0.0,0.2184873949579832,-0.23529411764705882,0.25210084033613445,-0.5630252100840336,0.14285714285714285,-0.7983193277310925,0.07563025210084033,-0.9915966386554622,0.058823529411764705,-0.7310924369747899,0.1092436974789916,-0.9159663865546218,0.226890756302521,-0.9747899159663865,0.33613445378151263,-1.0,-0.1092436974789916,-0.6974789915966386,0.008403361344537815,-0.8403361344537815,0.1092436974789916,-0.6134453781512605,0.14285714285714285,-0.453781512605042,-0.2605042016806723,-0.6302521008403361,-0.1092436974789916,-0.7563025210084033,-0.04201680672268908,-0.5126050420168067,-0.06722689075630252,-0.37815126050420167,-0.3949579831932773,-0.5378151260504201,-0.21008403361344538,-0.6554621848739496,-0.14285714285714285,-0.4957983193277311,-0.17647058823529413,-0.40336134453781514
t,0.0,0.0,0.21666666666666667,-0.225,0.25,-0.55,0.15833333333333333,-0.7833333333333333,0.09166666666666666,-0.975,0.075,-0.7083333333333334,0.125,-0.8833333333333333,0.23333333333333334,-0.9583333333333334,0.35,-1.0,-0.09166666666666666,-0.6833333333333333,0.025,-0.825,0.14166666666666666,-0.6083333333333333,0.18333333333333332,-0.44166666666666665,-0.24166666666666667,-0.625,-0.09166666666666666,-0.75,-0.025,-0.5,-0.05,-0.35833333333333334,-0.38333333333333336,-0.5333333333333333,-0.19166666666666668,-0.6416666666666667,-0.13333333333333333,-0.48333333333333334,-0.16666666666666666,-0.39166666666666666
t,0.0,0.0,0.22131147540983606,-0.22950819672131148,0.26229508196721313,-0.5409836065573771,0.18032786885245902,-0.7786885245901639,0.11475409836065574,-0.9754098360655737,0.09016393442622951,-0.7049180327868853,0.13114754098360656,-0.8852459016393442,0.23770491803278687,-0.9590163934426229,0.3442622950819672,-1.0,-0.07377049180327869,-0.680327868852459,0.04918032786885246,-0.8114754098360656,0.14754098360655737,-0.5901639344262295,0.18032786885245902,-0.4426229508196721,-0.22131147540983606,-0.6229508196721312,-0.06557377049180328,-0.7459016393442623,-0.00819672131147541,-0.5081967213114754,-0.03278688524590164,-0.36065573770491804,-0.36065573770491804,-0.5409836065573771,-0.1721311475409836,-0.6475409836065574,-0.11475409836065574,-0.5,-0.14754098360655737,-0.4016393442622951
t,0.0,0.0,0.23140495867768596,-0.2231404958677686,0.2727272727272727,-0.5454545454545454,0.19008264462809918,-0.7851239669421488,0.14049586776859505,-0.9834710743801653,0.09917355371900827,-0.7024793388429752,0.1487603305785124,-0.8842975206611571,0.256198347107438,-0.9586776859504132,0.35537190082644626,-1.0,-0.05785123966942149,-0.6776859504132231,0.049586776859504134,-0.8181818181818182,0.14049586776859505,-0.5950413223140496,0.17355371900826447,-0.4297520661157025,-0.2066115702479339,-0.628099173553719,-0.06611570247933884,-0.743801652892562,-0.008264462809917356,-0.5041322314049587,-0.03305785123966942,-0.35537190082644626,-0.35537190082644626,-0.5454545454545454,-0.18181818181818182,-0.6611570247933884,-0.11570247933884298,-0.5041322314049587,-0.14049586776859505,-0.4049586776859504
t,0.0,0.0,0.2231404958677686,-0.2231404958677686,0.2727272727272727,-0.5454545454545454,0.19008264462809918,-0.7933884297520661,0.1322314049586777,-0.9917355371900827,0.10743801652892562,-0.7024793388429752,0.1652892561983471,-0.8842975206611571,0.2727272727272727,-0.9504132231404959,0.3884297520661157,-1.0,-0.05785123966942149,-0.6859504132231405,0.05785123966942149,-0.8264462809917356,0.1322314049586777,-0.5950413223140496,0.15702479338842976,-0.4297520661157025,-0.2066115702479339,-0.628099173553719,-0.06611570247933884,-0.7520661157024794,-0.008264462809917356,-0.5041322314049587,-0.03305785123966942,-0.34710743801652894,-0.35537190082644626,-0.5454545454545454,-0.18181818181818182,-0.6611570247933884,-0.12396694214876033,-0.5041322314049587,-0.1487603305785124,-0.39669421487603307
t,0.0,0.0,0.2727272727272727,-0.21487603305785125,0.35537190082644626,-0.5371900826446281,0.30578512396694213,-0.7933884297520661,0.33884297520661155,-1.0,0.21487603305785125,-0.6942148760330579,0.2644628099173554,-0.8925619834710744,0.35537190082644626,-0.9173553719008265,0.4462809917355372,-0.9256198347107438,0.049586776859504134,-0.6859504132231405,0.14049586776859505,-0.8264462809917356,0.18181818181818182,-0.6033057851239669,0.18181818181818182,-0.4380165289256198,-0.12396694214876033,-0.6363636363636364,0.0,-0.768595041322314,0.03305785123966942,-0.5289256198347108,0.0,-0.38016528925619836,-0.2892561983471074,-0.5619834710743802,-0.1322314049586777,-0.6942148760330579,-0.09090909090909091,-0.5289256198347108,-0.12396694214876033,-0.4297520661157025
u,0.0,0.0,0.2012987012987013,-0.07142857142857142,0.33116883116883117,-0.2662337662337662,0.2857142857142857,-0.461038961038961,0.16233766233766234,-0.5454545454545454,0.22077922077922077,-0.5,0.2857142857142857,-0.7077922077922078,0.3116883116883117,-0.8311688311688312,0.33116883116883117,-0.948051948051948,0.11038961038961038,-0.5194805194805194,0.17532467532467533,-0.7597402597402597,0.24025974025974026,-0.8896103896103896,0.2727272727272727,-1.0,-0.006493506493506494,-0.4935064935064935,0.07142857142857142,-0.6948051948051948,0.11688311688311688,-0.525974025974026,0.11688311688311688,-0.3961038961038961,-0.11688311688311688,-0.43506493506493504,0.012987012987012988,-0.5324675324675324,0.08441558441558442,-0.4025974025974026,0.09090909090909091,-0.2857142857142857
u,0.0,0.0,0.18181818181818182,-0.07142857142857142,0.2987012987012987,-0.2857142857142857,0.23376623376623376,-0.474025974025974,0.1038961038961039,-0.551948051948052,0.2012987012987013,-0.5064935064935064,0.2662337662337662,-0.7077922077922078,0.2987012987012987,-0.8376623376623377,0.3246753246753247,-0.9415584415584416,0.08441558441558442,-0.5194805194805194,0.14935064935064934,-0.7532467532467533,0.21428571428571427,-0.8896103896103896,0.2532467532467532,-1.0,-0.032467532467532464,-0.4935064935064935,0.05194805194805195,-0.6233766233766234,0.09740259740259741,-0.461038961038961,0.09090909090909091,-0.34415584415584416,-0.12987012987012986,-0.43506493506493504,0.006493506493506494,-0.487012987012987,0.07792207792207792,-0.35064935064935066,0.09090909090909091,-0.24025974025974026
u,0.0,0.0,0.1910828025477707,-0.08280254777070063,0.31210191082802546,-0.28662420382165604,0.25477707006369427,-0.47770700636942676,0.12101910828025478,-0.5477707006369427,0.2229299363057325,-0.5095541401273885,0.28662420382165604,-0.7133757961783439,0.31210191082802546,-0.8343949044585988,0.33121019108280253,-0.9363057324840764,0.10191082802547771,-0.5222929936305732,0.17197452229299362,-0.7579617834394905,0.24203821656050956,-0.89171974522293,0.27388535031847133,-1.0,-0.012738853503184714,-0.5031847133757962,0.08280254777070063,-0.6305732484076433,0.12101910828025478,-0.4713375796178344,0.10828025477707007,-0.3503184713375796,-0.10828025477707007,-0.445859872611465,0.03821656050955414,-0.4840764331210191,0.09554140127388536,-0.34394904458598724,0.10191082802547771,-0.2356687898089172
u,0.0,0.0,0.189873417721519,-0.0759493670886076,0.3227848101265823,-0.2848101265822785,0.2721518987341772,-0.4810126582278481,0.13291139240506328,-0.5506329113924051,0.23417721518987342,-0.5,0.2974683544303797,-0.7025316455696202,0.3227848101265823,-0.8291139240506329,0.34177215189873417,-0.9367088607594937,0.11392405063291139,-0.5189873417721519,0.18354430379746836,-0.7468354430379747,0.2468354430379747,-0.8860759493670886,0.27848101265822783,-1.0,0.0,-0.5,0.10126582278481013,-0.620253164556962,0.13924050632911392,-0.45569620253164556,0.13291139240506328,-0.34177215189873417,-0.0949367088607595,-0.44936708860759494,0.056962025316455694,-0.4873417721518987,0.12025316455696203,-0.34177215189873417,0.12025316455696203,-0.23417721518987342
u,0.0,0.0,0.20253164556962025,-0.08227848101265822,0.33544303797468356,-0.2848101265822785,0.2848101265822785,-0.4810126582278481,0.14556962025316456,-0.5506329113924051,0.24050632911392406,-0.5126582278481012,0.3037974683544304,-0.7088607594936709,0.3291139240506329,-0.8291139240506329,0.34810126582278483,-0.9367088607594937,0.12025316455696203,-0.5253164556962026,0.189873417721519,-0.7468354430379747,0.25316455696202533,-0.879746835443038,0.27848101265822783,-1.0,0.006329113924050633,-0.5063291139240507,0.10126582278481013,-0.6329113924050633,0.15822784810126583,-0.46835443037974683,0.15822784810126583,-0.34810126582278483,-0.08860759493670886,-0.44936708860759494,0.056962025316455694,-0.4936708860759494,0.12025316455696203,-0.35443037974683544,0.12025316455696203,-0.24050632911392406
u,0.0,0.0,0.20754716981132076,-0.0880503144654088,0.33962264150943394,-0.2830188679245283,0.3018867924528302,-0.4716981132075472,0.16352201257861634,-0.5408805031446541,0.25157232704402516,-0.5220125786163522,0.31446540880503143,-0.7169811320754716,0.3333333333333333,-0.8364779874213837,0.3584905660377358,-0.9433962264150944,0.1320754716981132,-0.5345911949685535,0.1949685534591195,-0.7547169811320755,0.2578616352201258,-0.8867924528301887,0.2893081761006289,-1.0,0.006289308176100629,-0.5157232704402516,0.11320754716981132,-0.6415094339622641,0.16352201257861634,-0.4779874213836478,0.16352201257861634,-0.3584905660377358,-0.0880503144654088,-0.4528301886792453,0.06918238993710692,-0.49056603773584906,0.12578616352201258,-0.3522012578616352,0.12578616352201258,-0.24528301886792453
u,0.0,0.0,0.20245398773006135,-0.09815950920245399,0.3374233128834356,-0.2822085889570552,0.3067484662576687,-0.4539877300613497,0.17791411042944785,-0.5276073619631901,0.2392638036809816,-0.5214723926380368,0.3006134969325153,-0.7116564417177914,0.31901840490797545,-0.8343558282208589,0.3374233128834356,-0.9386503067484663,0.1165644171779141,-0.5398773006134969,0.17791411042944785,-0.754601226993865,0.2331288343558282,-0.8895705521472392,0.26380368098159507,-1.0,0.0,-0.5153374233128835,0.1165644171779141,-0.6257668711656442,0.1656441717791411,-0.4662576687116564,0.17177914110429449,-0.3496932515337423,-0.08588957055214724,-0.4539877300613497,0.0736196319018405,-0.4785276073619632,0.12883435582822086,-0.3496932515337423,0.12883435582822086,-0.24539877300613497
u,0.0,0.0,0.20481927710843373,-0.09036144578313253,0.3373493975903614,-0.2891566265060241,0.30120481927710846,-0.46987951807228917,0.1566265060240964,-0.5180722891566265,0.21084337349397592,-0.5120481927710844,0.26506024096385544,-0.7168674698795181,0.28313253012048195,-0.8433734939759037,0.2891566265060241,-0.9518072289156626,0.09036144578313253,-0.5240963855421686,0.13855421686746988,-0.7530120481927711,0.1927710843373494,-0.891566265060241,0.22289156626506024,-1.0,-0.018072289156626505,-0.5,0.0963855421686747,-0.6445783132530121,0.15060240963855423,-0.4879518072289157,0.15060240963855423,-0.3674698795180723,-0.08433734939759036,-0.4457831325301205,0.0783132530120482,-0.4759036144578313,0.14457831325301204,-0.3373493975903614,0.15060240963855423,-0.23493975903614459
u,0.0,0.0,0.1893491124260355,-0.09467455621301775,0.3136094674556213,-0.27218934911242604,0.3136094674556213,-0.4378698224852071,0.1834319526627219,-0.48520710059171596,0.1893491124260355,-0.5207100591715976,0.23076923076923078,-0.7218934911242604,0.24260355029585798,-0.8461538461538461,0.2485207100591716,-0.9467455621301775,0.07100591715976332,-0.5266272189349113,0.11242603550295859,-0.7455621301775148,0.15976331360946747,-0.8875739644970414,0.1834319526627219,-1.0,-0.03550295857988166,-0.4970414201183432,0.09467455621301775,-0.6272189349112426,0.15384615384615385,-0.47337278106508873,0.15384615384615385,-0.3668639053254438,-0.09467455621301775,-0.4319526627218935,0.07692307692307693,-0.4556213017751479,0.13609467455621302,-0.33727810650887574,0.13609467455621302,-0.2485207100591716
u,0.0,0.0,0.1695906432748538,-0.10526315789473684,0.2982456140350877,-0.2807017543859649,0.30409356725146197,-0.4444444444444444,0.18128654970760233,-0.49707602339181284,0.15204678362573099,-0.5321637426900585,0.19298245614035087,-0.7309941520467836,0.2046783625730994,-0.847953216374269,0.2046783625730994,-0.9590643274853801,0.03508771929824561,-0.5321637426900585,0.07602339181286549,-0.7543859649122807,0.12280701754385964,-0.8888888888888888,0.14619883040935672,-1.0,-0.06432748538011696,-0.5029239766081871,0.0935672514619883,-0.6198830409356725,0.15204678362573099,-0.47953216374269003,0.15204678362573099,-0.3742690058479532,-0.1111111111111111,-0.4327485380116959,0.08771929824561403,-0.4444444444444444,0.13450292397660818,-0.3333333333333333,0.1286549707602339,-0.25146198830409355
u,0.0,0.0,0.17647058823529413,-0.09411764705882353,0.29411764705882354,-0.2823529411764706,0.29411764705882354,-0.4470588235294118,0.17058823529411765,-0.49411764705882355,0.15294117647058825,-0.5294117647058824,0.18823529411764706,-0.7294117647058823,0.2,-0.8529411764705882,0.2,-0.9529411764705882,0.03529411764705882,-0.5294117647058824,0.06470588235294118,-0.7529411764705882,0.11176470588235295,-0.888235294117647,0.13529411764705881,-1.0,-0.07058823529411765,-0.49411764705882355,0.08235294117647059,-0.611764705882353,0.1411764705882353,-0.4764705882352941,0.1411764705882353,-0.3764705882352941,-0.11764705882352941,-0.4294117647058823,0.07647058823529412,-0.4470588235294118,0.13529411764705881,-0.32941176470588235,0.13529411764705881,-0.24705882352941178
u,0.0,0.0,0.18023255813953487,-0.09883720930232558,0.3081395348837209,-0.27906976744186046,0.313953488372093,-0.436046511627907,0.19186046511627908,-0.48255813953488375,0.1686046511627907,-0.5232558139534884,0.20348837209302326,-0.7151162790697675,0.21511627906976744,-0.8313953488372093,0.21511627906976744,-0.9418604651162791,0.05232558139534884,-0.5290697674418605,0.0872093023255814,-0.7441860465116279,0.13372093023255813,-0.8837209302325582,0.1569767441860465,-1.0,-0.046511627906976744,-0.4941860465116279,0.10465116279069768,-0.6104651162790697,0.16279069767441862,-0.46511627906976744,0.1569767441860465,-0.36046511627906974,-0.09883720930232558,-0.42441860465116277,0.09302325581395349,-0.4476744186046512,0.13953488372093023,-0.3313953488372093,0.13953488372093023,-0.25
u,0.0,0.0,0.18235294117647058,-0.1,0.3058823529411765,-0.28823529411764703,0.3,-0.4411764705882353,0.18235294117647058,-0.4823529411764706,0.17058823529411765,-0.5294117647058824,0.2,-0.711764705882353,0.20588235294117646,-0.8352941176470589,0.21176470588235294,-0.9411764705882353,0.052941176470588235,-0.5352941176470588,0.07647058823529412,-0.7470588235294118,0.12352941176470589,-0.8823529411764706,0.1588235294117647,-1.0,-0.052941176470588235,-0.5,0.1,-0.5941176470588235,0.14705882352941177,-0.45294117647058824,0.1411764705882353,-0.35294117647058826,-0.11176470588235295,-0.4235294117647059,0.08235294117647059,-0.4470588235294118,0.12941176470588237,-0.32941176470588235,0.12352941176470589,-0.24705882352941178
u,0.0,0.0,0.18452380952380953,-0.09523809523809523,0.30952380952380953,-0.27380952380952384,0.31547619047619047,-0.44047619047619047,0.19642857142857142,-0.49404761904761907,0.17261904761904762,-0.5178571428571429,0.20833333333333334,-0.7202380952380952,0.22023809523809523,-0.8392857142857143,0.22023809523809523,-0.9464285714285714,0.05357142857142857,-0.5238095238095238,0.08928571428571429,-0.7440476190476191,0.13690476190476192,-0.8869047619047619,0.16071428571428573,-1.0,-0.047619047619047616,-0.49404761904761907,0.10714285714285714,-0.6190476190476191,0.15476190476190477,-0.47023809523809523,0.15476190476190477,-0.3630952380952381,-0.09523809523809523,-0.42857142857142855,0.08928571428571429,-0.4523809523809524,0.14285714285714285,-0.3392857142857143,0.13690476190476192,-0.25
u,0.0,0.0,0.20958083832335328,-0.09580838323353294,0.33532934131736525,-0.281437125748503,0.32934131736526945,-0.4491017964071856,0.20359281437125748,-0.5029940119760479,0.20958083832335328,-0.5089820359281437,0.25149700598802394,-0.7065868263473054,0.2634730538922156,-0.8263473053892215,0.2754491017964072,-0.9341317365269461,0.09580838323353294,-0.5209580838323353,0.1377245508982036,-0.7485029940119761,0.19161676646706588,-0.8862275449101796,0.2215568862275449,-1.0,-0.017964071856287425,-0.49700598802395207,0.11976047904191617,-0.6347305389221557,0.17365269461077845,-0.47305389221556887,0.17365269461077845,-0.3592814371257485,-0.07784431137724551,-0.437125748502994,0.09580838323353294,-0.47305389221556887,0.16167664670658682,-0.3413173652694611,0.16167664670658682,-0.25149700598802394
u,0.0,0.0,0.20382165605095542,-0.06369426751592357,0.3503184713375796,-0.267515923566879,0.31210191082802546,-0.4713375796178344,0.1592356687898089,-0.5031847133757962,0.22929936305732485,-0.5031847133757962,0.2802547770700637,-0.7070063694267515,0.3057324840764331,-0.8407643312101911,0.3184713375796178,-0.9490445859872612,0.10828025477707007,-0.5159235668789809,0.16560509554140126,-0.7452229299363057,0.22929936305732485,-0.8853503184713376,0.267515923566879,-1.0,-0.006369426751592357,-0.4968152866242038,0.09554140127388536,-0.6496815286624203,0.1337579617834395,-0.47770700636942676,0.12101910828025478,-0.3503184713375796,-0.09554140127388536,-0.4394904458598726,0.05732484076433121,-0.49044585987261147,0.1337579617834395,-0.34394904458598724,0.1464968152866242,-0.22929936305732485
u,0.0,0.0,0.21428571428571427,-0.05844155844155844,0.36363636363636365,-0.2597402597402597,0.3116883116883117,-0.461038961038961,0.14935064935064934,-0.512987012987013,0.2532467532467532,-0.5,0.3181818181818182,-0.7077922077922078,0.34415584415584416,-0.8376623376623377,0.37012987012987014,-0.948051948051948,0.12987012987012986,-0.5194805194805194,0.2012987012987013,-0.7467532467532467,0.2727272727272727,-0.8831168831168831,0.3181818181818182,-1.0,0.012987012987012988,-0.5,0.1038961038961039,-0.6298701298701299,0.14935064935064934,-0.461038961038961,0.14285714285714285,-0.33766233766233766,-0.09090909090909091,-0.44155844155844154,0.05194805194805195,-0.487012987012987,0.11688311688311688,-0.34415584415584416,0.12337662337662338,-0.22727272727272727
u,0.0,0.0,0.22,-0.05333333333333334,0.38,-0.25333333333333335,0.34,-0.46,0.17333333333333334,-0.5133333333333333,0.28,-0.5066666666666667,0.36,-0.7066666666666667,0.3933333333333333,-0.8333333333333334,0.42,-0.94,0.16,-0.5266666666666666,0.23333333333333334,-0.7533333333333333,0.31333333333333335,-0.8866666666666667,0.36,-1.0,0.03333333333333333,-0.5066666666666667,0.13333333333333333,-0.6266666666666667,0.17333333333333334,-0.4666666666666667,0.16666666666666666,-0.3466666666666667,-0.07333333333333333,-0.44666666666666666,0.07333333333333333,-0.49333333333333335,0.13333333333333333,-0.3466666666666667,0.13333333333333333,-0.23333333333333334
u,0.0,0.0,0.24,-0.04,0.4066666666666667,-0.24,0.37333333333333335,-0.4533333333333333,0.19333333333333333,-0.5066666666666667,0.31333333333333335,-0.5,0.4,-0.7066666666666667,0.44,-0.84,0.47333333333333333,-0.9466666666666667,0.19333333333333333,-0.5266666666666666,0.2733333333333333,-0.7533333333333333,0.35333333333333333,-0.8866666666666667,0.3933333333333333,-1.0,0.06666666666666667,-0.5066666666666667,0.16,-0.64,0.19333333333333333,-0.47333333333333333,0.17333333333333334,-0.35333333333333333,-0.04666666666666667,-0.44666666666666666,0.09333333333333334,-0.5,0.15333333333333332,-0.3466666666666667,0.16,-0.22
u,0.0,0.0,0.21568627450980393,-0.032679738562091505,0.3790849673202614,-0.20915032679738563,0.3464052287581699,-0.40522875816993464,0.1830065359477124,-0.477124183006536,0.3137254901960784,-0.5098039215686274,0.39215686274509803,-0.7058823529411765,0.43790849673202614,-0.8366013071895425,0.47058823529411764,-0.9477124183006536,0.1895424836601307,-0.5359477124183006,0.2679738562091503,-0.7581699346405228,0.35294117647058826,-0.8888888888888888,0.39869281045751637,-1.0,0.06535947712418301,-0.5163398692810458,0.16339869281045752,-0.6209150326797386,0.19607843137254902,-0.45751633986928103,0.1830065359477124,-0.33986928104575165,-0.0392156862745098,-0.45098039215686275,0.10457516339869281,-0.47058823529411764,0.16339869281045752,-0.3137254901960784,0.16993464052287582,-0.19607843137254902
v,0.0,0.0,0.1875,-0.07954545454545454,0.2897727272727273,-0.22727272727272727,0.24431818181818182,-0.35795454545454547,0.14204545454545456,-0.4375,0.2215909090909091,-0.5056818181818182,0.2840909090909091,-0.6988636363636364,0.32386363636363635,-0.8125,0.35795454545454547,-0.9204545454545454,0.11363636363636363,-0.5056818181818182,0.11363636363636363,-0.7443181818181818,0.125,-0.8806818181818182,0.125,-1.0,0.011363636363636364,-0.45454545454545453,0.03409090909090909,-0.6306818181818182,0.10795454545454546,-0.5113636363636364,0.14772727272727273,-0.4034090909090909,-0.06818181818181818,-0.375,-0.011363636363636364,-0.48863636363636365,0.056818181818181816,-0.4034090909090909,0.10227272727272728,-0.3125
v,0.0,0.0,0.17391304347826086,-0.07065217391304347,0.2608695652173913,-0.20652173913043478,0.20108695652173914,-0.30978260869565216,0.10869565217391304,-0.3858695652173913,0.1956521739130435,-0.5054347826086957,0.25,-0.6847826086956522,0.28804347826086957,-0.7989130434782609,0.31521739130434784,-0.9130434782608695,0.08152173913043478,-0.5,0.059782608695652176,-0.7282608695652174,0.05434782608695652,-0.875,0.03804347826086957,-1.0,-0.02717391304347826,-0.44565217391304346,-0.021739130434782608,-0.5815217391304348,0.05434782608695652,-0.45652173913043476,0.09782608695652174,-0.34782608695652173,-0.11413043478260869,-0.34782608695652173,-0.07065217391304347,-0.41847826086956524,0.010869565217391304,-0.33695652173913043,0.07608695652173914,-0.2554347826086957
v,0.0,0.0,0.16756756756756758,-0.07027027027027027,0.2594594594594595,-0.21081081081081082,0.20540540540540542,-0.31891891891891894,0.11351351351351352,-0.3945945945945946,0.2,-0.5081081081081081,0.2594594594594595,-0.6864864864864865,0.2972972972972973,-0.8054054054054054,0.32972972972972975,-0.9135135135135135,0.08108108108108109,-0.5081081081081081,0.06486486486486487,-0.7297297297297297,0.06486486486486487,-0.8756756756756757,0.04864864864864865,-1.0,-0.02702702702702703,-0.4486486486486487,-0.010810810810810811,-0.5837837837837838,0.06486486486486487,-0.4648648648648649,0.10270270270270271,-0.35135135135135137,-0.11351351351351352,-0.3567567567567568,-0.05945945945945946,-0.42162162162162165,0.021621621621621623,-0.34054054054054056,0.08648648648648649,-0.2648648648648649
v,0.0,0.0,0.16939890710382513,-0.06557377049180328,0.2677595628415301,-0.19672131147540983,0.21311475409836064,-0.3114754098360656,0.11475409836065574,-0.39344262295081966,0.21311475409836064,-0.5027322404371585,0.28415300546448086,-0.6721311475409836,0.32786885245901637,-0.7923497267759563,0.36065573770491804,-0.9016393442622951,0.09289617486338798,-0.5027322404371585,0.07103825136612021,-0.73224043715847,0.06557377049180328,-0.8743169398907104,0.04918032786885246,-1.0,-0.02185792349726776,-0.44808743169398907,0.0,-0.5792349726775956,0.07103825136612021,-0.453551912568306,0.1092896174863388,-0.3442622950819672,-0.1092896174863388,-0.3551912568306011,-0.04371584699453552,-0.41530054644808745,0.03278688524590164,-0.31693989071038253,0.08743169398907104,-0.22950819672131148
v,0.0,0.0,0.17391304347826086,-0.07065217391304347,0.2717391304347826,-0.20108695652173914,0.22282608695652173,-0.30978260869565216,0.125,-0.391304347826087,0.21739130434782608,-0.4945652173913043,0.29891304347826086,-0.6684782608695652,0.34782608695652173,-0.782608695652174,0.391304347826087,-0.8913043478260869,0.09782608695652174,-0.5,0.08152173913043478,-0.7282608695652174,0.07608695652173914,-0.875,0.06521739130434782,-1.0,-0.016304347826086956,-0.44565217391304346,0.016304347826086956,-0.5706521739130435,0.08695652173913043,-0.44565217391304346,0.11956521739130435,-0.33695652173913043,-0.10326086956521739,-0.3532608695652174,-0.02717391304347826,-0.41304347826086957,0.05434782608695652,-0.31521739130434784,0.10869565217391304,-0.22826086956521738
v,0.0,0.0,0.17297297297297298,-0.06486486486486487,0.2702702702702703,-0.1945945945945946,0.23243243243243245,-0.3027027027027027,0.13513513513513514,-0.3783783783783784,0.22162162162162163,-0.4918918918918919,0.3027027027027027,-0.6648648648648648,0.35135135135135137,-0.7783783783783784,0.3945945945945946,-0.8810810810810811,0.10270270270270271,-0.4918918918918919,0.08108108108108109,-0.7243243243243244,0.07567567567567568,-0.8702702702702703,0.06486486486486487,-1.0,-0.010810810810810811,-0.44324324324324327,0.021621621621621623,-0.5675675675675675,0.0918918918918919,-0.43783783783783786,0.12432432432432433,-0.32972972972972975,-0.10270270270270271,-0.35135135135135137,-0.021621621621621623,-0.41081081081081083,0.06486486486486487,-0.31351351351351353,0.11891891891891893,-0.22702702702702704
v,0.0,0.0,0.1813186813186813,-0.06043956043956044,0.2857142857142857,-0.19230769230769232,0.24725274725274726,-0.3131868131868132,0.14285714285714285,-0.38461538461538464,0.23076923076923078,-0.4945054945054945,0.3131868131868132,-0.6648351648351648,0.37362637362637363,-0.7802197802197802,0.41208791208791207,-0.8846153846153846,0.10989010989010989,-0.5,0.08791208791208792,-0.7307692307692307,0.08791208791208792,-0.8736263736263736,0.07692307692307693,-1.0,-0.005494505494505495,-0.45054945054945056,0.03296703296703297,-0.5769230769230769,0.1043956043956044,-0.44505494505494503,0.13186813186813187,-0.33516483516483514,-0.0989010989010989,-0.35714285714285715,-0.01098901098901099,-0.4175824175824176,0.07692307692307693,-0.31868131868131866,0.13186813186813187,-0.22527472527472528
v,0.0,0.0,0.17582417582417584,-0.054945054945054944,0.2802197802197802,-0.19230769230769232,0.23626373626373626,-0.3076923076923077,0.13736263736263737,-0.3901098901098901,0.22527472527472528,-0.4945054945054945,0.3021978021978022,-0.6648351648351648,0.35714285714285715,-0.7747252747252747,0.3956043956043956,-0.8846153846153846,0.1043956043956044,-0.5,0.08791208791208792,-0.7307692307692307,0.09340659340659341,-0.8736263736263736,0.08791208791208792,-1.0,-0.01098901098901099,-0.45054945054945056,0.027472527472527472,-0.5714285714285714,0.0989010989010989,-0.4340659340659341,0.12637362637362637,-0.31868131868131866,-0.1043956043956044,-0.35714285714285715,-0.01098901098901099,-0.4065934065934066,0.07142857142857142,-0.3021978021978022,0.12637362637362637,-0.21428571428571427
v,0.0,0.0,0.17222222222222222,-0.06111111111111111,0.2777777777777778,-0.19444444444444445,0.2388888888888889,-0.3111111111111111,0.1388888888888889,-0.4,0.21666666666666667,-0.49444444444444446,0.29444444444444445,-0.6722222222222223,0.35,-0.7888888888888889,0.3888888888888889,-0.8944444444444445,0.09444444444444444,-0.5055555555555555,0.08333333333333333,-0.7333333333333333,0.08888888888888889,-0.8777777777777778,0.08888888888888889,-1.0,-0.016666666666666666,-0.45555555555555555,0.022222222222222223,-0.5833333333333334,0.09444444444444444,-0.4444444444444444,0.12777777777777777,-0.3333333333333333,-0.1111111111111111,-0.36666666666666664,-0.016666666666666666,-0.4166666666666667,0.07222222222222222,-0.3111111111111111,0.12222222222222222,-0.22777777777777777
v,0.0,0.0,0.1813186813186813,-0.06043956043956044,0.2857142857142857,-0.18681318681318682,0.24725274725274726,-0.3021978021978022,0.15384615384615385,-0.3901098901098901,0.22527472527472528,-0.489010989010989,0.3021978021978022,-0.6648351648351648,0.35714285714285715,-0.7802197802197802,0.3956043956043956,-0.8901098901098901,0.1043956043956044,-0.4945054945054945,0.09340659340659341,-0.7252747252747253,0.0989010989010989,-0.8736263736263736,0.09340659340659341,-1.0,-0.01098901098901099,-0.44505494505494503,0.038461538461538464,-0.5659340659340659,0.1043956043956044,-0.4340659340659341,0.13736263736263737,-0.3241758241758242,-0.0989010989010989,-0.35714285714285715,-0.005494505494505495,-0.4065934065934066,0.08241758241758242,-0.3021978021978022,0.13736263736263737,-0.21428571428571427
v,0.0,0.0,0.1787709497206704,-0.055865921787709494,0.2849162011173184,-0.18994413407821228,0.24581005586592178,-0.30726256983240224,0.13966480446927373,-0.39106145251396646,0.21787709497206703,-0.4972067039106145,0.3016759776536313,-0.6703910614525139,0.3575418994413408,-0.7877094972067039,0.4022346368715084,-0.8994413407821229,0.09497206703910614,-0.5027932960893855,0.08379888268156424,-0.7318435754189944,0.09497206703910614,-0.8770949720670391,0.0893854748603352,-1.0,-0.01675977653631285,-0.45251396648044695,0.027932960893854747,-0.5810055865921788,0.1005586592178771,-0.441340782122905,0.1340782122905028,-0.329608938547486,-0.10614525139664804,-0.3687150837988827,-0.00558659217877095,-0.40782122905027934,0.0782122905027933,-0.3016759776536313,0.1340782122905028,-0.2122905027932961
v,0.0,0.0,0.17318435754189945,-0.061452513966480445,0.27932960893854747,-0.18994413407821228,0.24022346368715083,-0.30726256983240224,0.13966480446927373,-0.39106145251396646,0.21787709497206703,-0.4972067039106145,0.29608938547486036,-0.6703910614525139,0.35195530726256985,-0.7877094972067039,0.39106145251396646,-0.8994413407821229,0.09497206703910614,-0.5027932960893855,0.0893854748603352,-0.7318435754189944,0.09497206703910614,-0.8770949720670391,0.0893854748603352,-1.0,-0.01675977653631285,-0.45251396648044695,0.027932960893854747,-0.5754189944134078,0.1005586592178771,-0.43575418994413406,0.12849162011173185,-0.3240223463687151,-0.10614525139664804,-0.36312849162011174,-0.0111731843575419,-0.40782122905027934,0.0782122905027933,-0.30726256983240224,0.1340782122905028,-0.21787709497206703
v,0.0,0.0,0.17679558011049723,-0.06077348066298342,0.281767955801105,-0.1878453038674033,0.24861878453038674,-0.30386740331491713,0.14917127071823205,-0.3867403314917127,0.2265193370165746,-0.49171270718232046,0.2983425414364641,-0.6685082872928176,0.34806629834254144,-0.7845303867403315,0.39226519337016574,-0.8950276243093923,0.10497237569060773,-0.5027624309392266,0.09944751381215469,-0.7292817679558011,0.11602209944751381,-0.8729281767955801,0.11049723756906077,-1.0,-0.011049723756906077,-0.4530386740331492,0.03314917127071823,-0.574585635359116,0.10497237569060773,-0.43646408839779005,0.13259668508287292,-0.3314917127071823,-0.10497237569060773,-0.36464088397790057,-0.0055248618784530384,-0.4088397790055249,0.08287292817679558,-0.30939226519337015,0.13812154696132597,-0.22099447513812154
v,0.0,0.0,0.18232044198895028,-0.06077348066298342,0.287292817679558,-0.1878453038674033,0.2541436464088398,-0.30386740331491713,0.16022099447513813,-0.3867403314917127,0.23204419889502761,-0.49171270718232046,0.30939226519337015,-0.6629834254143646,0.35911602209944754,-0.7790055248618785,0.40331491712707185,-0.8895027624309392,0.11049723756906077,-0.5027624309392266,0.10497237569060773,-0.7292817679558011,0.11602209944751381,-0.8729281767955801,0.11602209944751381,-1.0,-0.0055248618784530384,-0.4530386740331492,0.03867403314917127,-0.574585635359116,0.11049723756906077,-0.4419889502762431,0.143646408839779,-0.3314917127071823,-0.09944751381215469,-0.36464088397790057,0.0,-0.4088397790055249,0.08839779005524862,-0.30939226519337015,0.14917127071823205,-0.2265193370165746
v,0.0,0.0,0.1878453038674033,-0.06077348066298342,0.2983425414364641,-0.1878453038674033,0.2596685082872928,-0.30939226519337015,0.16574585635359115,-0.3867403314917127,0.2430939226519337,-0.48066298342541436,0.3314917127071823,-0.6574585635359116,0.3867403314917127,-0.7679558011049724,0.430939226519337,-0.8784530386740331,0.1270718232044199,-0.49171270718232046,0.12154696132596685,-0.7237569060773481,0.13259668508287292,-0.8729281767955801,0.13259668508287292,-1.0,0.011049723756906077,-0.44751381215469616,0.055248618784530384,-0.56353591160221,0.12154696132596685,-0.430939226519337,0.15469613259668508,-0.32044198895027626,-0.08287292817679558,-0.36464088397790057,0.0055248618784530384,-0.4143646408839779,0.09392265193370165,-0.30939226519337015,0.14917127071823205,-0.22099447513812154
v,0.0,0.0,0.1864406779661017,-0.05084745762711865,0.3050847457627119,-0.1751412429378531,0.2655367231638418,-0.2937853107344633,0.1751412429378531,-0.384180790960452,0.2598870056497175,-0.480225988700565,0.3559322033898305,-0.655367231638418,0.4180790960451977,-0.768361581920904,0.4689265536723164,-0.8757062146892656,0.14124293785310735,-0.4971751412429379,0.14124293785310735,-0.7288135593220338,0.15819209039548024,-0.8700564971751412,0.1638418079096045,-1.0,0.022598870056497175,-0.4519774011299435,0.06779661016949153,-0.576271186440678,0.12994350282485875,-0.4406779661016949,0.15254237288135594,-0.327683615819209,-0.07909604519774012,-0.3728813559322034,0.011299435028248588,-0.4124293785310734,0.096045197740113,-0.3050847457627119,0.14689265536723164,-0.20903954802259886
v,0.0,0.0,0.19101123595505617,-0.05056179775280899,0.3089887640449438,-0.16853932584269662,0.2696629213483146,-0.29213483146067415,0.16853932584269662,-0.3707865168539326,0.2696629213483146,-0.46629213483146065,0.3707865168539326,-0.6404494382022472,0.43258426966292135,-0.7528089887640449,0.4887640449438202,-0.8595505617977528,0.15168539325842698,-0.48314606741573035,0.15730337078651685,-0.7191011235955056,0.17415730337078653,-0.8651685393258427,0.1797752808988764,-1.0,0.028089887640449437,-0.4438202247191011,0.07303370786516854,-0.5674157303370787,0.12921348314606743,-0.43258426966292135,0.15730337078651685,-0.3202247191011236,-0.07303370786516854,-0.3651685393258427,0.011235955056179775,-0.4101123595505618,0.09550561797752809,-0.29775280898876405,0.15168539325842698,-0.20786516853932585
v,0.0,0.0,0.1875,-0.045454545454545456,0.3068181818181818,-0.16477272727272727,0.26136363636363635,-0.2897727272727273,0.17045454545454544,-0.3806818181818182,0.2784090909090909,-0.4715909090909091,0.3806818181818182,-0.6363636363636364,0.44886363636363635,-0.75,0.5056818181818182,-0.8579545454545454,0.1534090909090909,-0.48863636363636365,0.1590909090909091,-0.7215909090909091,0.17613636363636365,-0.8693181818181818,0.1875,-1.0,0.03409090909090909,-0.44886363636363635,0.07386363636363637,-0.5681818181818182,0.13068181818181818,-0.42613636363636365,0.1590909090909091,-0.3181818181818182,-0.06818181818181818,-0.3693181818181818,0.005681818181818182,-0.4090909090909091,0.09090909090909091,-0.3068181818181818,0.1534090909090909,-0.2159090909090909
v,0.0,0.0,0.1875,-0.03977272727272727,0.3068181818181818,-0.1590909090909091,0.26136363636363635,-0.2840909090909091,0.17613636363636365,-0.375,0.2784090909090909,-0.4715909090909091,0.38636363636363635,-0.6363636363636364,0.45454545454545453,-0.7443181818181818,0.5113636363636364,-0.8522727272727273,0.1590909090909091,-0.48863636363636365,0.1590909090909091,-0.7215909090909091,0.17045454545454544,-0.8693181818181818,0.17613636363636365,-1.0,0.03409090909090909,-0.4431818181818182,0.07386363636363637,-0.5625,0.13636363636363635,-0.42613636363636365,0.1590909090909091,-0.3125,-0.06818181818181818,-0.36363636363636365,0.005681818181818182,-0.4090909090909091,0.08522727272727272,-0.3068181818181818,0.14772727272727273,-0.2159090909090909
v,0.0,0.0,0.17714285714285713,-0.04,0.29714285714285715,-0.1657142857142857,0.25142857142857145,-0.2857142857142857,0.1657142857142857,-0.37714285714285717,0.2742857142857143,-0.4742857142857143,0.37714285714285717,-0.6342857142857142,0.44571428571428573,-0.7428571428571429,0.5028571428571429,-0.8457142857142858,0.14857142857142858,-0.49142857142857144,0.14857142857142858,-0.7257142857142858,0.16,-0.8742857142857143,0.1657142857142857,-1.0,0.02857142857142857,-0.44571428571428573,0.06285714285714286,-0.5657142857142857,0.12571428571428572,-0.4228571428571429,0.14857142857142858,-0.30857142857142855,-0.07428571428571429,-0.3657142857142857,-0.005714285714285714,-0.4057142857142857,0.07428571428571429,-0.3028571428571429,0.13714285714285715,-0.21142857142857144
w,0.0,0.0,0.19318181818181818,-0.045454545454545456,0.32386363636363635,-0.14772727272727273,0.2840909090909091,-0.26136363636363635,0.1534090909090909,-0.32954545454545453,0.23863636363636365,-0.4943181818181818,0.32386363636363635,-0.6875,0.39204545454545453,-0.8011363636363636,0.45454545454545453,-0.8977272727272727,0.125,-0.5113636363636364,0.13636363636363635,-0.7329545454545454,0.1534090909090909,-0.875,0.17045454545454544,-1.0,0.022727272727272728,-0.4659090909090909,0.005681818181818182,-0.6079545454545454,0.028409090909090908,-0.7102272727272727,0.03977272727272727,-0.8011363636363636,-0.06818181818181818,-0.375,-0.011363636363636364,-0.38636363636363635,0.045454545454545456,-0.3352272727272727,0.07954545454545454,-0.2840909090909091
w,0.0,0.0,0.17032967032967034,-0.07142857142857142,0.27472527472527475,-0.2032967032967033,0.21978021978021978,-0.31868131868131866,0.1043956043956044,-0.38461538461538464,0.1978021978021978,-0.5164835164835165,0.2692307692307692,-0.6978021978021978,0.3131868131868132,-0.8076923076923077,0.3626373626373626,-0.9065934065934066,0.08241758241758242,-0.5274725274725275,0.08241758241758242,-0.7417582417582418,0.08791208791208792,-0.8791208791208791,0.08791208791208792,-1.0,-0.02197802197802198,-0.47802197802197804,-0.03296703296703297,-0.6428571428571429,-0.027472527472527472,-0.7582417582417582,-0.027472527472527472,-0.8626373626373627,-0.11538461538461539,-0.3791208791208791,-0.04395604395604396,-0.42857142857142855,0.03296703296703297,-0.36813186813186816,0.07142857142857142,-0.3021978021978022
w,0.0,0.0,0.192090395480226,-0.062146892655367235,0.2994350282485876,-0.1977401129943503,0.23728813559322035,-0.3333333333333333,0.10734463276836158,-0.3898305084745763,0.22598870056497175,-0.5084745762711864,0.3107344632768362,-0.6836158192090396,0.3615819209039548,-0.7853107344632768,0.4124293785310734,-0.8870056497175142,0.10734463276836158,-0.519774011299435,0.12429378531073447,-0.7457627118644068,0.12994350282485875,-0.8813559322033898,0.12994350282485875,-1.0,0.0,-0.4745762711864407,-0.022598870056497175,-0.655367231638418,-0.011299435028248588,-0.768361581920904,-0.005649717514124294,-0.8700564971751412,-0.0903954802259887,-0.3728813559322034,-0.03389830508474576,-0.4293785310734463,0.04519774011299435,-0.3728813559322034,0.07909604519774012,-0.3107344632768362
w,0.0,0.0,0.192090395480226,-0.06779661016949153,0.2937853107344633,-0.2033898305084746,0.24858757062146894,-0.3389830508474576,0.11864406779661017,-0.3898305084745763,0.2033898305084746,-0.5084745762711864,0.2824858757062147,-0.6892655367231638,0.3333333333333333,-0.8022598870056498,0.384180790960452,-0.8983050847457628,0.0847457627118644,-0.519774011299435,0.096045197740113,-0.7457627118644068,0.096045197740113,-0.8813559322033898,0.0903954802259887,-1.0,-0.011299435028248588,-0.4689265536723164,-0.03954802259887006,-0.6440677966101694,-0.02824858757062147,-0.7570621468926554,-0.02824858757062147,-0.8531073446327684,-0.096045197740113,-0.3785310734463277,-0.03389830508474576,-0.4350282485875706,0.04519774011299435,-0.384180790960452,0.0903954802259887,-0.3163841807909605
w,0.0,0.0,0.17613636363636365,-0.06818181818181818,0.2897727272727273,-0.21022727272727273,0.23863636363636365,-0.3409090909090909,0.11363636363636363,-0.4034090909090909,0.21022727272727273,-0.5170454545454546,0.29545454545454547,-0.6875,0.3522727272727273,-0.7954545454545454,0.4034090909090909,-0.8920454545454546,0.09090909090909091,-0.5340909090909091,0.10795454545454546,-0.75,0.11363636363636363,-0.8863636363636364,0.11931818181818182,-1.0,-0.011363636363636364,-0.48863636363636365,-0.028409090909090908,-0.6761363636363636,-0.017045454545454544,-0.7954545454545454,-0.017045454545454544,-0.8977272727272727,-0.10227272727272728,-0.39204545454545453,-0.03409090909090909,-0.45454545454545453,0.03977272727272727,-0.38636363636363635,0.07386363636363637,-0.3125
w,0.0,0.0,0.18497109826589594,-0.05202312138728324,0.30057803468208094,-0.19653179190751446,0.23699421965317918,-0.3468208092485549,0.10982658959537572,-0.41040462427745666,0.24277456647398843,-0.5086705202312138,0.34104046242774566,-0.6820809248554913,0.3988439306358382,-0.7803468208092486,0.45664739884393063,-0.8786127167630058,0.12138728323699421,-0.5317919075144508,0.15606936416184972,-0.7514450867052023,0.1676300578034682,-0.884393063583815,0.1791907514450867,-1.0,0.011560693641618497,-0.49710982658959535,0.011560693641618497,-0.6878612716763006,0.023121387283236993,-0.8092485549132948,0.023121387283236993,-0.9190751445086706,-0.08670520231213873,-0.4046242774566474,-0.005780346820809248,-0.47398843930635837,0.06358381502890173,-0.3872832369942196,0.08092485549132948,-0.2947976878612717
w,0.0,0.0,0.18823529411764706,-0.047058823529411764,0.3058823529411765,-0.19411764705882353,0.2411764705882353,-0.34705882352941175,0.10588235294117647,-0.4235294117647059,0.27058823529411763,-0.5,0.38235294117647056,-0.6647058823529411,0.45294117647058824,-0.7647058823529411,0.5176470588235295,-0.8647058823529412,0.14705882352941177,-0.5294117647058824,0.19411764705882353,-0.7529411764705882,0.21176470588235294,-0.888235294117647,0.2235294117647059,-1.0,0.03529411764705882,-0.5,0.041176470588235294,-0.6882352941176471,0.052941176470588235,-0.8058823529411765,0.058823529411764705,-0.9176470588235294,-0.07058823529411765,-0.4117647058823529,0.0058823529411764705,-0.4647058823529412,0.07058823529411765,-0.3764705882352941,0.08235294117647059,-0.28823529411764703
w,0.0,0.0,0.19186046511627908,-0.046511627906976744,0.3081395348837209,-0.18604651162790697,0.23837209302325582,-0.3372093023255814,0.11046511627906977,-0.4127906976744186,0.29069767441860467,-0.4941860465116279,0.4069767441860465,-0.6569767441860465,0.47674418604651164,-0.7558139534883721,0.5406976744186046,-0.8488372093023255,0.1686046511627907,-0.5290697674418605,0.22093023255813954,-0.75,0.2441860465116279,-0.8837209302325582,0.2558139534883721,-1.0,0.05232558139534884,-0.4941860465116279,0.05813953488372093,-0.686046511627907,0.0755813953488372,-0.8081395348837209,0.0755813953488372,-0.9186046511627907,-0.05813953488372093,-0.4069767441860465,0.01744186046511628,-0.45930232558139533,0.08139534883720931,-0.37790697674418605,0.10465116279069768,-0.29069767441860467
w,0.0,0.0,0.1952662721893491,-0.03550295857988166,0.3076923076923077,-0.17159763313609466,0.23076923076923078,-0.31952662721893493,0.10650887573964497,-0.40236686390532544,0.2958579881656805,-0.47928994082840237,0.4260355029585799,-0.6390532544378699,0.5029585798816568,-0.7455621301775148,0.5680473372781065,-0.8461538461538461,0.17751479289940827,-0.514792899408284,0.23668639053254437,-0.7396449704142012,0.25443786982248523,-0.8816568047337278,0.2603550295857988,-1.0,0.05325443786982249,-0.48520710059171596,0.0650887573964497,-0.6804733727810651,0.07100591715976332,-0.8047337278106509,0.0650887573964497,-0.9171597633136095,-0.05917159763313609,-0.39644970414201186,0.0,-0.44970414201183434,0.07100591715976332,-0.3727810650887574,0.10059171597633136,-0.2958579881656805
w,0.0,0.0,0.1893491124260355,-0.04142011834319527,0.3076923076923077,-0.17159763313609466,0.23076923076923078,-0.3076923076923077,0.11242603550295859,-0.38461538461538464,0.28994082840236685,-0.4970414201183432,0.41420118343195267,-0.6568047337278107,0.48520710059171596,-0.757396449704142,0.5562130177514792,-0.8579881656804734,0.16568047337278108,-0.5266272189349113,0.22485207100591717,-0.7514792899408284,0.2485207100591716,-0.8875739644970414,0.26627218934911245,-1.0,0.047337278106508875,-0.4911242603550296,0.05325443786982249,-0.6804733727810651,0.05917159763313609,-0.7988165680473372,0.0650887573964497,-0.9112426035502958,-0.0650887573964497,-0.40828402366863903,0.0,-0.44970414201183434,0.07100591715976332,-0.3668639053254438,0.09467455621301775,-0.28402366863905326
w,0.0,0.0,0.18128654970760233,-0.04093567251461988,0.29239766081871343,-0.1695906432748538,0.2222222222222222,-0.30409356725146197,0.10526315789473684,-0.38011695906432746,0.27485380116959063,-0.49122807017543857,0.39766081871345027,-0.6549707602339181,0.47368421052631576,-0.7602339181286549,0.5380116959064327,-0.8538011695906432,0.15789473684210525,-0.5263157894736842,0.21052631578947367,-0.7485380116959064,0.23391812865497075,-0.8830409356725146,0.25146198830409355,-1.0,0.04093567251461988,-0.49122807017543857,0.04093567251461988,-0.6666666666666666,0.05263157894736842,-0.783625730994152,0.05263157894736842,-0.8947368421052632,-0.07017543859649122,-0.40350877192982454,0.0,-0.43859649122807015,0.06432748538011696,-0.3508771929824561,0.08771929824561403,-0.2631578947368421
w,0.0,0.0,0.1724137931034483,-0.05172413793103448,0.27011494252873564,-0.1839080459770115,0.19540229885057472,-0.3103448275862069,0.08620689655172414,-0.39080459770114945,0.25287356321839083,-0.4942528735632184,0.367816091954023,-0.6551724137931034,0.43103448275862066,-0.7586206896551724,0.4942528735632184,-0.8620689655172413,0.13793103448275862,-0.5287356321839081,0.1839080459770115,-0.7471264367816092,0.20114942528735633,-0.8793103448275862,0.20689655172413793,-1.0,0.017241379310344827,-0.4942528735632184,0.017241379310344827,-0.6781609195402298,0.011494252873563218,-0.7931034482758621,0.0,-0.9080459770114943,-0.08620689655172414,-0.40804597701149425,-0.022988505747126436,-0.4425287356321839,0.04597701149425287,-0.3620689655172414,0.08045977011494253,-0.28160919540229884
w,0.0,0.0,0.1686046511627907,-0.05232558139534884,0.27325581395348836,-0.18604651162790697,0.19767441860465115,-0.3081395348837209,0.0872093023255814,-0.38372093023255816,0.2558139534883721,-0.4941860465116279,0.36627906976744184,-0.6569767441860465,0.436046511627907,-0.7616279069767442,0.4941860465116279,-0.8604651162790697,0.13372093023255813,-0.5290697674418605,0.18023255813953487,-0.75,0.19767441860465115,-0.8837209302325582,0.20348837209302326,-1.0,0.01744186046511628,-0.4941860465116279,0.01744186046511628,-0.6744186046511628,0.005813953488372093,-0.7965116279069767,-0.005813953488372093,-0.9069767441860465,-0.09302325581395349,-0.4069767441860465,-0.023255813953488372,-0.4418604651162791,0.05232558139534884,-0.3546511627906977,0.08139534883720931,-0.26744186046511625
w,0.0,0.0,0.17613636363636365,-0.05113636363636364,0.2784090909090909,-0.18181818181818182,0.2159090909090909,-0.30113636363636365,0.11363636363636363,-0.3806818181818182,0.2556818181818182,-0.4943181818181818,0.36363636363636365,-0.6590909090909091,0.42613636363636365,-0.7613636363636364,0.48863636363636365,-0.8636363636363636,0.13636363636363635,-0.5284090909090909,0.18181818181818182,-0.7443181818181818,0.19318181818181818,-0.8806818181818182,0.20454545454545456,-1.0,0.022727272727272728,-0.4943181818181818,0.017045454545454544,-0.6761363636363636,0.011363636363636364,-0.7897727272727273,0.005681818181818182,-0.8920454545454546,-0.07954545454545454,-0.4034090909090909,-0.017045454545454544,-0.4431818181818182,0.056818181818181816,-0.36363636363636365,0.09659090909090909,-0.2840909090909091
w,0.0,0.0,0.1839080459770115,-0.05172413793103448,0.29310344827586204,-0.1839080459770115,0.22413793103448276,-0.2988505747126437,0.11494252873563218,-0.367816091954023,0.25287356321839083,-0.4942528735632184,0.3563218390804598,-0.6666666666666666,0.42528735632183906,-0.7701149425287356,0.4827586206896552,-0.867816091954023,0.13793103448275862,-0.5229885057471264,0.1781609195402299,-0.7413793103448276,0.1896551724137931,-0.8793103448275862,0.19540229885057472,-1.0,0.022988505747126436,-0.4885057471264368,0.017241379310344827,-0.6666666666666666,0.011494252873563218,-0.7758620689655172,0.0,-0.8793103448275862,-0.08045977011494253,-0.39080459770114945,-0.017241379310344827,-0.42528735632183906,0.05172413793103448,-0.3505747126436782,0.08045977011494253,-0.27011494252873564
w,0.0,0.0,0.1896551724137931,-0.05172413793103448,0.29310344827586204,-0.1839080459770115,0.21839080459770116,-0.3045977011494253,0.10344827586206896,-0.3735632183908046,0.25287356321839083,-0.5,0.3620689655172414,-0.6666666666666666,0.42528735632183906,-0.7758620689655172,0.4827586206896552,-0.8735632183908046,0.13793103448275862,-0.5229885057471264,0.1781609195402299,-0.7471264367816092,0.1839080459770115,-0.8793103448275862,0.1896551724137931,-1.0,0.022988505747126436,-0.4827586206896552,0.011494252873563218,-0.6609195402298851,0.005747126436781609,-0.7701149425287356,-0.011494252873563218,-0.8735632183908046,-0.08045977011494253,-0.39080459770114945,-0.022988505747126436,-0.41954022988505746,0.04597701149425287,-0.3390804597701149,0.06896551724137931,-0.26436781609195403
w,0.0,0.0,0.1871345029239766,-0.04093567251461988,0.2982456140350877,-0.1695906432748538,0.22807017543859648,-0.2982456140350877,0.1111111111111111,-0.3742690058479532,0.2631578947368421,-0.49122807017543857,0.3742690058479532,-0.6549707602339181,0.4444444444444444,-0.7660818713450293,0.5087719298245614,-0.8713450292397661,0.14035087719298245,-0.52046783625731,0.1871345029239766,-0.7426900584795322,0.19883040935672514,-0.8830409356725146,0.2046783625730994,-1.0,0.029239766081871343,-0.4853801169590643,0.029239766081871343,-0.6666666666666666,0.023391812865497075,-0.7719298245614035,0.005847953216374269,-0.8771929824561403,-0.07602339181286549,-0.391812865497076,-0.011695906432748537,-0.42105263157894735,0.05263157894736842,-0.32748538011695905,0.07017543859649122,-0.24561403508771928
w,0.0,0.0,0.18604651162790697,-0.040697674418604654,0.29651162790697677,-0.1744186046511628,0.21511627906976744,-0.3023255813953488,0.09883720930232558,-0.37209302325581395,0.27325581395348836,-0.4883720930232558,0.38953488372093026,-0.6511627906976745,0.45930232558139533,-0.7558139534883721,0.5290697674418605,-0.8604651162790697,0.1569767441860465,-0.5174418604651163,0.20348837209302326,-0.7441860465116279,0.21511627906976744,-0.877906976744186,0.22093023255813954,-1.0,0.03488372093023256,-0.48255813953488375,0.03488372093023256,-0.6744186046511628,0.029069767441860465,-0.7906976744186046,0.023255813953488372,-0.9011627906976745,-0.06976744186046512,-0.3953488372093023,-0.005813953488372093,-0.436046511627907,0.05232558139534884,-0.3430232558139535,0.0755813953488372,-0.2558139534883721
w,0.0,0.0,0.18497109826589594,-0.046242774566473986,0.30057803468208094,-0.17341040462427745,0.2254335260115607,-0.30057803468208094,0.10982658959537572,-0.37572254335260113,0.2832369942196532,-0.48554913294797686,0.4046242774566474,-0.653179190751445,0.47398843930635837,-0.7572254335260116,0.5375722543352601,-0.8554913294797688,0.16184971098265896,-0.5202312138728323,0.2138728323699422,-0.7456647398843931,0.23121387283236994,-0.8786127167630058,0.24277456647398843,-1.0,0.046242774566473986,-0.4913294797687861,0.046242774566473986,-0.6705202312138728,0.04046242774566474,-0.7861271676300579,0.028901734104046242,-0.8959537572254336,-0.06358381502890173,-0.4046242774566474,0.005780346820809248,-0.4393063583815029,0.06936416184971098,-0.34104046242774566,0.08670520231213873,-0.2543352601156069
w,0.0,0.0,0.18604651162790697,-0.046511627906976744,0.29651162790697677,-0.1744186046511628,0.22093023255813954,-0.3023255813953488,0.10465116279069768,-0.37790697674418605,0.27325581395348836,-0.4883720930232558,0.3953488372093023,-0.6511627906976745,0.46511627906976744,-0.7558139534883721,0.5290697674418605,-0.8604651162790697,0.1569767441860465,-0.5232558139534884,0.20930232558139536,-0.7441860465116279,0.22674418604651161,-0.877906976744186,0.2441860465116279,-1.0,0.03488372093023256,-0.4883720930232558,0.040697674418604654,-0.6744186046511628,0.03488372093023256,-0.7906976744186046,0.029069767441860465,-0.9011627906976745,-0.0755813953488372,-0.4011627906976744,-0.011627906976744186,-0.4418604651162791,0.05232558139534884,-0.3488372093023256,0.06976744186046512,-0.2616279069767442
x,0.0,0.0,0.22929936305732485,-0.1910828025477707,0.33121019108280253,-0.3503184713375796,0.42038216560509556,-0.4713375796178344,0.4140127388535032,-0.554140127388535,-0.006369426751592357,-0.6369426751592356,0.012738853503184714,-0.8789808917197452,0.15286624203821655,-0.9745222929936306,0.267515923566879,-1.0,-0.050955414012738856,-0.5987261146496815,0.27388535031847133,-0.732484076433121,0.33121019108280253,-0.5796178343949044,0.2802547770700637,-0.4968152866242038,-0.01910828025477707,-0.5159235668789809,0.3057324840764331,-0.6050955414012739,0.3503184713375796,-0.4713375796178344,0.27388535031847133,-0.40764331210191085,0.050955414012738856,-0.42038216560509556,0.3375796178343949,-0.4585987261146497,0.36942675159235666,-0.36942675159235666,0.29936305732484075,-0.31210191082802546
x,0.0,0.0,0.19760479041916168,-0.19760479041916168,0.2874251497005988,-0.3532934131736527,0.3712574850299401,-0.46706586826347307,0.3772455089820359,-0.562874251497006,-0.04790419161676647,-0.6167664670658682,-0.041916167664670656,-0.8383233532934131,0.0658682634730539,-0.9520958083832335,0.16766467065868262,-1.0,-0.08383233532934131,-0.5808383233532934,0.2215568862275449,-0.7245508982035929,0.2934131736526946,-0.5748502994011976,0.2634730538922156,-0.48502994011976047,-0.04790419161676647,-0.5029940119760479,0.2634730538922156,-0.6047904191616766,0.31736526946107785,-0.47305389221556887,0.25748502994011974,-0.39520958083832336,0.03592814371257485,-0.41317365269461076,0.30538922155688625,-0.47904191616766467,0.3473053892215569,-0.38323353293413176,0.2994011976047904,-0.31736526946107785
x,0.0,0.0,0.19393939393939394,-0.2,0.28484848484848485,-0.3515151515151515,0.3696969696969697,-0.4666666666666667,0.37575757575757573,-0.5575757575757576,-0.04242424242424243,-0.6242424242424243,-0.05454545454545454,-0.8545454545454545,0.06666666666666667,-0.9636363636363636,0.17575757575757575,-1.0,-0.08484848484848485,-0.5818181818181818,0.22424242424242424,-0.7272727272727273,0.296969696969697,-0.5757575757575758,0.26666666666666666,-0.48484848484848486,-0.048484848484848485,-0.503030303030303,0.26666666666666666,-0.6060606060606061,0.3212121212121212,-0.4727272727272727,0.2606060606060606,-0.3939393939393939,0.030303030303030304,-0.4121212121212121,0.296969696969697,-0.47878787878787876,0.34545454545454546,-0.38181818181818183,0.30303030303030304,-0.3151515151515151
x,0.0,0.0,0.19879518072289157,-0.18674698795180722,0.28313253012048195,-0.3433734939759036,0.37349397590361444,-0.463855421686747,0.3855421686746988,-0.5542168674698795,-0.030120481927710843,-0.6144578313253012,-0.018072289156626505,-0.8433734939759037,0.0963855421686747,-0.9518072289156626,0.1927710843373494,-1.0,-0.06626506024096386,-0.5783132530120482,0.23493975903614459,-0.7108433734939759,0.30120481927710846,-0.5662650602409639,0.26506024096385544,-0.4819277108433735,-0.03614457831325301,-0.5060240963855421,0.26506024096385544,-0.5963855421686747,0.3192771084337349,-0.46987951807228917,0.25903614457831325,-0.39156626506024095,0.04216867469879518,-0.41566265060240964,0.30120481927710846,-0.4759036144578313,0.3493975903614458,-0.3795180722891566,0.30120481927710846,-0.3132530120481928
x,0.0,0.0,0.20382165605095542,-0.17197452229299362,0.29936305732484075,-0.3375796178343949,0.4012738853503185,-0.46496815286624205,0.39490445859872614,-0.5414012738853503,-0.012738853503184714,-0.643312101910828,0.01910828025477707,-0.8789808917197452,0.16560509554140126,-0.9808917197452229,0.2802547770700637,-1.0,-0.07006369426751592,-0.5987261146496815,0.2611464968152866,-0.7133757961783439,0.3184713375796178,-0.5605095541401274,0.27388535031847133,-0.4713375796178344,-0.044585987261146494,-0.5159235668789809,0.28662420382165604,-0.5987261146496815,0.33121019108280253,-0.4585987261146497,0.2611464968152866,-0.3821656050955414,0.03184713375796178,-0.42038216560509556,0.3184713375796178,-0.4713375796178344,0.3630573248407643,-0.36942675159235666,0.3184713375796178,-0.29936305732484075
x,0.0,0.0,0.22875816993464052,-0.17647058823529413,0.3333333333333333,-0.3464052287581699,0.43137254901960786,-0.477124183006536,0.41830065359477125,-0.5555555555555556,-0.006535947712418301,-0.6535947712418301,0.058823529411764705,-0.8954248366013072,0.21568627450980393,-0.9869281045751634,0.33986928104575165,-1.0,-0.058823529411764705,-0.6078431372549019,0.28104575163398693,-0.7254901960784313,0.33986928104575165,-0.5686274509803921,0.29411764705882354,-0.48366013071895425,-0.026143790849673203,-0.5228758169934641,0.3137254901960784,-0.6078431372549019,0.35294117647058826,-0.46405228758169936,0.28104575163398693,-0.3790849673202614,0.0457516339869281,-0.42483660130718953,0.33986928104575165,-0.477124183006536,0.37254901960784315,-0.3660130718954248,0.3202614379084967,-0.3006535947712418
x,0.0,0.0,0.21568627450980393,-0.16993464052287582,0.3202614379084967,-0.3464052287581699,0.41830065359477125,-0.477124183006536,0.41830065359477125,-0.5620915032679739,-0.006535947712418301,-0.6535947712418301,0.05228758169934641,-0.9019607843137255,0.20261437908496732,-0.9934640522875817,0.32679738562091504,-1.0,-0.05228758169934641,-0.6143790849673203,0.27450980392156865,-0.7320261437908496,0.3333333333333333,-0.5751633986928104,0.2875816993464052,-0.49019607843137253,-0.026143790849673203,-0.5294117647058824,0.3137254901960784,-0.6143790849673203,0.35294117647058826,-0.47058823529411764,0.28104575163398693,-0.38562091503267976,0.05228758169934641,-0.43790849673202614,0.3464052287581699,-0.477124183006536,0.37254901960784315,-0.37254901960784315,0.32679738562091504,-0.3137254901960784
x,0.0,0.0,0.2129032258064516,-0.1870967741935484,0.3096774193548387,-0.36129032258064514,0.4064516129032258,-0.4838709677419355,0.4064516129032258,-0.567741935483871,-0.0064516129032258064,-0.6580645161290323,0.025806451612903226,-0.9032258064516129,0.17419354838709677,-0.9935483870967742,0.2967741935483871,-1.0,-0.06451612903225806,-0.6129032258064516,0.2645161290322581,-0.7354838709677419,0.3225806451612903,-0.5870967741935483,0.2838709677419355,-0.4967741935483871,-0.03225806451612903,-0.5290322580645161,0.2967741935483871,-0.6258064516129033,0.3419354838709677,-0.4838709677419355,0.2709677419354839,-0.4064516129032258,0.04516129032258064,-0.43870967741935485,0.32903225806451614,-0.49032258064516127,0.36129032258064514,-0.3870967741935484,0.3096774193548387,-0.32903225806451614
x,0.0,0.0,0.1949685534591195,-0.18867924528301888,0.2893081761006289,-0.3584905660377358,0.3836477987421384,-0.48427672955974843,0.37735849056603776,-0.5660377358490566,-0.03773584905660377,-0.6415094339622641,-0.031446540880503145,-0.8867924528301887,0.10062893081761007,-0.9811320754716981,0.22012578616352202,-1.0,-0.08176100628930817,-0.6037735849056604,0.2389937106918239,-0.7295597484276729,0.3018867924528302,-0.5849056603773585,0.2578616352201258,-0.4968553459119497,-0.050314465408805034,-0.5220125786163522,0.27672955974842767,-0.6163522012578616,0.32075471698113206,-0.4779874213836478,0.25157232704402516,-0.4088050314465409,0.031446540880503145,-0.4339622641509434,0.3081761006289308,-0.48427672955974843,0.33962264150943394,-0.389937106918239,0.2830188679245283,-0.3270440251572327
x,0.0,0.0,0.19375,-0.19375,0.2875,-0.35625,0.375,-0.48125,0.36875,-0.5625,-0.04375,-0.6375,-0.0375,-0.875,0.09375,-0.975,0.2125,-1.0,-0.0875,-0.59375,0.23125,-0.725,0.29375,-0.575,0.25,-0.49375,-0.05,-0.51875,0.26875,-0.6125,0.3125,-0.475,0.24375,-0.40625,0.025,-0.43125,0.3,-0.48125,0.3375,-0.3875,0.2875,-0.325
x,0.0,0.0,0.20125786163522014,-0.1949685534591195,0.2893081761006289,-0.3584905660377358,0.37735849056603776,-0.48427672955974843,0.37735849056603776,-0.5723270440251572,-0.050314465408805034,-0.6352201257861635,-0.05660377358490566,-0.8805031446540881,0.07547169811320754,-0.9811320754716981,0.18867924528301888,-1.0,-0.09433962264150944,-0.5974842767295597,0.22641509433962265,-0.7421383647798742,0.2893081761006289,-0.5911949685534591,0.24528301886792453,-0.5031446540880503,-0.05660377358490566,-0.5220125786163522,0.27044025157232704,-0.6163522012578616,0.31446540880503143,-0.48427672955974843,0.24528301886792453,-0.41509433962264153,0.025157232704402517,-0.4339622641509434,0.3018867924528302,-0.49056603773584906,0.3333333333333333,-0.389937106918239,0.27672955974842767,-0.3333333333333333
x,0.0,0.0,0.19875776397515527,-0.20496894409937888,0.2857142857142857,-0.37267080745341613,0.38509316770186336,-0.5031055900621118,0.37267080745341613,-0.5900621118012422,-0.043478260869565216,-0.6459627329192547,-0.062111801242236024,-0.8881987577639752,0.06832298136645963,-0.9813664596273292,0.18633540372670807,-1.0,-0.08695652173913043,-0.6086956521739131,0.2236024844720497,-0.7453416149068323,0.2857142857142857,-0.5962732919254659,0.2422360248447205,-0.515527950310559,-0.049689440993788817,-0.5341614906832298,0.2670807453416149,-0.6273291925465838,0.3105590062111801,-0.4968944099378882,0.2422360248447205,-0.42857142857142855,0.031055900621118012,-0.4472049689440994,0.2981366459627329,-0.5031055900621118,0.33540372670807456,-0.40372670807453415,0.2857142857142857,-0.34782608695652173
x,0.0,0.0,0.1949685534591195,-0.1949685534591195,0.2893081761006289,-0.36477987421383645,0.3836477987421384,-0.4968553459119497,0.37735849056603776,-0.5911949685534591,-0.050314465408805034,-0.6415094339622641,-0.06289308176100629,-0.8805031446540881,0.06289308176100629,-0.9811320754716981,0.16981132075471697,-1.0,-0.0880503144654088,-0.6037735849056604,0.22012578616352202,-0.7484276729559748,0.2830188679245283,-0.6037735849056604,0.23270440251572327,-0.5283018867924528,-0.050314465408805034,-0.5283018867924528,0.2641509433962264,-0.6352201257861635,0.3081761006289308,-0.5031446540880503,0.2389937106918239,-0.4339622641509434,0.031446540880503145,-0.44654088050314467,0.29559748427672955,-0.5031446540880503,0.3270440251572327,-0.4088050314465409,0.27044025157232704,-0.3522012578616352
x,0.0,0.0,0.18354430379746836,-0.20253164556962025,0.2721518987341772,-0.37341772151898733,0.36075949367088606,-0.5,0.3670886075949367,-0.5886075949367089,-0.06329113924050633,-0.6392405063291139,-0.0949367088607595,-0.8924050632911392,0.0379746835443038,-0.9873417721518988,0.15822784810126583,-1.0,-0.10759493670886076,-0.6012658227848101,0.2088607594936709,-0.7531645569620253,0.27848101265822783,-0.6075949367088608,0.24050632911392406,-0.5189873417721519,-0.06329113924050633,-0.5253164556962026,0.25316455696202533,-0.6392405063291139,0.3037974683544304,-0.5,0.23417721518987342,-0.4240506329113924,0.0189873417721519,-0.4430379746835443,0.2911392405063291,-0.5063291139240507,0.3291139240506329,-0.4050632911392405,0.27848101265822783,-0.34177215189873417
x,0.0,0.0,0.1949685534591195,-0.20125786163522014,0.2830188679245283,-0.37735849056603776,0.3710691823899371,-0.5157232704402516,0.3522012578616352,-0.5911949685534591,-0.07547169811320754,-0.6352201257861635,-0.1069182389937107,-0.8742138364779874,0.012578616352201259,-0.9811320754716981,0.12578616352201258,-1.0,-0.11320754716981132,-0.5974842767295597,0.1949685534591195,-0.7547169811320755,0.2641509433962264,-0.6037735849056604,0.22641509433962265,-0.5157232704402516,-0.07547169811320754,-0.5283018867924528,0.24528301886792453,-0.6226415094339622,0.2893081761006289,-0.4968553459119497,0.22641509433962265,-0.4276729559748428,0.012578616352201259,-0.44025157232704404,0.2830188679245283,-0.5094339622641509,0.31446540880503143,-0.4088050314465409,0.2578616352201258,-0.33962264150943394
x,0.0,0.0,0.18867924528301888,-0.2138364779874214,0.27672955974842767,-0.3836477987421384,0.3584905660377358,-0.5094339622641509,0.3522012578616352,-0.610062893081761,-0.0880503144654088,-0.6352201257861635,-0.14465408805031446,-0.8679245283018868,-0.031446540880503145,-0.9685534591194969,0.08176100628930817,-1.0,-0.12578616352201258,-0.5974842767295597,0.18238993710691823,-0.7672955974842768,0.2641509433962264,-0.6163522012578616,0.24528301886792453,-0.5283018867924528,-0.08176100628930817,-0.5283018867924528,0.2389937106918239,-0.6352201257861635,0.29559748427672955,-0.5031446540880503,0.2389937106918239,-0.4276729559748428,0.006289308176100629,-0.44025157232704404,0.27672955974842767,-0.5220125786163522,0.32075471698113206,-0.41509433962264153,0.27044025157232704,-0.3522012578616352
x,0.0,0.0,0.2,-0.2125,0.28125,-0.3875,0.35625,-0.51875,0.34375,-0.6125,-0.0875,-0.61875,-0.1625,-0.85625,-0.05625,-0.9625,0.04375,-1.0,-0.125,-0.5875,0.175,-0.75625,0.2625,-0.6125,0.2375,-0.525,-0.08125,-0.5125,0.23125,-0.625,0.29375,-0.5,0.2375,-0.43125,0.00625,-0.43125,0.275,-0.5,0.3125,-0.40625,0.25,-0.35
x,0.0,0.0,0.19875776397515527,-0.21739130434782608,0.2795031055900621,-0.391304347826087,0.35403726708074534,-0.515527950310559,0.33540372670807456,-0.6024844720496895,-0.08695652173913043,-0.6273291925465838,-0.16149068322981366,-0.8633540372670807,-0.055900621118012424,-0.968944099378882,0.043478260869565216,-1.0,-0.12422360248447205,-0.5900621118012422,0.17391304347826086,-0.7639751552795031,0.2484472049689441,-0.6211180124223602,0.2236024844720497,-0.5279503105590062,-0.08074534161490683,-0.515527950310559,0.22981366459627328,-0.6335403726708074,0.2919254658385093,-0.5093167701863354,0.2360248447204969,-0.43478260869565216,0.012422360248447204,-0.42857142857142855,0.2732919254658385,-0.515527950310559,0.32298136645962733,-0.422360248447205,0.2670807453416149,-0.35403726708074534
x,0.0,0.0,0.2,-0.21875,0.28125,-0.3875,0.35625,-0.51875,0.33125,-0.6,-0.09375,-0.63125,-0.175,-0.8625,-0.075,-0.96875,0.03125,-1.0,-0.13125,-0.59375,0.16875,-0.7625,0.24375,-0.61875,0.21875,-0.525,-0.08125,-0.5125,0.21875,-0.63125,0.2875,-0.50625,0.225,-0.43125,0.0125,-0.43125,0.26875,-0.5125,0.31875,-0.41875,0.2625,-0.35
x,0.0,0.0,0.18633540372670807,-0.21739130434782608,0.2670807453416149,-0.38509316770186336,0.34782608695652173,-0.5093167701863354,0.3416149068322981,-0.5962732919254659,-0.09316770186335403,-0.6273291925465838,-0.16770186335403728,-0.8571428571428571,-0.062111801242236024,-0.9627329192546584,0.037267080745341616,-1.0,-0.13043478260869565,-0.5900621118012422,0.16770186335403728,-0.7639751552795031,0.2484472049689441,-0.6149068322981367,0.2236024844720497,-0.5217391304347826,-0.08074534161490683,-0.515527950310559,0.2236024844720497,-0.639751552795031,0.2857142857142857,-0.5093167701863354,0.2236024844720497,-0.43478260869565216,0.012422360248447204,-0.42857142857142855,0.2732919254658385,-0.515527950310559,0.3167701863354037,-0.4161490683229814,0.2546583850931677,-0.35403726708074534
y,0.0,0.0,0.3333333333333333,-0.16666666666666666,0.5416666666666666,-0.5104166666666666,0.6354166666666666,-0.7708333333333334,0.7395833333333334,-0.9583333333333334,0.23958333333333334,-0.7395833333333334,0.3125,-0.8541666666666666,0.3020833333333333,-0.625,0.28125,-0.4375,0.041666666666666664,-0.7395833333333334,0.13541666666666666,-0.8333333333333334,0.14583333333333334,-0.5729166666666666,0.14583333333333334,-0.3541666666666667,-0.13541666666666666,-0.7291666666666666,-0.08333333333333333,-0.84375,0.0,-0.6041666666666666,0.0625,-0.3958333333333333,-0.3229166666666667,-0.6875,-0.4375,-0.9375,-0.375,-1.0,-0.28125,-1.0
y,0.0,0.0,0.256198347107438,-0.11570247933884298,0.4297520661157025,-0.33884297520661155,0.5289256198347108,-0.5206611570247934,0.6198347107438017,-0.6446280991735537,0.18181818181818182,-0.5619834710743802,0.2231404958677686,-0.6611570247933884,0.2066115702479339,-0.4793388429752066,0.18181818181818182,-0.3305785123966942,0.024793388429752067,-0.5619834710743802,0.08264462809917356,-0.6528925619834711,0.09090909090909091,-0.4380165289256198,0.09090909090909091,-0.2809917355371901,-0.12396694214876033,-0.5537190082644629,-0.09090909090909091,-0.6611570247933884,-0.024793388429752067,-0.47107438016528924,0.01652892561983471,-0.32231404958677684,-0.2644628099173554,-0.5289256198347108,-0.32231404958677684,-0.7355371900826446,-0.3140495867768595,-0.8677685950413223,-0.2975206611570248,-1.0
y,0.0,0.0,0.24603174603174602,-0.1111111111111111,0.42063492063492064,-0.3253968253968254,0.5238095238095238,-0.49206349206349204,0.6190476190476191,-0.6031746031746031,0.18253968253968253,-0.5396825396825397,0.23015873015873015,-0.6349206349206349,0.20634920634920634,-0.4603174603174603,0.19047619047619047,-0.31746031746031744,0.023809523809523808,-0.5396825396825397,0.0873015873015873,-0.626984126984127,0.09523809523809523,-0.42063492063492064,0.09523809523809523,-0.2698412698412698,-0.11904761904761904,-0.5396825396825397,-0.07936507936507936,-0.6428571428571429,-0.015873015873015872,-0.4603174603174603,0.023809523809523808,-0.30952380952380953,-0.25396825396825395,-0.5158730158730159,-0.30952380952380953,-0.7301587301587301,-0.31746031746031744,-0.8650793650793651,-0.31746031746031744,-1.0
y,0.0,0.0,0.25,-0.1015625,0.4296875,-0.3046875,0.53125,-0.453125,0.625,-0.5625,0.1875,-0.5234375,0.2421875,-0.6171875,0.2265625,-0.453125,0.2109375,-0.3203125,0.046875,-0.53125,0.1171875,-0.6171875,0.125,-0.4140625,0.1171875,-0.265625,-0.09375,-0.5390625,-0.046875,-0.6328125,0.015625,-0.453125,0.0546875,-0.3125,-0.2265625,-0.53125,-0.2734375,-0.75,-0.28125,-0.875,-0.28125,-1.0
y,0.0,0.0,0.2578125,-0.09375,0.4296875,-0.28125,0.546875,-0.4375,0.640625,-0.5390625,0.2109375,-0.4921875,0.2578125,-0.609375,0.234375,-0.4453125,0.203125,-0.296875,0.0703125,-0.5078125,0.125,-0.6171875,0.125,-0.4140625,0.1171875,-0.2578125,-0.0625,-0.5234375,-0.0390625,-0.6484375,0.015625,-0.46875,0.046875,-0.3125,-0.203125,-0.5234375,-0.25,-0.7421875,-0.25,-0.8671875,-0.2421875,-1.0
y,0.0,0.0,0.2558139534883721,-0.08527131782945736,0.4418604651162791,-0.26356589147286824,0.5581395348837209,-0.4186046511627907,0.6589147286821705,-0.5271317829457365,0.2248062015503876,-0.4883720930232558,0.2713178294573643,-0.5968992248062015,0.24031007751937986,-0.43410852713178294,0.20930232558139536,-0.29457364341085274,0.08527131782945736,-0.5038759689922481,0.13953488372093023,-0.6124031007751938,0.13953488372093023,-0.4108527131782946,0.12403100775193798,-0.2558139534883721,-0.05426356589147287,-0.5193798449612403,-0.023255813953488372,-0.6434108527131783,0.03875968992248062,-0.4573643410852713,0.06976744186046512,-0.3023255813953488,-0.1937984496124031,-0.5271317829457365,-0.24806201550387597,-0.7364341085271318,-0.2558139534883721,-0.8682170542635659,-0.24806201550387597,-1.0
y,0.0,0.0,0.2556390977443609,-0.07518796992481203,0.44360902255639095,-0.2556390977443609,0.5639097744360902,-0.40601503759398494,0.6842105263157895,-0.47368421052631576,0.24060150375939848,-0.47368421052631576,0.2932330827067669,-0.5864661654135338,0.2556390977443609,-0.42105263157894735,0.21804511278195488,-0.2857142857142857,0.09774436090225563,-0.48872180451127817,0.15789473684210525,-0.5789473684210527,0.15037593984962405,-0.38345864661654133,0.13533834586466165,-0.24060150375939848,-0.03759398496240601,-0.5112781954887218,0.0,-0.631578947368421,0.045112781954887216,-0.45112781954887216,0.06766917293233082,-0.3007518796992481,-0.18045112781954886,-0.5263157894736842,-0.18796992481203006,-0.7443609022556391,-0.16541353383458646,-0.8721804511278195,-0.14285714285714285,-1.0
y,0.0,0.0,0.2631578947368421,-0.07518796992481203,0.45864661654135336,-0.24812030075187969,0.5939849624060151,-0.39849624060150374,0.7293233082706767,-0.47368421052631576,0.2781954887218045,-0.47368421052631576,0.3308270676691729,-0.5864661654135338,0.2857142857142857,-0.42105263157894735,0.24060150375939848,-0.2857142857142857,0.13533834586466165,-0.49624060150375937,0.19548872180451127,-0.5864661654135338,0.18045112781954886,-0.39097744360902253,0.15789473684210525,-0.24812030075187969,-0.007518796992481203,-0.518796992481203,0.03007518796992481,-0.631578947368421,0.07518796992481203,-0.45864661654135336,0.09774436090225563,-0.3082706766917293,-0.14285714285714285,-0.5263157894736842,-0.15789473684210525,-0.7443609022556391,-0.15037593984962405,-0.8721804511278195,-0.13533834586466165,-1.0
y,0.0,0.0,0.26717557251908397,-0.04580152671755725,0.4732824427480916,-0.22137404580152673,0.6183206106870229,-0.37404580152671757,0.7557251908396947,-0.44274809160305345,0.2900763358778626,-0.45038167938931295,0.3435114503816794,-0.5725190839694656,0.29770992366412213,-0.40458015267175573,0.25190839694656486,-0.26717557251908397,0.1450381679389313,-0.48091603053435117,0.20610687022900764,-0.5801526717557252,0.19083969465648856,-0.37404580152671757,0.16030534351145037,-0.22900763358778625,0.0,-0.5038167938931297,0.04580152671755725,-0.6259541984732825,0.08396946564885496,-0.4351145038167939,0.09923664122137404,-0.2824427480916031,-0.13740458015267176,-0.5267175572519084,-0.1450381679389313,-0.7480916030534351,-0.13740458015267176,-0.8702290076335878,-0.12213740458015267,-1.0
y,0.0,0.0,0.2706766917293233,-0.06766917293233082,0.45864661654135336,-0.24060150375939848,0.6015037593984962,-0.39097744360902253,0.7293233082706767,-0.47368421052631576,0.2706766917293233,-0.45864661654135336,0.3308270676691729,-0.5789473684210527,0.2857142857142857,-0.41353383458646614,0.24060150375939848,-0.2781954887218045,0.12781954887218044,-0.48120300751879697,0.18796992481203006,-0.5789473684210527,0.18045112781954886,-0.37593984962406013,0.15037593984962405,-0.23308270676691728,-0.007518796992481203,-0.5037593984962406,0.03007518796992481,-0.6240601503759399,0.07518796992481203,-0.44360902255639095,0.09774436090225563,-0.2932330827067669,-0.15037593984962405,-0.5112781954887218,-0.18796992481203006,-0.7368421052631579,-0.18045112781954886,-0.8646616541353384,-0.16541353383458646,-1.0
y,0.0,0.0,0.26153846153846155,-0.07692307692307693,0.45384615384615384,-0.2692307692307692,0.5769230769230769,-0.4307692307692308,0.7076923076923077,-0.5230769230769231,0.24615384615384617,-0.4846153846153846,0.3,-0.6,0.2692307692307692,-0.4307692307692308,0.23076923076923078,-0.2923076923076923,0.1,-0.5,0.16153846153846155,-0.6,0.16153846153846155,-0.4,0.14615384615384616,-0.23846153846153847,-0.046153846153846156,-0.5153846153846153,-0.007692307692307693,-0.6461538461538462,0.05384615384615385,-0.46153846153846156,0.08461538461538462,-0.3076923076923077,-0.18461538461538463,-0.5153846153846153,-0.23846153846153847,-0.7307692307692307,-0.24615384615384617,-0.8615384615384616,-0.25384615384615383,-1.0
y,0.0,0.0,0.2713178294573643,-0.10077519379844961,0.4496124031007752,-0.29457364341085274,0.5736434108527132,-0.4573643410852713,0.689922480620155,-0.5503875968992248,0.24806201550387597,-0.5116279069767442,0.29457364341085274,-0.6201550387596899,0.26356589147286824,-0.4573643410852713,0.24031007751937986,-0.3178294573643411,0.09302325581395349,-0.5193798449612403,0.14728682170542637,-0.6201550387596899,0.15503875968992248,-0.4186046511627907,0.14728682170542637,-0.2713178294573643,-0.046511627906976744,-0.5271317829457365,-0.031007751937984496,-0.6666666666666666,0.046511627906976744,-0.4728682170542636,0.08527131782945736,-0.32558139534883723,-0.1937984496124031,-0.5116279069767442,-0.27906976744186046,-0.7286821705426356,-0.31007751937984496,-0.8604651162790697,-0.32558139534883723,-1.0
y,0.0,0.0,0.2578125,-0.1171875,0.421875,-0.328125,0.53125,-0.5,0.640625,-0.5859375,0.203125,-0.5390625,0.2421875,-0.6484375,0.21875,-0.4765625,0.1953125,-0.3359375,0.046875,-0.53125,0.1015625,-0.6328125,0.1171875,-0.421875,0.109375,-0.2734375,-0.09375,-0.5234375,-0.078125,-0.671875,0.0078125,-0.46875,0.0625,-0.3125,-0.2265625,-0.5078125,-0.34375,-0.7265625,-0.390625,-0.8515625,-0.421875,-1.0
y,0.0,0.0,0.275,-0.14166666666666666,0.44166666666666665,-0.36666666666666664,0.5416666666666666,-0.55,0.6416666666666667,-0.6583333333333333,0.18333333333333332,-0.5833333333333334,0.225,-0.7,0.20833333333333334,-0.5083333333333333,0.19166666666666668,-0.35,0.025,-0.5666666666666667,0.075,-0.6833333333333333,0.1,-0.45,0.10833333333333334,-0.2916666666666667,-0.13333333333333333,-0.55,-0.11666666666666667,-0.7083333333333334,-0.016666666666666666,-0.49166666666666664,0.05,-0.3333333333333333,-0.275,-0.5166666666666667,-0.4083333333333333,-0.725,-0.475,-0.85,-0.5166666666666667,-1.0
y,0.0,0.0,0.27586206896551724,-0.15517241379310345,0.4396551724137931,-0.39655172413793105,0.5431034482758621,-0.5948275862068966,0.646551724137931,-0.7155172413793104,0.1810344827586207,-0.6120689655172413,0.22413793103448276,-0.7327586206896551,0.21551724137931033,-0.5258620689655172,0.20689655172413793,-0.3620689655172414,0.008620689655172414,-0.5948275862068966,0.06896551724137931,-0.7068965517241379,0.09482758620689655,-0.47413793103448276,0.10344827586206896,-0.3017241379310345,-0.14655172413793102,-0.5689655172413793,-0.12931034482758622,-0.7327586206896551,-0.017241379310344827,-0.5172413793103449,0.0603448275862069,-0.35344827586206895,-0.29310344827586204,-0.5258620689655172,-0.43103448275862066,-0.7327586206896551,-0.5086206896551724,-0.853448275862069,-0.5603448275862069,-1.0
y,0.0,0.0,0.2767857142857143,-0.16964285714285715,0.44642857142857145,-0.44642857142857145,0.5267857142857143,-0.6517857142857143,0.6339285714285714,-0.7678571428571429,0.14285714285714285,-0.6696428571428571,0.20535714285714285,-0.7767857142857143,0.20535714285714285,-0.5625,0.19642857142857142,-0.39285714285714285,-0.03571428571428571,-0.6339285714285714,0.03571428571428571,-0.7321428571428571,0.08035714285714286,-0.48214285714285715,0.08928571428571429,-0.3125,-0.1875,-0.5892857142857143,-0.16964285714285715,-0.7410714285714286,-0.03571428571428571,-0.5178571428571429,0.05357142857142857,-0.35714285714285715,-0.33035714285714285,-0.5267857142857143,-0.49107142857142855,-0.7232142857142857,-0.5714285714285714,-0.8392857142857143,-0.6517857142857143,-1.0
y,0.0,0.0,0.2818181818181818,-0.19090909090909092,0.43636363636363634,-0.4636363636363636,0.5181818181818182,-0.6818181818181818,0.6181818181818182,-0.8090909090909091,0.12727272727272726,-0.6818181818181818,0.17272727272727273,-0.8,0.19090909090909092,-0.5909090909090909,0.19090909090909092,-0.41818181818181815,-0.045454545454545456,-0.6454545454545455,0.00909090909090909,-0.7545454545454545,0.06363636363636363,-0.5,0.08181818181818182,-0.3181818181818182,-0.20909090909090908,-0.6,-0.2,-0.7545454545454545,-0.06363636363636363,-0.5454545454545454,0.03636363636363636,-0.37272727272727274,-0.36363636363636365,-0.5363636363636364,-0.5272727272727272,-0.7363636363636363,-0.6272727272727273,-0.8545454545454545,-0.7090909090909091,-1.0
y,0.0,0.0,0.2818181818181818,-0.17272727272727273,0.43636363636363634,-0.45454545454545453,0.5272727272727272,-0.6727272727272727,0.6181818181818182,-0.8181818181818182,0.13636363636363635,-0.6636363636363637,0.18181818181818182,-0.7909090909090909,0.2,-0.5818181818181818,0.20909090909090908,-0.4090909090909091,-0.03636363636363636,-0.6363636363636364,0.02727272727272727,-0.7454545454545455,0.08181818181818182,-0.5,0.1,-0.33636363636363636,-0.2,-0.5909090909090909,-0.18181818181818182,-0.7545454545454545,-0.045454545454545456,-0.5363636363636364,0.045454545454545456,-0.37272727272727274,-0.35454545454545455,-0.5272727272727272,-0.509090909090909,-0.7272727272727273,-0.6,-0.8454545454545455,-0.6727272727272727,-1.0
y,0.0,0.0,0.2972972972972973,-0.17117117117117117,0.45045045045045046,-0.45045045045045046,0.5405405405405406,-0.6756756756756757,0.6396396396396397,-0.8108108108108109,0.16216216216216217,-0.6576576576576577,0.2072072072072072,-0.7927927927927928,0.21621621621621623,-0.5855855855855856,0.21621621621621623,-0.40540540540540543,-0.009009009009009009,-0.6306306306306306,0.04504504504504504,-0.7477477477477478,0.0990990990990991,-0.5045045045045045,0.11711711711711711,-0.32432432432432434,-0.18018018018018017,-0.5855855855855856,-0.16216216216216217,-0.7477477477477478,-0.036036036036036036,-0.5405405405405406,0.05405405405405406,-0.3783783783783784,-0.3333333333333333,-0.5315315315315315,-0.4774774774774775,-0.7387387387387387,-0.5585585585585585,-0.8558558558558559,-0.6216216216216216,-1.0
y,0.0,0.0,0.2782608695652174,-0.1565217391304348,0.4260869565217391,-0.43478260869565216,0.5130434782608696,-0.6434782608695652,0.6,-0.7739130434782608,0.1565217391304348,-0.6347826086956522,0.19130434782608696,-0.7652173913043478,0.2,-0.5652173913043478,0.2,-0.391304347826087,-0.017391304347826087,-0.6086956521739131,0.043478260869565216,-0.7217391304347827,0.08695652173913043,-0.4782608695652174,0.11304347826086956,-0.30434782608695654,-0.17391304347826086,-0.5739130434782609,-0.16521739130434782,-0.7217391304347827,-0.034782608695652174,-0.5217391304347826,0.05217391304347826,-0.3565217391304348,-0.33043478260869563,-0.5304347826086957,-0.46956521739130436,-0.7304347826086957,-0.5391304347826087,-0.8521739130434782,-0.591304347826087,-1.0
z,0.0,0.0,0.0,-0.2620689655172414,0.11724137931034483,-0.496551724137931,0.30344827586206896,-0.6137931034482759,0.4413793103448276,-0.5655172413793104,0.296551724137931,-0.4068965517241379,0.5586206896551724,-0.4827586206896552,0.47586206896551725,-0.45517241379310347,0.38620689655172413,-0.4206896551724138,0.36551724137931035,-0.2482758620689655,0.593103448275862,-0.3448275862068966,0.503448275862069,-0.32413793103448274,0.4206896551724138,-0.296551724137931,0.4206896551724138,-0.09655172413793103,0.6344827586206897,-0.20689655172413793,0.5517241379310345,-0.18620689655172415,0.45517241379310347,-0.15172413793103448,0.46206896551724136,0.034482758620689655,0.7103448275862069,0.0,0.8689655172413793,-0.027586206896551724,1.0,-0.04827586206896552
z,0.0,0.0,0.013793103448275862,-0.2620689655172414,0.1310344827586207,-0.503448275862069,0.31724137931034485,-0.6206896551724138,0.46206896551724136,-0.5724137931034483,0.27586206896551724,-0.42758620689655175,0.5517241379310345,-0.4827586206896552,0.47586206896551725,-0.43448275862068964,0.3793103448275862,-0.4,0.35172413793103446,-0.2689655172413793,0.593103448275862,-0.33793103448275863,0.503448275862069,-0.30344827586206896,0.41379310344827586,-0.27586206896551724,0.41379310344827586,-0.1103448275862069,0.6482758620689655,-0.2,0.5655172413793104,-0.1724137931034483,0.46206896551724136,-0.1310344827586207,0.46206896551724136,0.020689655172413793,0.7172413793103448,-0.006896551724137931,0.8758620689655172,-0.034482758620689655,1.0,-0.06206896551724138
z,0.0,0.0,0.020833333333333332,-0.2638888888888889,0.14583333333333334,-0.5069444444444444,0.3402777777777778,-0.6180555555555556,0.4930555555555556,-0.5763888888888888,0.2986111111111111,-0.4375,0.5833333333333334,-0.4791666666666667,0.5,-0.4375,0.4027777777777778,-0.4097222222222222,0.3611111111111111,-0.2708333333333333,0.6111111111111112,-0.3333333333333333,0.5138888888888888,-0.2986111111111111,0.4236111111111111,-0.2847222222222222,0.4097222222222222,-0.11805555555555555,0.6527777777777778,-0.19444444444444445,0.5694444444444444,-0.16666666666666666,0.4583333333333333,-0.1388888888888889,0.4583333333333333,0.020833333333333332,0.7152777777777778,0.006944444444444444,0.875,-0.006944444444444444,1.0,-0.027777777777777776
z,0.0,0.0,0.020833333333333332,-0.2638888888888889,0.14583333333333334,-0.4930555555555556,0.3402777777777778,-0.6041666666666666,0.4930555555555556,-0.5555555555555556,0.2847222222222222,-0.4166666666666667,0.5694444444444444,-0.4513888888888889,0.5,-0.4166666666666667,0.4027777777777778,-0.3958333333333333,0.3472222222222222,-0.24305555555555555,0.6111111111111112,-0.3125,0.5208333333333334,-0.2916666666666667,0.4305555555555556,-0.2708333333333333,0.3958333333333333,-0.08333333333333333,0.6527777777777778,-0.16666666666666666,0.5694444444444444,-0.1527777777777778,0.4652777777777778,-0.11805555555555555,0.4444444444444444,0.04861111111111111,0.7013888888888888,0.04861111111111111,0.8680555555555556,0.034722222222222224,1.0,0.013888888888888888
z,0.0,0.0,0.013793103448275862,-0.2620689655172414,0.13793103448275862,-0.4896551724137931,0.3310344827586207,-0.6068965517241379,0.47586206896551725,-0.5586206896551724,0.27586206896551724,-0.41379310344827586,0.5655172413793104,-0.46206896551724136,0.4896551724137931,-0.42758620689655175,0.3931034482758621,-0.4,0.3448275862068966,-0.2413793103448276,0.6,-0.32413793103448274,0.5103448275862069,-0.296551724137931,0.4206896551724138,-0.2689655172413793,0.4,-0.0896551724137931,0.6413793103448275,-0.1793103448275862,0.5586206896551724,-0.15862068965517243,0.45517241379310347,-0.12413793103448276,0.4482758620689655,0.041379310344827586,0.7103448275862069,0.027586206896551724,0.8689655172413793,0.013793103448275862,1.0,-0.006896551724137931
z,0.0,0.0,0.0,-0.25517241379310346,0.1103448275862069,-0.496551724137931,0.296551724137931,-0.6137931034482759,0.43448275862068964,-0.5793103448275863,0.2620689655172414,-0.4206896551724138,0.5448275862068965,-0.4896551724137931,0.4689655172413793,-0.4413793103448276,0.3724137931034483,-0.4,0.33793103448275863,-0.25517241379310346,0.5862068965517241,-0.3448275862068966,0.4896551724137931,-0.30344827586206896,0.3931034482758621,-0.2689655172413793,0.4,-0.09655172413793103,0.6413793103448275,-0.20689655172413793,0.5517241379310345,-0.1724137931034483,0.4482758620689655,-0.1310344827586207,0.4482758620689655,0.027586206896551724,0.7103448275862069,0.0,0.8689655172413793,-0.020689655172413793,1.0,-0.04827586206896552
z,0.0,0.0,-0.006944444444444444,-0.2569444444444444,0.09722222222222222,-0.5,0.2708333333333333,-0.6319444444444444,0.4166666666666667,-0.5833333333333334,0.2569444444444444,-0.4166666666666667,0.5208333333333334,-0.5069444444444444,0.4444444444444444,-0.4583333333333333,0.3541666666666667,-0.4236111111111111,0.3333333333333333,-0.2569444444444444,0.5625,-0.3680555555555556,0.4722222222222222,-0.3333333333333333,0.3888888888888889,-0.2986111111111111,0.3958333333333333,-0.1111111111111111,0.625,-0.22916666666666666,0.5347222222222222,-0.2013888888888889,0.4375,-0.1597222222222222,0.4513888888888889,0.013888888888888888,0.7152777777777778,-0.020833333333333332,0.875,-0.041666666666666664,1.0,-0.06944444444444445
z,0.0,0.0,-0.006944444444444444,-0.2569444444444444,0.09722222222222222,-0.5,0.2708333333333333,-0.6319444444444444,0.4097222222222222,-0.5833333333333334,0.2569444444444444,-0.4166666666666667,0.5277777777777778,-0.4930555555555556,0.4444444444444444,-0.4513888888888889,0.3472222222222222,-0.4166666666666667,0.3333333333333333,-0.25,0.5694444444444444,-0.3541666666666667,0.4722222222222222,-0.3125,0.375,-0.2847222222222222,0.3958333333333333,-0.09027777777777778,0.6319444444444444,-0.20833333333333334,0.5416666666666666,-0.18055555555555555,0.4375,-0.14583333333333334,0.4444444444444444,0.034722222222222224,0.7083333333333334,0.0,0.8680555555555556,-0.020833333333333332,1.0,-0.041666666666666664
z,0.0,0.0,0.0,-0.2676056338028169,0.11267605633802817,-0.5140845070422535,0.29577464788732394,-0.6408450704225352,0.44366197183098594,-0.5845070422535211,0.2676056338028169,-0.4154929577464789,0.5492957746478874,-0.5,0.4647887323943662,-0.47183098591549294,0.36619718309859156,-0.43661971830985913,0.34507042253521125,-0.24647887323943662,0.5915492957746479,-0.3591549295774648,0.5070422535211268,-0.3380281690140845,0.4154929577464789,-0.30985915492957744,0.4014084507042254,-0.08450704225352113,0.6338028169014085,-0.20422535211267606,0.5563380281690141,-0.19014084507042253,0.4507042253521127,-0.15492957746478872,0.4507042253521127,0.04929577464788732,0.7112676056338029,0.035211267605633804,0.8732394366197183,0.02112676056338028,1.0,0.014084507042253521
z,0.0,0.0,0.0136986301369863,-0.2534246575342466,0.14383561643835616,-0.4931506849315068,0.3424657534246575,-0.6027397260273972,0.4863013698630137,-0.541095890410959,0.2808219178082192,-0.3835616438356164,0.5753424657534246,-0.4383561643835616,0.4863013698630137,-0.4315068493150685,0.3904109589041096,-0.4041095890410959,0.3424657534246575,-0.21232876712328766,0.589041095890411,-0.3013698630136986,0.4931506849315068,-0.2945205479452055,0.4041095890410959,-0.2671232876712329,0.3904109589041096,-0.0547945205479452,0.636986301369863,-0.1506849315068493,0.5547945205479452,-0.1506849315068493,0.4383561643835616,-0.11643835616438356,0.4383561643835616,0.07534246575342465,0.7054794520547946,0.07534246575342465,0.863013698630137,0.0684931506849315,1.0,0.0684931506849315
z,0.0,0.0,0.027586206896551724,-0.2689655172413793,0.16551724137931034,-0.496551724137931,0.3793103448275862,-0.6068965517241379,0.5241379310344828,-0.5310344827586206,0.2827586206896552,-0.3793103448275862,0.5862068965517241,-0.42758620689655175,0.503448275862069,-0.41379310344827586,0.4,-0.3931034482758621,0.33793103448275863,-0.2,0.6137931034482759,-0.2896551724137931,0.5172413793103449,-0.2896551724137931,0.42758620689655175,-0.2620689655172414,0.38620689655172413,-0.04827586206896552,0.6551724137931034,-0.1310344827586207,0.5724137931034483,-0.13793103448275862,0.46206896551724136,-0.1103448275862069,0.4206896551724138,0.08275862068965517,0.6896551724137931,0.09655172413793103,0.8551724137931035,0.09655172413793103,1.0,0.10344827586206896
z,0.0,0.0,0.027972027972027972,-0.26573426573426573,0.16783216783216784,-0.4965034965034965,0.3706293706293706,-0.6013986013986014,0.5244755244755245,-0.5384615384615384,0.2867132867132867,-0.3776223776223776,0.5874125874125874,-0.43356643356643354,0.5104895104895105,-0.4195804195804196,0.4125874125874126,-0.3986013986013986,0.34965034965034963,-0.1958041958041958,0.6223776223776224,-0.2867132867132867,0.5314685314685315,-0.2867132867132867,0.4405594405594406,-0.26573426573426573,0.3916083916083916,-0.04195804195804196,0.6643356643356644,-0.13986013986013987,0.5804195804195804,-0.13986013986013987,0.4755244755244755,-0.11188811188811189,0.42657342657342656,0.09090909090909091,0.6923076923076923,0.1048951048951049,0.8601398601398601,0.1048951048951049,1.0,0.1048951048951049
z,0.0,0.0,0.027586206896551724,-0.2620689655172414,0.15862068965517243,-0.496551724137931,0.35172413793103446,-0.6137931034482759,0.503448275862069,-0.5586206896551724,0.2827586206896552,-0.3931034482758621,0.5862068965517241,-0.4413793103448276,0.5103448275862069,-0.4206896551724138,0.41379310344827586,-0.4,0.3448275862068966,-0.2206896551724138,0.6137931034482759,-0.30344827586206896,0.5241379310344828,-0.2896551724137931,0.43448275862068964,-0.2689655172413793,0.3931034482758621,-0.06206896551724138,0.6551724137931034,-0.15862068965517243,0.5724137931034483,-0.15172413793103448,0.46206896551724136,-0.11724137931034483,0.43448275862068964,0.06206896551724138,0.696551724137931,0.06206896551724138,0.8620689655172413,0.05517241379310345,1.0,0.05517241379310345
z,0.0,0.0,0.020833333333333332,-0.2569444444444444,0.14583333333333334,-0.4930555555555556,0.3333333333333333,-0.6111111111111112,0.4861111111111111,-0.5625,0.2847222222222222,-0.3819444444444444,0.5763888888888888,-0.4444444444444444,0.4930555555555556,-0.4236111111111111,0.3888888888888889,-0.3958333333333333,0.3472222222222222,-0.2152777777777778,0.6111111111111112,-0.2986111111111111,0.5138888888888888,-0.2916666666666667,0.4236111111111111,-0.2708333333333333,0.3888888888888889,-0.05555555555555555,0.6458333333333334,-0.1527777777777778,0.5625,-0.14583333333333334,0.4513888888888889,-0.11805555555555555,0.4305555555555556,0.06944444444444445,0.6944444444444444,0.0763888888888889,0.8611111111111112,0.06944444444444445,1.0,0.06944444444444445
z,0.0,0.0,0.027777777777777776,-0.2638888888888889,0.16666666666666666,-0.5,0.3611111111111111,-0.6111111111111112,0.5138888888888888,-0.5486111111111112,0.2847222222222222,-0.3888888888888889,0.5833333333333334,-0.4375,0.5069444444444444,-0.4166666666666667,0.4097222222222222,-0.3958333333333333,0.3472222222222222,-0.20833333333333334,0.625,-0.2916666666666667,0.5277777777777778,-0.2847222222222222,0.4375,-0.2638888888888889,0.3888888888888889,-0.05555555555555555,0.6597222222222222,-0.1388888888888889,0.5763888888888888,-0.1388888888888889,0.4652777777777778,-0.1111111111111111,0.4236111111111111,0.0763888888888889,0.6875,0.09027777777777778,0.8611111111111112,0.09027777777777778,1.0,0.09027777777777778
z,0.0,0.0,0.03496503496503497,-0.26573426573426573,0.17482517482517482,-0.48951048951048953,0.3776223776223776,-0.5944055944055944,0.5314685314685315,-0.5384615384615384,0.3006993006993007,-0.38461538461538464,0.6013986013986014,-0.42657342657342656,0.5174825174825175,-0.4125874125874126,0.4195804195804196,-0.3916083916083916,0.35664335664335667,-0.20279720279720279,0.6363636363636364,-0.27972027972027974,0.5384615384615384,-0.27972027972027974,0.44755244755244755,-0.25874125874125875,0.3916083916083916,-0.04195804195804196,0.6643356643356644,-0.1258741258741259,0.5874125874125874,-0.13286713286713286,0.4755244755244755,-0.1048951048951049,0.42657342657342656,0.09090909090909091,0.6993006993006993,0.1048951048951049,0.8671328671328671,0.1048951048951049,1.0,0.11188811188811189
z,0.0,0.0,0.035211267605633804,-0.2676056338028169,0.18309859154929578,-0.5,0.3873239436619718,-0.6056338028169014,0.5352112676056338,-0.5422535211267606,0.3028169014084507,-0.3873239436619718,0.5985915492957746,-0.4295774647887324,0.5211267605633803,-0.4225352112676056,0.4225352112676056,-0.4014084507042254,0.3591549295774648,-0.20422535211267606,0.6408450704225352,-0.28169014084507044,0.5563380281690141,-0.2887323943661972,0.4647887323943662,-0.2746478873239437,0.39436619718309857,-0.04225352112676056,0.6690140845070423,-0.13380281690140844,0.5915492957746479,-0.13380281690140844,0.4859154929577465,-0.1056338028169014,0.4295774647887324,0.09154929577464789,0.6971830985915493,0.11267605633802817,0.8591549295774648,0.11267605633802817,1.0,0.11971830985915492
z,0.0,0.0,0.034722222222222224,-0.2708333333333333,0.18055555555555555,-0.5,0.3888888888888889,-0.5902777777777778,0.5416666666666666,-0.5347222222222222,0.2916666666666667,-0.3819444444444444,0.5972222222222222,-0.4166666666666667,0.5208333333333334,-0.4027777777777778,0.4236111111111111,-0.3819444444444444,0.3472222222222222,-0.2013888888888889,0.625,-0.2777777777777778,0.5347222222222222,-0.2708333333333333,0.4444444444444444,-0.25,0.3888888888888889,-0.041666666666666664,0.6597222222222222,-0.125,0.5763888888888888,-0.125,0.4652777777777778,-0.10416666666666667,0.4236111111111111,0.08333333333333333,0.6944444444444444,0.1111111111111111,0.8611111111111112,0.11805555555555555,1.0,0.125
z,0.0,0.0,0.034722222222222224,-0.2708333333333333,0.18055555555555555,-0.5,0.3819444444444444,-0.6041666666666666,0.5486111111111112,-0.5555555555555556,0.2986111111111111,-0.3958333333333333,0.6041666666666666,-0.4305555555555556,0.5416666666666666,-0.4097222222222222,0.4375,-0.3888888888888889,0.3541666666666667,-0.2222222222222222,0.6388888888888888,-0.2847222222222222,0.5555555555555556,-0.2777777777777778,0.4583333333333333,-0.2569444444444444,0.3888888888888889,-0.05555555555555555,0.6666666666666666,-0.13194444444444445,0.5902777777777778,-0.13194444444444445,0.4861111111111111,-0.1111111111111111,0.4236111111111111,0.0763888888888889,0.6875,0.09722222222222222,0.8611111111111112,0.09722222222222222,1.0,0.10416666666666667
z,0.0,0.0,0.041379310344827586,-0.2689655172413793,0.18620689655172415,-0.496551724137931,0.38620689655172413,-0.6137931034482759,0.5586206896551724,-0.6068965517241379,0.3103448275862069,-0.4,0.6068965517241379,-0.43448275862068964,0.5241379310344828,-0.4068965517241379,0.4206896551724138,-0.3793103448275862,0.3586206896551724,-0.2206896551724138,0.6344827586206897,-0.2827586206896552,0.5379310344827586,-0.2689655172413793,0.4413793103448276,-0.2482758620689655,0.4,-0.06206896551724138,0.6482758620689655,-0.1310344827586207,0.5655172413793104,-0.11724137931034483,0.45517241379310347,-0.08275862068965517,0.43448275862068964,0.07586206896551724,0.7034482758620689,0.0896551724137931,0.8689655172413793,0.0896551724137931,1.0,0.09655172413793103
